DOM_SIZE,TTI,FREQ
294,3549,1472472
70,2424,933879
293,3626,722317
336,3090,721232
67,2779,658300
180,1931,621595
22,3386,565989
323,3677,532346
270,2676,505130
200,7579,491439
68,2809,486122
20,2742,480070
181,4648,458178
356,3285,442986
432,4178,432088
123,2774,427969
337,3296,415033
71,3269,401001
188,3485,398243
1025,5624,375133
416,8301,372286
69,3059,370493
201,6922,369550
1021,5467,365526
177,3998,360898
1027,5033,358714
313,7976,355875
419,6280,336073
21,2092,330295
176,3323,329342
10,3718,329053
1022,5305,327631
311,8316,321390
264,1917,313692
625,3686,306839
407,8006,305793
186,9177,304364
415,8682,300838
267,3478,299823
34,2194,299651
474,3362,299145
308,7585,294412
1200,6036,292197
414,8757,291452
417,8143,290222
66,3120,289214
195,3985,288644
199,8286.5,287208
1026,5342,284893
1017,6393,281331
1199,6124,279459
271,3071,278866
412,8716,278801
411,8422,278564
413,8813,277934
1020,5306,274981
1023,5109,274191
671,5822,269456
318,8369,262378
291,3971,262200
1028,5150,257859
406,8549,257481
422,8033,257343
312,9791,257129
410,8458,256393
405,8152,252799
1018,4872,252709
408,8377,251813
315,9026,250705
324,5028,250463
310,9637,249827
643,5084,248584
644,4979,247634
187,6266,247485
1019,5243,246169
418,8283,245919
409,8321,245591
263,2742,244055
1201,6256,243806
306,8375,243139
1183,5231,242641
305,8623,240588
1198,6395,240285
645,4707,238514
196,5365,236511
189,3834,235085
197,5734,233112
1174,5712,232746
211,7580,232049
1197,6310,231209
1195,6195,230389
319,8760,230316
600,4167,230164
902,3993,229925
1192,6108,229735
1182,5343,228961
1191,6150,228844
178,7996,228669
1190,5989,228667
314,9744,228258
295,5874,227760
1034,5353,227251
579,5538,227093
281,5531,226467
1193,6119,226227
1203,6363,225876
1196,6239,225843
179,5770,225569
442,4428,225406
184,5048,225209
1194,6232,225048
88,2777,224808
642,5416,224744
202,6835,223982
1024,5256,223689
640,5379,223653
316,9245,223468
309,9413,223300
292,4865,221664
198,6799,220096
421,8431,218737
1175,5602,218482
1774,5796,218344
420,8492,218127
1189,6060,218106
641,5426,217904
1202,6401,217454
1204,6353,217419
578,6279,217268
646,4742,217043
1846,7954,215876
404,8312,214028
1205,6334,213696
2706,3970,213331
317,9318,213259
580,5234,212885
1188,5913,211373
423,8300,211351
216,6197,210435
1292,5460,210315
1181,5525,210060
577,6484,210021
1206,6293,209513
28,1258,209316
467,4464,208543
845,4870,207409
203,5864,207389
185,7822,206845
1039,5275,206839
875,4799,206799
613,7982,206790
661,4529,206733
401,7881,206661
1173,5495,206348
320,9333,206239
307,8796,205982
468,4114,205768
1187,6037,204917
2709,5111,204898
1016,4687,204874
1568,5905,204768
1490,4662,204550
431,6836,204408
403,7816,204214
1186,6015,203172
848,5862,201784
2272,5259,201759
1029,5108,201604
1465,7233,201157
709,3514,200565
1184,5845,200483
1467,6915,200313
880,4955,199987
887,4989,199960
1293,5197,199780
433,6355,199335
1185,5851,199166
1300,5298,198219
1012,5103,197782
89,3344,197616
889,5010,197396
106,2280,197340
1004,4817,197168
693,5694,196828
1207,6470,196489
849,5660,196354
1466,6807,196145
1180,5541,195853
692,5632,195710
470,5124,195701
24,2161,195600
898,4611,195442
2271,5152,194776
424,7826,193933
632,4163,193888
1176,5703,193887
1015,4766,193856
901,4938,193774
847,5812,193239
599,4151,193215
1208,6542,192858
1502,5095,192581
1030,5185,192395
954,5356,191871
956,5383,191764
471,5132.5,191462
843,5355,191247
1504,5197,191212
1225,5375,191019
304,8683,191004
888,5134,190960
1301,5538,190943
851,5465,190807
1418,6142,190507
1224,5231,190309
1566,6436,190084
1006,5008,189973
473,4668,189889
1456,6119,189867
1008,5101,189829
77,2862,189824
883,4997,189662
1501,5121,189640
890,5087,189532
957,5406,188959
955,5350,188946
707,3623,188914
873,4825,188774
647,4739.5,188672
1426,6115,188646
402,7817,188471
999,5193,188361
1422,6728,188288
852,5863,188168
1491,4985,188071
476,3884,187774
1014,4731,187772
1003,4915,187154
1013,4843,187136
581,4934,187052
1076,5648,186914
155,2591,186805
1007,5076,186280
2273,5383,186252
1156,5450,186225
2699,5472,186071
891,5041,185949
1425,6365,185845
850,5455,185843
1459,6503,185798
1232,5205,185794
897,5048,185715
878,4877.5,185534
1429,6148,185402
1495,5176,185116
1035,5516,185112
1040,6173,185056
1419,6704,184805
1209,6437,184777
1424,6340,184746
1499,5276,184630
885,4966,184394
1077,5618,184362
1433,6278,184223
1158,5920,184182
1177,5737,184137
6882,9328,184108
639,5450,184061
182,6065,184042
1503,5135,183995
844,5793,183931
303,8387,183849
1299,5339,183775
493,7793,183563
974,4890,183326
1505,5186,183202
1432,6261,183201
1178,5770,183173
1428,6183.5,183074
1000,5088,183025
648,4669,182720
1167,5755,182682
1609,5068,182563
1421,6914,182334
1179,5777,182211
1697,8275,182161
1473,5442,182147
998,4967,182087
881,4942,182063
1448,7018,182035
900,4883,181922
899,4804,181877
960,5717,181834
996,5363,181694
816,4236,181563
1033,5359,181533
886,5194,181394
958,5421,181366
1170,5841,181305
1291,5203,181201
846,5810,181142
876,4783,181060
949,5501,180716
1001,4937,180663
1475,5561,180538
2277,5200,180381
904,4866,180318
1423,6704,180206
882,5010,179966
1468,6234,179947
1036,5401,179924
472,5188,179897
894,5042,179785
665,4786,179741
877,4801,179528
1464,6309,179365
1172,6070,179102
951,5261,179005
576,5932,178984
1002,5070,178675
1210,6488,178618
965,5556,178612
1556,5482,178460
1420,6530,178433
905,5071,178233
1460,6387,178114
65,2809,178060
1458,6371,177986
1354,4455,177821
434,5526,177705
1471,5764,177689
2508,2467,177677
638,5355,177601
1168,5778,177580
204,6577,177545
587,5764,177378
1259,6055,177237
959,5571,177206
1009,5036,177161
1411,6263,177037
1457,6252,177011
950,5316,176722
1037,5376,176701
879,4892,176662
948,5394,176412
1500,5439,176313
853,5849,176209
1436,6175,176202
649,4975,176110
1462,6488,176060
425,7691,175955
494,7632,175754
1302,5556,175721
895,4897,175683
979,5252,175613
1223,5391,175439
997,5150,175436
1222,5510,175396
1777,5566,175368
1484,5514,175252
1461,6361,175136
964,5573,175135
1469,5966,175027
1211,6361,174881
1171,5901,174864
1031,5383,174851
1430,6363,174844
1046,5306.5,174598
1233,5205,174581
961,5635,174542
953,5243,174538
277,4907,174501
1431,6432,174459
1010,5127,174415
913,4625,174374
1154,5799.5,174364
911,4836,174303
1434,6379,174140
819,4310,174113
1635,5855,174103
1038,5394,174008
1011,4996,174000
1427,6316,173757
903,4919,173743
1386,5812,173692
1498,5476,173685
1161,5779,173659
1297,5393,173656
1470,5933,173647
1472,5643,173639
1304,5540,173214
817,4513,173209
1366,5447,173169
1032,5525,172998
1149,5663,172921
1296,5585,172917
1005,4969,172842
1374,6080,172516
963,5612,172496
906,5099,172356
995,5218,172250
952,5292,172210
664,4661,172202
1295,5288,172187
1639,6031,172173
1306,5586,171987
1608,5348,171730
884,5082,171673
586,5558,171670
1496,5461,171557
1169,5840,171417
1477,5689,171382
1492,5189,171321
968,5383,171309
1435,6405,171272
892,5081,171207
893,5109,171144
1474,5575,171087
966,5603,171085
1287,5849,171084
1577,5971,170964
1151,5804,170868
967,5523,170604
1494,5252,170557
2278,5549,170293
1637,6070,170180
1212,6218,170107
1617,6021,170022
1506,5235,169873
1497,5473,169775
1483,5647,169745
1136,5604,169741
1486,5415,169740
426,6621,169552
994,5198,169515
962,5677,169466
1636,5943,169410
1153,5827,169342
896,5148,169334
1412,6004,169333
1220,5649,169286
1315,5992,169181
1463,6138,169056
1056,5843,169038
1441,6084,169019
1298,5436,169008
842,5476,168971
321,9528,168953
1162,5876,168912
1437,6207,168867
947,5273,168808
1417,6267.5,168796
1133,5716,168656
1145,5572,168565
914,4921,168449
662,4734,168323
1214,6213,168292
1476,5845,168273
1290,5543,168273
1415,6554.5,168158
970,5499,168151
588,5619.5,168104
1294,5455.5,167906
1607,5331,167861
977,5237,167774
815,4511,167744
1478,5693,167738
1640,6096,167536
1303,5600,167427
1440,6158,167371
1493,5349,167335
916,5124,167317
1260,5689,167285
1155,5805,167228
1143,5543,167063
430,7258,167040
868,4603,166864
1226,5610,166790
989,5246.5,166742
653,5018,166643
821,4338,166531
1072,5118,166471
1485,5535,166438
1160,5849,166419
1519,5558,166362
1368,5271,166343
971,5434,166300
874,4733,166275
1455,6025,166260
1438,6316,166205
988,5155,166193
1219,5611,166063
969,5553,166030
1134,5732,166023
464,5168,166008
429,7308.5,165956
553,5143.5,165942
1569,6165,165884
907,5043,165854
1044,5910,165819
1150,5896,165468
1164,5970,165319
1382,6052,165301
946,5039,165244
1372,5927,165139
1047,5546,165063
1305,5602,165015
1479,5670,165014
1365,5157,164962
332,4893,164927
1488,5619,164886
1135,5769,164852
326,6436,164795
1480,5658,164714
1408,5754,164598
1719,6071,164594
1641,6033,164448
1487,5535,164433
908,5149,164409
1638,6086,164369
1778,5731,164306
1137,5769,164255
1741,5533,164249
1450,6017,164153
1230,5282,164145
1048,5498,164115
854,5222,164067
1166,5786,164054
1376,4897,164024
1078,5608,163963
1325,5712,163951
1216,5991,163940
1355,4761,163896
980,5311,163831
841,5172,163825
469,5228,163741
1407,6023,163692
1694,8629.5,163678
302,7932.5,163674
871,4884,163644
212,7733,163637
1634,5903,163633
1454,6112,163512
869,4880,163428
2274,5326,163318
1482,5727,163166
663,4554,163142
441,7010,163076
992,5168,162793
978,5324,162791
1157,5866,162787
1554,5850,162771
80,3029,162761
725,6565,162722
1144,5623,162645
1074,5490,162600
915,5041,162576
1362,5507,162556
1152,5776,162511
1452,6102,162485
1159,5844,162407
1075,5432,162290
1413,5788,162193
1341,5791,162174
1069,4923,162142
1308,5684,162090
855,5138,162061
650,5260,161993
909,5226,161955
973,5249,161888
1128,5954,161795
917,4960,161768
1285,5582,161595
1605,5231.5,161528
1552,5459,161499
1481,5683,161490
637,5546,161487
1451,6010,161435
708,4159,161397
322,8716,161371
1213,6233,161359
1130,5921,161314
870,4937,161214
1507,5281,161205
990,5140,161135
1489,5478,161121
1520,5607,161058
1286,5479,161004
1606,5275,160946
163,960,160863
1632,5959,160856
1132,5724,160816
1644,6086,160750
1217,5953,160730
944,5098,160710
1082,5470,160707
1633,5930,160705
1045,5474,160658
1575,5904,160570
631,4368,160540
975,5237,160517
1574,5868,160486
660,4674,160452
1446,5993,160402
1642,6123,160320
651,4841,160317
1416,6284,160315
1740,5521,160258
1615,5384,160140
1165,5831,160112
427,6903,160057
1279,5455,159945
1041,5837,159932
1138,5705,159917
1442,6086,159877
1688,6072,159838
1105,5564,159825
585,5688,159814
1439,6319,159812
1163,5933,159696
1414,6087,159691
993,5131,159657
1231,5418,159645
912,5075,159643
1444,6424,159642
1612,5349,159626
1140,5616,159566
976,5253,159561
1228,5396,159536
630,4432,159522
945,5072,159511
1227,5697,159470
1610,5394,159429
1319,5811,159395
183,4993,159373
1621,5717,159364
1643,6049,159333
1387,5447.5,159272
1361,5672,159234
463,5975,159200
1221,5583,159111
987,5097,159090
1696,7287,159054
1645,6211,159033
1215,6164.5,159032
991,5227.5,159028
1125,5690,159008
1316,5930,159003
1234,5498,158938
1147,5766,158885
582,4835,158745
1410,5664,158679
1129,5877,158667
1307,5731,158603
981,5347,158598
982,5127,158493
1453,5985,158458
1367,5300,158439
943,5177,158213
1364,5184,158182
1328,5878,158139
1622,5851,158057
972,5378,158018
1611,5505,157976
1509,5468,157958
1508,5370,157948
1625,5960,157895
1447,6059,157858
1139,5676,157856
1445,6291,157845
1218,5807,157844
1516,5491,157824
1630,5897,157786
1613,5520.5,157748
1626,5698,157744
1409,5810,157689
1043,5830,157425
1629,5810,157385
1327,5790,157375
1549,5487,157362
2270,5123,157339
1126,5863,157299
1623,5792,157280
330,4057,157234
2279,5503,157092
1313,5820,157048
1627,5819,157003
1406,5297,156729
1127,5947,156728
1324,5857,156721
1049,5523,156709
1146,5728,156687
1317,5802,156626
1847,6871,156462
1378,5786,156458
1518,5608,156316
1066,5427,156279
1624,5772,156147
654,4668,156143
857,4767,156116
1628,5858,156105
1370,5644,156094
1148,5818,156052
1106,5543.5,156042
1614,5522,155947
451,6675,155922
76,2943,155770
1443,6171,155623
633,4857,155578
1288,5559,155558
1599,5340,155552
1526,5625,155530
450,6559,155518
867,4758,155380
1524,5667,155331
872,4735,155305
2268,5302,155267
1276,5550,155263
1375,5526,155252
984,5118,155241
1080,5690,155154
918,5118,155131
215,6214,155093
191,5387,154972
1631,5851,154960
1604,5405,154951
910,5076,154926
1553,5505,154917
1084,5591,154907
1618,5629,154901
1131,5785,154877
1742,5482,154866
1616,5550,154769
1548,5358,154752
829,4476,154655
1578,5667,154648
1646,6117,154640
1584,5769,154630
2276,5379,154522
1314,5768,154519
1576,5904,154502
1585,5653,154481
1142,5804,154463
1369,5407,154368
1326,5818,154361
983,5201,154309
1083,5404,154306
839,5257,154274
1592,5527,154249
1360,5452,154220
1699,7467,154219
1686,6104,154164
1619,5643,154158
1583,5620,154037
2275,5462,153898
1338,5427,153879
1309,5814.5,153866
1567,5978,153736
1449,5892,153678
866,4771,153631
1521,5681,153597
1087,5610,153590
1310,5783,153458
1620,5703,153386
1581,5755,153310
706,4173,153222
1323,5949,153058
1050,5668,153044
1358,5664,152988
1124,5812,152936
1320,5942,152819
1383,5694,152765
1591,5545,152717
1329,5955,152433
1312,5773,152428
840,5393,152428
1235,5337,152398
1582,5660,152349
1331,5648,152326
399,6897,152287
694,4915,152260
1311,5697,152224
1289,5714,152113
924,5135,152089
837,4924,152007
1258,5434,151970
1104,5680,151954
1058,5642,151922
1580,5793,151891
1728,5606,151854
1141,5825,151812
1555,5562,151704
836,4855.5,151652
1525,5642,151646
1820,5677,151636
1589,5448,151593
659,4710,151477
1523,5578,151458
589,5186,151446
1071,5599,151386
1388,5345,151375
1042,5711,151350
925,5164,151213
1283,5487,151190
1371,5571,151022
985,5153,150992
1330,5809,150938
1070,5594,150933
584,5425,150893
1648,6063,150858
1363,5331,150778
1573,5914,150748
1579,5752,150655
1534,5552,150485
1052,5770,150454
1543,5673,150400
1522,5600,150357
1405,5611,150313
1603,5394,150295
449,6198.5,150294
1647,6082,150294
1781,5840,150278
1073,5874,150135
986,5237,150124
1229,5570,150030
1065,5623,149989
942,5127,149962
1109,5920,149961
1550,5524,149951
1256,5392,149864
1284,5624,149841
1093,5735,149608
398,7220,149499
205,6221,149438
1558,5501,149407
1602,5533,149282
858,5029,149260
1240,5474,149252
1557,5464,149144
1089,5490,149117
1600,5481,149101
856,5009,149090
768,5333,149031
428,7087,149021
1379,5592,148922
1108,5656,148922
1051,5775,148922
865,4624,148875
1096,5670,148874
1593,5517,148863
1551,5433,148735
919,5127,148724
558,4710,148705
1590,5625.5,148696
1333,5706,148640
1322,5937,148611
1281,5520,148515
461,6896,148499
208,7256,148472
1280,5508.5,148442
1542,5576,148377
939,5228,148338
1081,5730,148305
462,6808,148216
479,4979,148210
583,4969,148122
657,4880,148100
1528,5737,148045
1532,5682,148015
1337,5452,148004
1356,5099,147965
1086,5662.5,147960
1068,5577,147907
784,4734,147903
465,5098,147897
110,2250,147864
1321,5971,147738
1538,5749,147698
113,2450,147659
1656,5983,147640
1318,5830,147585
559,4586,147578
1601,5529,147561
1100,5303,147553
1529,5715,147532
1067,5613.5,147528
1053,5771,147492
936,5175,147492
1394,5594,147420
207,6237,147398
2964,3800,147353
1079,5855,147323
1350,4928,147311
838,4953.5,147288
1533,5767,147277
1057,5669,147211
940,5152,147173
219,5271,147133
767,5510,147110
1255,5400,147077
763,5276,147036
1594,5717,147033
634,4847,146962
1570,5618,146931
1110,5877,146894
209,6881,146792
1650,6084,146761
1097,5431,146734
1588,5540,146715
1111,5841,146699
772,5264,146657
1562,5746,146647
1668,5926,146636
1546,5405,146614
666,4896,146608
477,4915,146597
1597,5512,146554
1586,5670,146538
1547,5532,146511
1404,5640.5,146496
1695,7456,146494
1107,5726,146390
1282,5476,146384
1654,6054,146362
1054,5894,146360
1359,5395,146320
1510,5452,146302
934,5174,146227
1544,5577,146175
1932,6493,146172
1254,5398,146158
926,5144,146115
1563,5512,146111
1657,6037,146036
1515,5504,146023
1099,5293,146023
1055,5856,145898
1598,5567,145862
1112,5854,145857
400,7146,145770
1564,5772,145769
1536,5645,145766
1571,5734,145750
1545,5566,145744
1587,5639,145687
705,4630,145667
1395,5516,145666
1946,5156,145653
1114,5716,145637
938,5041,145609
1088,5722,145584
1595,5491,145519
1384,5396,145394
1347,5375,145367
1651,6167,145341
1596,5530,145323
1655,6080,145290
1649,6127,145202
864,4742,145197
1239,5415,145184
452,7121,145066
23,2831,145030
194,4387,145004
1381,5673,144985
1262,5525,144978
818,4563,144970
1717,6000,144916
1527,5671,144891
1257,5549,144882
1095,5712,144837
860,5011,144802
941,5140,144672
1535,5628,144639
1339,5633,144635
922,5101,144586
1561,5633,144564
443,6704,144556
1541,5520,144519
475,4808,144441
1103,5726,144394
1767,5385,144390
1380,5655,144389
786,4672,144376
1572,5881,144367
1118,5892,144344
797,4829,144242
921,5223,144193
1512,5496,144146
1278,5518,143944
1540,5568,143925
820,4511,143856
1357,5388,143833
1530,5710,143823
1531,5769,143769
440,7035,143735
1123,5887,143684
1261,5615,143658
1539,5536,143603
480,5678,143528
1060,5625,143497
1101,5577,143489
2280,5592,143449
636,5731,143427
1085,5615,143423
448,5877,143410
932,5074,143395
1537,5539,143325
1237,5487,143279
1098,5338,143184
1385,5315,143103
933,5082,143102
1063,5507,142954
828,4497,142951
1517,5604,142936
1684,5850,142895
1658,6058,142881
1268,5455,142769
1332,5597,142599
1403,5757,142569
1277,5700,142540
1272,5490,142477
325,7600,142477
1351,5120,142473
1559,5544,142471
928,5142,142432
1275,5599,142368
217,6309,142331
496,5331,142317
833,4783,142200
691,5210,142159
1942,5636,142136
1693,7160,142008
920,5131,142000
1119,5853,141926
1659,6180,141912
927,5137,141901
779,4584,141769
1113,5829,141734
1775,5922,141691
859,4924,141639
1241,5554,141559
1116,5855,141519
931,5167,141462
1340,5561,141453
15,2097,141434
1373,5663,141424
1270,5534,141402
1511,5487,141347
795,5023,141258
575,5370,141247
1122,5793,141222
466,5285,141129
453,6633,141083
1263,5515,141083
1242,5398,141078
1236,5488,140975
929,5185,140964
1059,5689,140926
1238,5503.5,140814
863,4714,140702
1689,5949,140656
1565,5712,140652
1390,5571,140651
930,5181,140621
1652,6146,140598
1685,6066,140509
861,4917,140491
63,3386,140411
1102,5623,140396
923,5188,140382
1094,5602,140343
1514,5467,140288
1396,5495,140076
1391,5480,140070
175,3958.5,140052
1930,6131,139965
1120,5773,139920
1117,5839,139876
1115,5892,139748
1692,7261.5,139728
1091,5586,139594
1064,5617,139585
1398,5538,139516
635,4967,139475
1264,5546,139457
773,4884,139425
1653,6153,139414
1560,5618,139349
1687,6104,139309
1939,5437,139301
460,6812,139301
1090,5762,139238
814,4645,139180
780,4690,139113
1061,5709,139062
616,4669,139052
1729,5823,139035
1121,5830,139009
1661,6026,139007
1348,5347,138955
1352,5181,138949
1271,5543,138932
652,4742,138860
1745,5525,138832
935,5207,138733
1244,5501,138721
213,8907,138655
335,4815,138633
1389,5308,138596
937,5181,138551
1718,5930,138524
1342,5326,138523
831,4806,138455
1400,5531,138454
495,6111,138353
785,4895,138334
1269,5639,138261
1848,6079,138220
1393,5411,138092
834,4794,138081
1273,5627,138075
1377,5472,138017
594,4512,137997
1513,5568,137968
809,4919,137966
1265,5489,137723
328,6952,137593
544,5415,137463
1092,5611,137192
658,4805,137185
769,5081,137131
656,4915,137099
2267,5292,137092
717,5414,137024
788,4889,136779
1249,5589,136731
1246,5340,136722
1874,5128,136669
478,5227,136651
1683,5780.5,136634
832,5073,136507
822,4676,136485
1062,5712.5,136472
1253,5610,136423
813,4628,136416
2269,5397,136354
810,4547,136335
794,4769,136333
290,4225,136321
1660,6105,136260
2281,5600,136150
690,4879,136147
798,4937,136126
95,3508.5,136018
1252,5517,135962
627,4326,135925
1336,5474,135908
775,4623,135763
1691,6115.5,135712
1743,5537,135682
1720,6257,135626
830,4900.5,135618
444,6061,135612
1392,5425,135516
1251,5611,135471
777,4561,135283
2696,4364,135279
679,4586,135236
1274,5643,135139
447,5676,135106
723,5993,135075
812,4640,135008
531,4258,134999
835,4888,134984
778,4516,134896
796,4853,134871
698,4629,134830
716,5483,134758
1716,6486,134723
1904,6391,134577
1402,5630,134439
1353,5347,134411
1956,5642,134301
1243,5533,134257
1346,5480,134232
733,5127,134223
1334,5672,134221
1245,5395,134211
676,5076,134136
1722,6090,134129
1725,6063,134098
1345,5421,134070
761,5139,134064
1771,6060,134045
787,4786,134016
783,4721,133994
680,4837,133873
695,4745,133864
722,6072,133863
791,4772,133704
1739,5536,133604
718,5524,133463
1845,5785,133457
1267,5656,133427
1731,5821,133392
1938,5485,133314
756,5126,133300
193,4869,133281
1724,6250,133278
1397,5468,133237
862,4909,133209
1335,5482,133163
1399,5572,133156
1698,5748,133099
1247,5547,133015
686,5051,132996
1818,6163,132956
1266,5575,132952
438,6202,132840
1664,6034,132793
1816,6084,132645
782,4629,132624
7,608,132572
454,6372,132535
439,6768,132522
668,4608,132508
345,4142,132456
689,5063,132455
1690,5991,132305
1248,5746,132141
1343,5390,132028
1867,5509,132020
550,5067,132005
697,4702,132003
395,5440,131965
1933,6025,131908
1665,6080,131865
681,5163,131857
1723,6274,131811
590,5078,131761
1931,6236,131722
1746,5688,131698
1859,7069,131681
1748,5731,131661
397,6536,131644
1934,6035,131481
1776,6036,131423
601,4677,131373
2282,5539,131321
766,5152,131313
1401,5532,131292
1669,6067,131213
626,4483,131208
435,6207,131043
1749,5864,131010
792,4833,131000
669,5049,130997
560,4752,130974
1817,6117,130936
1662,5976,130881
1349,5389,130875
1826,6280,130744
1834,5796,130647
1344,5397,130623
789,4810,130588
804,4630,130575
593,4587,130572
2049,6128,130521
712,5326,130512
542,4875,130382
711,4933.5,130314
206,5981,130308
699,4709,130266
79,3395,130222
615,5417,130084
1857,6818,130079
1770,6057,130036
655,4920.5,129970
629,4513,129847
1738,5700,129748
446,5736,129708
64,3460,129699
1250,5686,129696
543,5123,129656
781,4694,129650
1744,5804,129577
799,4808,129557
808,4688,129525
827,4886,129520
1721,6322,129415
1667,6248,129305
1919,5350,129256
696,4679,129169
715,5734,129155
728,6026,129149
1870,5449,129147
741,5220,129042
805,4649,128993
811,4619,128625
793,4775,128618
684,5252,128569
1943,5529,128442
1663,5974,128403
774,4679,128241
301,7922,128217
459,6532,128174
730,5634,128112
800,4788,128004
771,5124,127997
724,6101,127967
1768,5971,127876
1766,5920,127859
331,5080,127836
762,5210,127835
1811,6588,127778
685,4995,127483
628,4364,127346
714,5593,127338
776,4685,127332
482,5341,127135
1714,5928,127003
806,4832,126953
677,5081,126931
1858,6867.5,126920
719,5636,126813
602,4753,126805
682,5319,126796
2284,5863,126774
1681,6078,126764
675,4765,126738
329,6536,126697
1702,5849,126521
1773,5968,126486
1782,6019,126450
721,5884,126450
481,5826,126429
687,5122,126421
673,4688,126379
300,7282,126348
683,5161,126303
1670,6063,126292
1902,6051,126203
1819,6139,126167
327,7774,126057
790,4772,126019
760,4853,126017
492,5302,125996
2283,5686,125996
801,4768,125911
1769,6073,125891
621,4375,125823
1810,6075,125766
483,5254,125705
458,6156,125693
757,4923,125615
823,4737,125613
1679,6087,125581
552,5163,125552
1872,5434,125448
1756,5821,125313
726,5849,125296
713,5378,125200
1764,5777.5,125172
1673,6108,125071
2058,5500,125052
1899,5497,125048
688,5124,125045
1737,5999,124969
729,5747,124915
218,5579,124887
1821,6420,124865
214,8532,124855
764,5170,124826
1849,6099,124797
770,5003,124769
529,3924,124732
1945,5730,124730
803,4723,124723
1843,6521,124658
606,4827,124657
1924,6323,124576
1715,6068,124510
1852,5920,124479
1754,5855,124470
333,5391,124388
1666,6183,124352
457,5740,124347
1772,6061,124278
825,4603,124224
445,5988,124215
1727,5836,124198
557,4599,124145
739,5495,124113
732,5604,124055
1730,5668,124024
1941,5770,123951
702,4553,123940
1929,5863,123928
436,6052,123908
1856,6577,123898
297,5333,123866
619,5129,123858
667,4861,123854
826,4555,123853
1923,6167,123843
456,5853,123812
591,4699,123727
759,4723,123718
455,6006,123646
1851,5917,123637
727,5940,123631
710,5020,123522
1747,5817,123511
1765,5872,123488
1903,5843,123487
1780,6083,123461
1726,6014,123428
750,4704,123422
617,5020,123406
1779,6040,123397
566,4560,123175
1944,5671,123043
574,5145,123004
1855,6512,122997
1713,6081,122961
807,4679,122883
1854,6243,122708
765,5042,122679
740,5507,122615
592,4701,122612
1920,5569,122595
755,5060,122577
1798,6168,122567
556,4579.5,122562
703,4711,122515
227,4104,122500
1812,5992,122475
610,4939,122459
720,5823,122453
1922,5958,122436
737,5313,122423
1671,6088,122412
1940,5765,122353
2285,5841,122333
1900,5241,122318
1827,6150,122304
338,4704,122270
570,4764,122244
1682,6222,122239
1672,6183,122195
561,4822,122187
1677,5735,122098
704,4772,122086
437,6074,122055
1948,5829,122051
802,4786,121995
1732,5858,121940
1830,6094,121789
1949,5898,121786
1951,5710,121702
486,5499,121611
1825,5987,121543
1675,5774,121513
595,4670,121466
754,4856,121426
623,4435,121394
731,5841,121117
1853,6069,121078
1850,5968,121067
1674,5974,121002
612,4967,120967
1794,5873,120920
1736,6159,120895
611,5062,120861
1907,5391,120801
670,4721,120771
614,5180,120729
1935,5853,120688
1908,5393,120638
1802,6163,120635
2266,5543,120610
1815,6212,120575
1901,5817,120575
1980,6656,120546
700,4723,120501
1676,5979,120491
491,5025,120476
147,3068,120453
1921,5625,120380
1925,5923,120041
572,5125,120033
1797,5875,120033
549,5089,120004
2222,5700.5,119978
1873,5685,119971
1800,5846,119953
1680,6030,119933
1763,5729,119901
753,4837,119852
1806,6432,119676
2896,4159,119627
1909,5504,119621
1866,5689.5,119610
1751,5890,119590
1871,5589,119492
672,4808,119492
1876,6057,119489
1875,5731,119409
1840,6012,119405
1844,6052,119400
1788,6054,119366
1761,5896,119353
562,4868,119328
488,6142,119251
1906,5491,119239
2046,6424,119167
758,4861,119059
609,4972,119055
1829,6062,119045
674,4700,119009
1928,5795,118978
269,5385,118845
1793,5949,118839
1860,6614.5,118830
1947,5697,118751
565,4294,118719
1755,5876,118659
533,4726,118620
573,5076,118613
1910,5459,118577
1808,6066,118562
738,5615,118479
824,4833,118363
1842,6032,118334
752,4786,118231
396,6331,118209
1790,5828,118172
2718,4400,118071
1918,5543,117979
111,1968,117976
1841,6148,117969
1914,5511,117939
485,5443,117937
1753,5815,117890
569,4883,117873
273,5063,117812
624,4896,117786
1710,5837,117692
608,4911.5,117598
1801,6158,117570
1823,6195,117563
1926,5793,117497
2860,4087,117368
746,5104,117360
1831,6139,117349
1734,5968,117344
1809,6242,117303
1813,6321,117243
1785,6134,117242
1955,5988,117241
1783,6044,117204
1796,6117,117175
298,6431,117154
1822,6258,117112
1905,5549,117076
26,1746,117072
1805,6118,117069
1784,6236,117067
1711,6119,117011
1896,5711.5,117002
607,4956,116910
751,4938,116865
1927,5799.5,116860
1814,6266,116774
603,4836,116765
604,4929,116639
1917,5663,116530
678,4925,116528
1759,5998,116492
2960,4006,116486
1950,5917,116437
1678,6094,116431
1828,6168,116365
1881,5430,116182
1836,6161,116063
1804,6157,116058
571,4943,116004
554,5096,115857
551,4974,115835
1897,5521,115812
555,4701,115769
1787,5986,115743
734,5481,115693
1885,5478,115684
1937,5826,115606
73,2217,115606
2265,5821,115590
1803,6109,115509
1839,6032,115426
121,2037,115408
1701,5959,115342
1757,5949,115303
1807,6166,115170
1750,5919,115124
701,4777,115124
622,4865,115071
605,5157,115028
1789,6068.5,115014
1824,6201,114843
268,4051,114779
1758,6079,114701
1892,5483,114670
489,5735,114637
1868,5769,114631
618,5180,114559
1752,6078,114540
1735,5989,114501
1913,5637,114475
1832,6220,114446
1786,6084,114383
1898,5563,114254
1915,5674,114245
1916,5700,114179
598,4763,113961
1762,5894,113931
747,5074,113834
1912,5606,113806
1936,5787,113764
1886,5583,113688
1703,6070,113551
1791,6023,113352
1733,5982,113347
548,5320,113172
1795,6068,113042
1884,5611,113025
1792,6240,112994
1882,5597,112976
743,5147,112967
1833,6131,112939
1838,6038.5,112924
278,4900,112916
742,5141,112903
620,4954,112902
509,4312,112789
484,5359,112765
1712,6077,112759
745,5077,112724
528,4184,112646
563,4974,112605
1760,6091,112320
1911,5662.5,112284
2396,5673,112203
1883,5587,112009
1879,5695,112002
2286,5924,111972
262,3974,111971
744,5103,111968
226,4568,111940
1894,5660,111902
1709,6026,111818
259,2669,111792
1893,5635,111676
2057,6393,111665
2047,7021,111507
350,4429,111500
1835,6135,111392
735,5593,111366
1837,6153.5,111302
1877,5993,111284
1799,6122,111280
107,1843,111280
29,2389,111228
736,5602,111115
487,5628,111056
1887,5583,111047
190,3929,110900
225,4719,110854
1890,5542,110821
1878,5917,110817
153,3226,110685
1952,5878,110659
527,4192,110642
1869,5768,110637
1895,5680,110567
1862,5869,110400
1705,6119,110293
1708,6037,110236
490,5282,110218
1975,6023,110199
2287,6029,110195
1863,5811,110181
2048,6783,110157
541,5178,110152
31,3024,110119
1700,6022,110053
33,2588,109987
1964,5834,109906
1889,5586,109825
19,4247,109792
2053,6190,109750
210,8777,109667
1888,5649,109527
1707,6003,109497
1880,5849,109461
296,5581,109273
748,5047.5,109250
568,4863,109207
499,5299,109175
1864,5800.5,109130
1968,5799,109085
547,5268,108981
299,7507,108915
1706,5929,108824
530,4503,108548
1966,5875,108534
1865,5884,108518
1957,6022.5,108316
1979,6673,108298
346,4006,108195
1891,5643,107982
532,4536,107847
749,5121,107590
2050,6482.5,107438
2263,6001,107375
1953,6027,107111
597,4778,107009
498,5637,106948
1704,6052,106929
1969,6004,106743
2288,6066.5,106648
1954,6094.5,106496
1861,6146,106490
497,5449,106389
2701,5623,106199
2223,5959,106169
1963,5906,106144
2028,7191,106127
334,5864,106111
564,4957,105947
545,5012,105934
2339,5754,105879
250,3515,105835
2056,6751,105794
567,4715,105772
596,4701,105682
1974,5904,105543
1977,6165,105362
2264,5828,105294
539,4674,105201
251,4147,105196
1965,5924,105187
2221,5680,105149
1970,6014,105037
142,4036,104808
1958,6155,104683
546,5161.5,104680
393,4827,104657
540,5109,104604
1971,5950,104554
2743,4364,104361
340,5175,104351
1991,5705,104063
1962,5862,103859
1976,6071,103769
1961,5885,103701
1972,6147,103260
129,3067,103257
1959,6045,103109
1973,6118,102989
276,5704,102881
279,5300,102838
2713,5083,102783
2224,6037,102674
1967,5925,102654
2702,5383,102487
339,5283,102466
228,3742,102216
2016,5776,102189
17,1992,101872
508,4609,101722
1992,5900,101650
220,5346,101563
1981,6428,101488
537,4749,101387
2029,6963,101300
272,3836,100814
1960,5904,100780
280,5358,100498
534,4689,100474
2052,6235,100453
2009,6507,100435
511,4601,100397
2045,6664,100220
1990,5918,100196
2289,6092,100099
2051,6536,99921
500,5146,99828
2703,5687,99811
2290,6121,99811
3164,2699,99713
1978,6039,99281
62,2881,98906
167,3825,98825
1982,5926,98818
1984,5797,98775
274,4986,98721
2262,6101,98420
2700,5228,98399
523,4561,98323
513,4570,98287
283,4898,98202
538,4891.5,98194
3167,2832,97931
2044,6314,97818
524,4312.5,97790
2055,6445,97739
2010,6625,97620
260,3869,97614
2102,6908,97175
1986,5994,97084
2013,6378,97080
1993,6067,97024
2698,5271.5,96846
2017,6161.5,96748
2001,6289,96723
2159,6729.5,96718
1995,6078,96690
122,2444,96386
535,4880,96273
501,5299,96272
394,5748,96241
502,5493,96214
2007,6372,96203
2710,5463,96119
1983,6015,96067
48,1829,95983
2008,6353,95939
1987,6003,95862
282,4984,95809
2019,6651,95765
2225,6143,95709
2398,6013,95628
285,5278,95365
2054,6304,95335
2261,6009.5,95070
2670,5244,94803
2012,6319,94768
2707,5466,94702
2260,5855,94540
2018,6526,94413
2011,6167,94372
1988,6048,94329
2027,6566,94188
2043,6326,94185
2020,6263,94117
512,4402,94099
3161,3254,93915
2005,6290,93882
536,4672,93734
522,4303,93722
2338,5909,93382
1985,6099,93339
2002,6416,93148
525,4617,92960
2340,5951,92899
1997,6258,92863
2708,5643,92847
1996,6321,92845
221,5675,92774
357,4075,92607
2040,6375,92575
2211,5991,92569
74,2365,92552
165,2398,92527
45,3345,92381
2061,6031,92304
1989,6157,92238
2690,4917,92146
2014,6180.5,92120
526,4446,92120
1994,6215,91966
2202,6277,91945
2026,6205,91838
2344,6275,91837
510,4548,91809
2294,6559,91791
2000,6284,91711
2209,6267.5,91510
503,5335,91503
1999,6308,91406
2160,6049,91354
2293,6495,91334
2357,5943,91193
2004,6344,91153
2956,3349,91149
2210,6416,91095
2161,6174,91087
1998,6203,91020
2042,6637,90639
2006,6418,90590
2101,6892,90421
2343,6158,90285
505,5068,90209
2573,6128,90198
2015,6195,90183
2203,6110,90092
2574,6201,90053
2205,6160,90049
2576,6218,90028
521,4394,89956
2715,6044,89819
2397,5842,89708
2291,6179,89657
130,1972,89563
2572,6319,89529
2368,6109,89417
2065,6057,89369
504,5193,89351
2041,6449.5,89326
2335,6193,89260
171,4729,89229
2341,6157.5,89186
2149,5860.5,89160
261,4364,89083
2059,6221,89010
2201,6337,88990
2322,6205,88933
348,4773,88906
2021,6291,88890
2347,6321,88881
2345,6243,88810
2195,6333,88807
2039,6602,88730
520,4428,88718
2003,6366,88716
3163,3091,88443
2238,5959,88342
2336,6165,88216
2023,6506,88214
2337,6045,88210
2218,6092,88128
2568,6049,88069
2206,6207,88051
2348,6156,87934
2349,6314,87905
2103,6236,87789
2520,4301,87764
75,2499,87755
2240,6170,87689
2220,6024,87499
2510,4229,87456
2196,6296,87412
2030,6278,87278
3162,3488,87270
507,4874,87183
2038,6452,87101
2194,6433,87048
2738,5053,86936
2207,6254,86857
514,4617,86795
2158,7136,86785
2342,6186,86754
387,4947,86749
342,5590,86735
381,5317,86724
35,2742,86681
2241,6355,86611
2025,6399,86568
289,5301,86547
2292,6001,86517
172,3775,86481
2033,6143,86420
2957,3460,86414
506,5121,86398
2575,6416,86367
287,4260,86342
2705,5703,86338
2024,6177,86219
2076,6150,86171
2204,6223,85962
2208,6039,85937
370,3927,85837
2226,6090,85796
2198,6243,85782
2577,6310,85681
2197,6245,85624
2068,6138,85531
275,4958,85496
2399,6145,85451
2217,6162,85410
192,4142,85389
2346,6274.5,85388
2212,6297,85337
2200,6187,85248
2031,6113,84914
2304,6002,84862
2437,6121,84841
2570,6408,84797
2099,6587,84769
2243,6216,84760
2032,6144,84739
2258,6124,84648
2213,6167,84646
2359,6127,84499
347,4721,84424
386,5489,84421
2022,6286,84403
2579,6555,84376
2239,6285,84369
2035,6128,84141
2571,6423,83926
2184,6441,83916
3160,3492,83908
2334,6218,83805
2356,6183,83802
2332,6526,83799
2242,6540,83679
2333,6190,83637
2295,6357,83601
2423,6025,83572
2358,5965,83489
2075,5906,83406
2216,6226,83403
2062,6101,83397
2214,6158,83390
2176,5928,83375
2363,6109,83352
2219,6107,83327
2034,6243,83264
344,5339,83253
2321,6336,83234
2296,6616,83179
2323,6478,83146
2563,6173,83048
2257,6258,82964
2231,6235,82815
2227,6208,82815
2060,6122,82761
2069,6180,82713
2230,6253,82539
2037,6311,82478
2371,5961,82271
2245,6229,82127
2193,6399,82116
515,4706,82037
2362,6068,81961
2360,6145,81942
516,4896,81925
2712,5546,81882
359,4478,81864
519,4710.5,81820
3165,3154,81745
2436,6126,81730
2303,6078.5,81602
2695,5460,81557
2305,6067,81517
2233,6208,81468
2036,6300,81462
2185,6442,81403
388,5333,81334
222,5786,81250
2232,6236,81237
518,4889,81215
341,5309,81167
2567,6410,81163
2519,5589,81151
343,5597,81117
353,4081,81101
230,3463,81036
2354,6260,80909
2369,6369,80864
2072,6089,80853
2073,6160,80799
2435,6065,80777
2228,6166,80751
2372,5975,80668
2566,6392,80653
2259,6240,80647
2319,6087,80629
2317,6380,80585
2254,6310,80513
2569,6464,80489
2355,6177,80456
154,3037,80275
2562,6136,80240
2564,6254.5,80234
2162,5998.5,80202
223,5221,80197
2229,6115,80169
2078,6029,80142
2244,6211,80119
2100,6230,80103
2412,6052,80088
2366,5890,80052
392,5410,79945
3157,2843,79912
3166,3474,79908
2350,6271,79803
2361,6063.5,79754
2302,6154,79688
2077,5987,79665
2156,6865,79615
2256,6431,79599
517,4627.5,79592
2309,6230,79526
2411,5995,79492
2431,6314.5,79472
2070,6163,79471
2255,6335,79419
2063,6161,79407
2237,6245,79397
2187,6265.5,79378
2071,6162.5,79372
2353,6382,79317
2199,6207,79303
2351,6152.5,79216
2157,6527,79175
2067,6236,79169
2424,6326,79107
2308,6240,79061
2299,6499,79019
2253,6274,78914
2565,6340,78885
2300,6341,78873
2318,6264.5,78754
2306,6194,78654
174,3737,78644
371,5039,78628
2401,6062,78564
2074,6244,78540
2518,5524,78524
2098,6620,78522
2246,6226,78516
352,4685,78447
2320,6382,78444
284,4868,78419
2183,6484,78417
44,2601,78404
2235,6282,78379
2310,6324,78362
2426,6100,78350
2234,6133,78344
2400,6128,78338
2066,6235.5,78316
2301,6281,78294
2215,6250,78277
2247,6319,78175
2316,6401,78133
93,4762,78015
2177,6456,77990
2352,6308,77849
2079,5931,77745
358,4113,77731
2307,6119,77695
2438,6137,77614
2082,6053,77547
2298,6333,77465
2189,6157,77462
2409,6009,77456
2172,6541,77401
2440,6199,77393
120,3149,77337
2716,5736,77335
5754,4670,77321
2104,6047.5,77292
2248,6299,77268
78,2726,77248
2561,6256,77199
2191,6293,77181
30,2677,77130
2408,6061,77101
385,5508,77096
2313,6380,77090
2186,6338,77081
2578,6667,77074
2414,6195,76993
2430,6252,76985
2439,6202,76975
2669,5694,76963
2367,5995,76953
2188,6287,76915
25,2290,76894
349,4681,76885
2155,6905,76884
252,3286,76853
2413,6131,76821
2314,6321,76813
2236,6356,76751
2182,6314,76731
2394,5865,76692
3014,4328,76652
2129,5859,76643
351,4548,76630
2364,6111,76601
2402,6124,76527
2425,6058,76497
2410,6030,76431
390,5441,76426
170,5542,76424
2392,5973,76347
2370,6025,76347
2407,6134,76321
2442,6100,76265
2432,6257,76257
2252,6390.5,76224
380,4928,76147
2163,6067,76097
2080,6062,75986
2441,6203,75971
2192,6228,75969
2373,6096,75964
2190,6223.5,75964
2330,6221,75893
2324,6300,75811
2393,6181,75603
2580,6639,75601
2676,5697,75569
2251,6339,75483
2416,6416.5,75478
2311,6294,75455
2064,6232.5,75430
2249,6299,75386
2415,6237,75351
232,4156,75275
2085,6049,75254
2083,6128,75208
2418,6173,75158
2417,6197,75131
2704,5845,75103
2433,6174,75094
2297,6391,75091
2081,5981,75011
373,5009,74971
2406,5956,74946
2365,6073,74918
2150,5794,74907
2443,6114,74907
2127,6191,74870
2404,6120,74858
2859,4421,74774
2315,6377,74741
2153,6272,74723
2434,6202,74680
2106,5976,74593
2132,6150,74578
2126,6189,74507
2312,6478,74480
2551,5625,74453
2466,6258,74406
2331,6192,74374
2181,6515,74357
2429,6143,74329
2419,6334,74314
2105,6014,74303
2329,6130,74276
2250,6324,74221
2391,6175,74213
2420,6188,74136
391,5437,74118
98,1994,74068
2457,6325,74031
389,5231,73935
2389,6201.5,73900
2444,6173,73722
2395,6163,73689
2454,6420.5,73634
2107,6157,73631
229,4451,73547
2326,6197,73544
3158,3560,73537
379,5141,73528
249,3668,73481
2130,6173,73473
2180,6230,73450
2084,6189,73424
2325,6225,73420
2131,6217,73409
2327,6167,73382
2164,6071,73377
2108,5963,73351
2175,6417,73277
2376,6300,73264
376,5601,73245
2711,6169,73239
2128,6092,73190
2697,5883,73170
2550,5725,73128
2479,6838,73075
2421,6198,73025
2506,6116,72963
2125,6228,72939
146,3536,72928
360,4331,72868
2139,6267,72867
2448,6284.5,72856
2378,5970,72703
94,3869.5,72694
2134,6249,72684
2138,6292,72635
2451,6211,72608
2403,6067,72606
2458,6416,72546
224,5343,72513
2675,5773,72447
2090,6270,72395
2123,6192,72386
2445,6300,72362
2119,6238,72312
2328,6164,72261
2554,6188,72230
2405,6156,72225
2092,6093.5,72184
2097,5955,72179
383,5501,72133
2094,6148,72041
2456,6392,71999
168,3827,71977
2174,6424,71958
2091,6258,71942
2179,6509,71893
2178,6407,71864
2388,6325,71848
2154,6291,71813
2379,6279,71784
2446,6301,71758
2120,6170,71755
372,4890,71729
2169,6262,71677
384,5745,71642
2671,5942,71593
2455,6318,71568
2118,6433,71546
2109,6093,71539
361,4618,71504
151,2787.5,71470
2427,6240,71463
2459,6429,71436
173,3757,71366
2467,6337,71306
2089,6304,71256
2693,6023,71201
2422,6243,71196
2096,6163,71177
2133,6138,71160
2140,6351,71157
2166,6263,71079
2117,6249,71073
2428,6254,71066
2087,6145,71061
2088,6316,71043
2173,6426,70933
2941,3584,70910
2143,6399,70877
2124,6247,70876
2116,6301,70848
2122,6280,70847
125,2728,70826
2093,6148,70818
2582,6707,70790
2581,6795,70748
2375,6319,70727
253,2912,70699
2135,6347,70677
2461,6490,70672
2556,6391,70655
2555,6306,70610
2144,6495,70572
2382,6160,70556
2141,6341,70552
2464,6338,70520
2449,6373,70515
2387,6196.5,70410
378,5200.5,70388
2447,6384,70380
2095,6180,70368
2673,6039,70357
161,2626,70346
2452,6303,70327
119,3049.5,70306
2086,6148,70302
2465,6470,70297
266,4217,70284
2559,6539,70191
2121,6235,70125
245,3627,70041
2463,6368,70034
248,3716,69926
2558,6410,69854
355,4415,69813
2453,6441,69801
2152,6345,69746
2171,6327,69741
2583,6920,69727
2390,6207,69704
2168,6198,69603
2377,6215,69585
2142,6470,69571
2647,6516,69507
2450,6337,69451
2111,6258,69422
2110,6209,69415
2714,6190,69376
150,2782,69331
2462,6423,69272
2678,5991,69254
2689,5529,69254
2137,6367,69253
2848,4547,69237
2170,6262,69203
2898,4821,69196
38,2021,69157
369,5065.5,69126
2560,6434,69123
366,4602,69052
2151,6331,69051
143,3685,69023
2115,6243.5,68988
2460,6430,68944
166,2670,68816
2480,6848,68758
2148,6257,68715
2112,6227,68644
258,3304.5,68632
2478,6812,68631
2383,6199,68623
2374,6234,68605
2165,6260,68562
2380,6274,68559
90,3734,68498
2717,6137,68498
2167,6269,68383
377,5193,68255
138,3798,68177
363,4649,68121
2386,6371,68102
2679,5933,68065
2136,6260,68061
2677,5907,68035
2468,6544,67979
2694,5889,67926
2862,4693,67821
2385,6279,67786
2114,6297,67753
12,1624,67719
2384,6285,67631
2552,5995,67595
2942,3991,67541
2145,6481,67248
2381,6328,67153
3903,5051,67113
2682,5948,67066
2586,7127,66948
2146,6393,66917
2849,4538,66817
2557,6483,66816
2584,6853,66790
3789,5445,66768
2666,6268,66692
2667,6195,66593
2113,6202,66528
39,2715,66490
2863,4751,66322
2481,6801,66256
2507,6607.5,66238
2846,4820,66196
2590,7165.5,66148
18,1130.5,66144
2470,6541,66144
3908,5032,66095
2147,6275,65982
2894,5976,65937
2587,7205,65906
241,3994,65906
61,3058,65872
5600,4352,65852
362,4768,65815
2661,6422,65715
2672,6156,65620
368,5385,65483
375,5017,65360
2683,5887,65356
2674,6143.5,65314
2476,6606,65245
2591,7194,65221
2588,7071,65219
2469,6577.5,65032
2549,6303,65031
2847,4618,65016
2845,4997,64969
382,5553,64946
2592,6856,64890
2473,6778,64871
2585,6985,64864
6903,10875.5,64864
2850,4596,64687
265,4667,64561
5752,5239,64517
2472,6666,64503
2589,7211.5,64500
27,2261,64458
2477,6726,64447
2843,5216,64437
2895,7040,64382
354,4310,64309
2474,6882,64177
2492,6270,64048
2680,6195,64045
2668,6179,63933
2719,6335,63829
2475,6829.5,63704
72,2588,63604
2691,5986,63453
2851,4819,63394
115,2420.5,63368
2985,3820,63358
2593,6932,63249
365,5477,63068
2594,6801,63025
2471,6646,62981
2529,6215,62962
5591,4549.5,62862
5603,4656.5,62798
2517,6239,62776
5609,4674,62760
367,5445,62758
2509,6605.5,62704
2665,6208,62514
92,2724,62499
159,2870,62392
288,4984,62389
2681,6227,62372
2534,6164,62367
169,4334,62365
374,5099.5,62106
2553,6432,62095
2660,6259,61952
2530,6316,61584
2844,5161,61531
3168,3790,61501
2901,4666,61489
2482,6883,61187
5594,4487,61130
2861,4990,61081
5601,4622,61004
2537,6492,60967
2740,6284,60821
5606,5027,60805
286,5338,60782
164,3807,60613
240,4194,60608
2533,6030,60602
2720,6410,60562
2607,6905,60542
2595,6807,60453
2893,5824,60431
2692,5987,60386
5595,4978,60377
234,3818,60335
2505,6464,60182
2531,6314,60064
2596,6702.5,60024
2493,6653,59988
364,5441,59973
157,3085,59953
5588,4413,59924
2650,6593,59854
2684,6072.5,59752
128,2052,59714
2858,4848,59706
238,4328,59685
2609,6815,59623
2736,6316,59554
2610,7066,59524
32,2127,59491
43,2244,59468
145,2448.5,59436
2737,6277,59430
2688,6169,59345
2536,6529,59338
2648,6623,59294
2663,6378,59265
3067,4597,59252
2852,5048,59213
2611,6811,59200
2597,6791,59182
2538,6577,59122
233,3961,59107
2600,6771,59045
137,3904,59021
2762,6005,59005
2664,6337,58896
2528,6409,58776
2501,6545,58733
2535,6619.5,58712
2601,6914,58649
140,3868,58648
2599,6774,58542
2606,6964,58517
2629,7491,58516
5598,4587,58475
2598,6784,58465
2605,6858,58334
2658,6603,58288
2627,7081,58274
2657,6580,58250
2976,3956,58187
2842,5579,58143
3018,4869,58125
2608,6913,58109
99,2146,58101
2494,6683,58067
5604,5146,58050
2749,6332,58021
2502,6632,58012
5607,5128,57941
3010,4787,57913
2604,6977,57893
236,3989,57885
2521,6281,57863
2735,6251,57855
2613,7081,57806
2621,7269,57806
2603,6839,57776
2484,6467,57776
2628,7020,57705
2540,6477,57601
2602,6854,57590
2654,6465,57574
2532,6480,57553
3556,4268,57529
239,4409,57522
2546,6543,57520
2630,7295.5,57512
257,3363,57510
5610,5190,57495
2642,6887,57460
2739,6389,57451
124,2230,57451
2485,6700,57441
5592,4762,57396
2511,6194,57335
2622,6958,57258
2728,6606,57236
3386,12649,57178
2841,5806,57139
2662,6478,57125
2503,6572,57064
3009,5115,57013
2853,5011,56964
136,3652,56935
5585,4396,56914
5005,9295,56904
2618,7084.5,56902
2625,7114.5,56852
141,5027,56813
2745,6664,56797
2499,6577.5,56784
2483,6742,56755
2515,6499,56689
2526,6419,56681
2721,6582,56624
2525,6425,56621
2548,6527,56619
5597,4698,56570
246,3707.5,56532
2513,6411,56527
2722,6541,56524
2631,7191,56493
2635,6944,56479
2724,6646,56439
2489,6489,56438
2488,6691,56417
2626,7097,56403
2659,6446,56388
2547,6569,56386
2516,6396,56352
2527,6670,56324
2486,6656,56318
2649,6657,56307
2725,6573,56303
5615,5092,56273
2504,6420,56214
2638,7060.5,56184
2685,6105,56182
244,3848,56155
3159,4301,56147
2839,6013,56136
5699,5215,56134
2734,6483,56104
3529,5572,56090
3578,4996,56077
2655,6441.5,55982
2636,6991,55971
2645,6697,55959
254,3133,55939
2514,6540.5,55916
2512,6320,55903
2495,6721,55893
2840,5829,55823
5602,5229,55797
2616,7150,55759
5608,5470,55748
2759,6012,55727
2522,6364,55722
2651,6484,55721
2644,6640,55685
2624,6993,55647
2500,6644,55598
2633,7211,55589
2899,4917,55567
2487,6653,55531
2632,7186,55494
3156,4002,55491
2637,7077,55475
2731,6512,55439
2758,6294,55426
2615,7054,55409
2612,7015,55376
2617,7060,55353
2539,6710,55308
243,4027,55295
237,4341,55287
2490,6536,55285
2958,4461,55276
2889,5826,55240
2652,6556.5,55198
2623,7089,55188
2730,6711,55184
2763,5852,55134
2727,6610.5,55108
2742,6852,55094
2788,7055,55060
247,4391,55026
2541,6733,55021
2496,6726,55013
2857,5154,55004
5612,5492,54990
2687,6352,54947
2686,6382,54940
3063,4625,54919
2620,7000,54900
2640,6996,54837
2619,6979.5,54798
2733,6501,54773
2726,6666.5,54772
2741,6790,54733
2614,7124,54724
3521,5090,54723
6883,12694.5,54708
5593,5058,54707
2643,6891,54668
139,4362,54653
2744,6811,54641
2639,6970,54572
2523,6445.5,54546
2497,6763,54538
2542,6685,54393
2748,6867,54364
2656,6578.5,54304
2729,6659,54302
2491,6617,54290
2723,6684,54261
100,2311,54257
2750,6923,54233
2524,6513.5,54154
3540,5048,54152
2634,7199,54126
2746,7129,54091
3066,4354.5,54074
5701,4751,54034
2545,6656,54022
2732,6594,54020
256,3366,53955
3342,10580.5,53938
2959,4659,53928
2943,5076,53921
5694,4830,53916
135,3123,53894
231,4327,53889
2855,5271,53866
2641,6980,53860
3013,5294,53737
2646,6757,53598
5587,4688.5,53572
5586,4576,53396
131,2942.5,53350
5599,5181,53333
2977,5347,53299
2747,7024,53258
2752,6549,53243
5605,5664,53195
2984,4481,53167
2543,6690,53119
3523,5090,53106
2761,6430,53085
2544,6692,53061
126,2341,52889
2653,6597,52870
3545,5100,52839
2498,6720,52778
2865,5303,52741
5613,5558,52689
3387,13147,52677
2854,5254,52600
242,3944,52596
3904,4000,52566
235,4398,52563
3507,5115,52437
3536,5110.5,52214
2988,5031,52082
3528,5468,51996
2856,5266,51980
2891,6279,51971
3522,5125,51942
3912,4882.5,51840
2890,6018,51835
3057,5338.5,51638
3580,4715,51508
3065,4869,51424
3501,5586,51407
3913,5529,51391
57,2537,51349
152,3494,51317
2963,4748,51280
5611,5869,51054
86,3704,50829
2753,6645,50826
2838,6082,50761
2897,5439,50753
3068,5635,50662
2902,5432,50641
5590,5208,50547
2751,6909.5,50526
2986,4836,50516
5589,4830,50443
116,2710,50386
60,3070,50373
3069,4880,50329
2969,5570,50273
2754,6553,50223
3015,5264,50136
2866,5598,50092
3909,4507,50044
2987,4815,50001
5692,5552,49969
3155,4736,49880
162,4746,49830
149,2889,49801
2760,6652,49768
3579,5070,49726
3062,4623,49713
160,3935,49710
5596,5258,49683
3035,4757,49634
2757,6701,49569
5614,5765,49556
3509,5123,49513
2973,5289,49448
3554,4825,49423
112,2328,49380
5580,4676,49370
5618,5604,49248
5621,5334,49178
3054,5759,49054
2776,7180.5,48870
3016,5157,48846
5583,4678,48841
3073,4686.5,48838
3916,4478,48663
5576,4577,48595
2978,5571,48561
3907,4743,48540
5582,4645,48533
3077,4334,48526
2982,5052.5,48398
3542,4938,48367
5616,5755,48285
5577,4658,48209
3518,5218,48206
3504,5179,48206
2966,5374,48127
2962,5284,48107
96,2869,48096
3011,5307,48082
3353,5391,47941
2767,6405,47887
2765,6512,47881
3064,4982,47857
2755,6588,47742
2756,6617,47728
5579,4792.5,47724
3865,4933,47700
3534,5081,47653
127,2425.5,47626
2892,6660,47539
2768,6236,47484
156,3520,47383
2764,6551,47366
3570,4807,47256
50,1673,47220
2864,5771,47220
2948,5130,47120
3071,5047,47119
2867,5899,47033
3948,4912,46952
2970,5705,46895
2997,5270,46874
2874,5991,46822
16,2008,46770
3905,5149,46706
158,3381,46619
2876,6166,46499
40,2767,46498
2888,5927,46441
3055,5270,46429
3502,5269.5,46402
2981,5412,46331
3496,5437,46315
3705,5298,46165
3505,5087,46143
3154,4673,46118
2880,7174,46066
3568,5266,46033
3432,4839,45995
3025,5492,45950
2802,5815,45896
2766,6473,45869
3059,5077,45856
2887,6110,45839
3753,4410,45831
3037,4882,45825
3420,5319,45754
2989,5385,45728
3056,5313,45725
3563,5176,45672
2998,5441,45651
5630,4546,45632
2944,5074,45627
2801,6590,45611
132,2550,45562
5619,5960.5,45472
3061,5176,45469
3499,5530,45455
3510,4826,45325
5570,4568,45322
3531,5213,45289
3772,4834,45202
56,2013,45143
2786,6100,45134
3508,4999,45120
2983,5407,45115
5571,4445,45102
3541,5039,45102
2939,6607,44991
2974,5599,44978
2961,5433,44972
134,2983,44954
3058,5360,44935
3526,5221,44933
2798,6178,44834
3127,4362,44801
2868,5864,44788
3549,4722.5,44784
2967,5279,44751
255,3779,44620
3543,5139,44581
3075,5218.5,44536
2803,6023,44493
3539,5340,44491
2790,6100,44481
3493,5632,44472
5617,5969,44438
2799,5937,44429
3911,5101,44390
3060,5297,44388
3520,5089.5,44264
2815,6023.5,44262
5584,5298.5,44254
3943,5197,44251
2769,6545,44039
5578,5270,43928
2785,6288,43918
2940,6117,43912
3490,5456,43889
5622,5715,43860
3555,4889,43858
5573,4662,43856
2806,6351,43833
3952,5014,43832
2980,5808.5,43814
3053,5449,43769
2886,5848.5,43764
3026,5529.5,43746
3592,5268,43696
3896,4532,43690
3861,5121,43617
2836,6368,43591
3544,5121,43569
3883,5184,43546
5581,5296,43525
3005,5519,43411
3562,5212,43406
2804,6264,43397
5620,5925,43391
2934,5783,43386
3524,5207,43376
144,4118,43358
3506,5082,43354
3906,5240,43351
5574,4664.5,43300
3467,5592,43287
5627,5337.5,43272
2955,5496,43270
3021,5310,43256
2936,5505,43182
3527,5223,43121
3525,5449.5,43088
3901,4603,43077
2810,6209,43072
3558,4663,43044
2979,5610,42955
5575,5037,42926
3012,5644,42925
5565,4438,42897
3569,5387,42886
3356,5878,42875
3500,5197,42838
3519,5284.5,42822
3498,5514,42808
3514,5267.5,42788
2904,5738,42781
4992,8974,42773
2837,6468,42747
3538,5135,42673
3902,4350,42670
3868,5021.5,42648
5568,4716,42609
2777,6761,42597
114,2239,42550
2933,5905,42443
3350,6350,42432
2990,5561,42429
3910,5080,42415
3383,8408,42405
3006,6056,42399
3390,7319,42383
2875,6143,42379
2938,5812,42378
2771,6633,42359
2772,6580,42352
2971,5650.5,42344
3074,5084,42339
3365,4900,42319
3547,5229,42245
3920,5601,42209
2770,6655.5,42208
2870,6137,42208
3756,4618,42201
3491,5544,42184
2965,5495,42177
2773,6626,42147
3020,5350,42118
3079,5031,42095
148,3284,42091
5623,5711,42066
2949,5543.5,42032
3495,5546,42007
3497,5281,41990
2872,6531,41965
2774,6758,41943
3812,4843,41931
3758,4588.5,41920
2797,6725,41918
3485,5696,41915
2930,5900.5,41886
2923,6011,41877
2869,6180,41855
5567,4711,41849
2794,6624,41830
118,3912,41791
3052,5477,41789
3428,5114,41787
3422,5793,41783
2900,5892,41779
2877,6169,41766
2873,6434,41763
2972,5754,41695
3007,5933.5,41680
2775,6693,41643
3781,4812,41640
3777,5021,41628
14,2588,41612
2947,5723,41600
87,2537,41595
2953,5841,41588
2805,6231,41565
2879,6141,41541
3466,5291,41529
3472,5412,41521
133,2951,41475
3815,4386,41447
2835,6465,41426
3918,5553,41426
5563,4785,41418
3560,4850,41396
3169,5077,41390
3799,4526,41356
3043,5107,41321
3819,5132,41320
2871,6455,41282
3351,5930,41268
3576,5217,41256
2812,6460.5,41248
3001,6515,41243
3748,4569,41236
2935,6298,41202
2878,6219,41195
3044,5418.5,41194
3391,9179,41191
2903,5878,41141
5564,4719,41099
2885,6077,41091
3584,5146,41032
3537,5581,41014
3070,5279.5,40998
5562,4553,40981
3775,5278,40979
2954,5862,40968
5572,4919,40947
2994,5763,40927
2975,5782,40927
2991,5734,40904
2906,5998.5,40896
3081,4958,40894
2907,6074.5,40870
3451,5778,40867
2791,6635,40852
3382,7398,40827
2881,6068,40823
3571,4941,40819
2800,6457.5,40802
3293,6512.5,40800
2781,6395,40798
3757,4631,40743
2789,6685,40739
3517,5182,40713
3438,5339,40702
3759,4827,40677
2792,6835.5,40644
3494,5611,40641
2908,6348,40633
3435,5644,40625
2905,6105,40595
2827,6777,40595
3701,5265,40594
2884,6151,40566
2811,6004,40558
2787,6525,40556
2950,5745,40503
2932,6110,40481
5569,5101.5,40460
3820,4423,40454
3530,5519,40414
3339,6717,40376
2931,5947.5,40374
3550,5175,40321
3755,4464,40318
2968,5816,40317
3790,4570,40297
3512,5215,40294
3612,5661,40286
3553,5252,40263
3078,4962,40245
2937,5927,40209
2829,6778,40125
5624,5963,40090
3503,5256,40084
3702,5327,40081
108,2561.5,40080
3423,5746,40075
3914,5304,40048
3532,5475,40041
2929,6133,40038
5566,4931.5,40036
3870,5172,40033
3751,4606,40020
3200,5457,40009
3754,4668,39976
3036,5333,39971
3704,5495,39953
3034,5439,39904
3797,4318,39847
2795,6368,39843
2807,6457,39839
3017,5690,39823
3847,4870.5,39800
2951,5879,39750
2809,6593,39734
3784,4364,39700
3744,4450,39672
2828,6827.5,39650
3842,4633,39647
3437,5632,39633
3899,4075,39611
2945,5859,39603
2822,6899,39602
3766,4729,39586
3915,5832,39578
3813,4215,39570
3852,4939,39565
2926,6177,39563
3780,5429,39561
2783,6471,39544
3045,5548,39541
2834,6641.5,39534
3581,5430,39518
2778,6610,39509
3771,4521,39471
2796,6530,39452
3590,5385,39418
3551,5232,39406
3317,4576,39395
3591,5450,39335
3559,5350,39320
2952,5917,39307
3869,5091,39291
2779,6621,39261
2882,6361,39259
3008,6018,39252
3385,6831,39252
3471,5592,39185
2928,6092,39163
5626,6112,39151
2993,5965,39150
3944,4723,39133
3760,4772,39118
3900,5134.5,39108
3483,5604,39106
3412,5912,39092
3421,5795,39089
3019,5741,39075
3470,5875,39071
3080,5050,39059
3548,5390,39039
2883,6178,39036
3436,5808,39034
3468,5839.5,39028
2833,6655,39025
3354,5846,39024
91,2997,38994
3881,4517,38929
2782,6568,38922
3864,4742,38917
3611,5720,38907
3817,5050,38883
2780,6763,38878
2999,6104,38803
2819,6643,38797
2922,6175,38758
81,3055,38747
3533,5413,38728
5559,4655,38721
3492,5515.5,38704
3798,4774,38703
2830,6700,38675
3703,5484,38647
2832,6624.5,38642
3004,6313,38640
3038,5361,38637
3872,5292,38631
3051,5646,38590
3082,5169,38578
3511,5321,38577
3408,5669,38570
3770,4949,38531
2918,6019,38525
3028,6287,38515
3767,4877,38515
2925,6168,38497
3795,4704,38488
2814,6503,38470
3706,5416,38470
2793,6665,38470
3515,5290.5,38450
3380,4540.5,38438
2917,6084.5,38436
2992,5890.5,38386
2808,6406,38362
3516,5192,38351
3700,5417.5,38312
3419,5782,38274
3072,5327,38270
3482,5479,38233
2927,6148,38214
2826,6662,38183
2919,6059.5,38154
3024,5635.5,38146
3291,6366,38112
3652,5437,38070
3153,5147,38064
3808,4613,38044
3894,4961,38041
2912,6448,38030
3170,5390,38021
2816,6479,38005
3027,5811,37978
2995,5879.5,37968
3413,5972,37935
2824,6612,37924
2909,6146,37920
2996,5977,37920
5625,6213,37912
104,1554,37902
3873,5128,37897
2921,6149,37893
2823,6694,37893
3764,4919,37873
5557,4765,37870
3816,4997,37853
2916,6143.5,37826
2831,6722.5,37826
2813,6405,37826
3022,5595,37823
3434,5724,37821
5749,4964,37799
3050,5727,37793
2821,6605,37759
2924,6291,37759
5544,4371,37755
2915,6395,37752
2946,5940.5,37742
3730,4678,37730
2920,6165,37707
97,3818,37703
2784,6501,37703
3856,4940.5,37668
2914,6186.5,37658
3418,5901,37654
3513,5206,37651
3567,5199,37650
2913,6412,37629
3414,5840,37629
3696,5120,37607
3765,4861,37588
3087,5411,37584
5561,4958,37486
3882,4981,37484
3535,5306,37471
3786,5007,37457
3417,5784,37421
3457,6164,37384
3151,5156,37383
3778,4645,37382
3546,5476,37377
3338,7538,37371
3489,5608,37360
5560,4949,37335
3586,5386,37334
5633,5678.5,37332
3577,5537,37322
3415,5847,37320
3613,5612,37306
2818,6407,37289
2825,6639,37273
3433,5815,37237
3801,4642,37162
3083,5303,37148
3046,5868,37145
3653,5705,37122
3416,5875,37115
2820,6555,37109
3945,5334,37093
2910,6202,37073
3814,5136,37054
5558,4880,37026
3773,4711,37015
3917,5386,37012
3804,4181,36986
3796,4604,36977
3473,5518,36949
3076,5407,36939
3462,5439,36936
2817,6394,36902
3101,5418.5,36870
5556,4622,36869
3598,5611.5,36852
3384,6891,36802
3478,5473,36797
3791,4894,36795
3561,5409,36794
3884,5278,36791
5628,6039.5,36774
3707,5185,36771
3566,5336,36703
3047,5654,36692
5553,4508,36661
3794,4977,36659
3481,5707,36649
3594,5707,36623
2911,6209,36586
3867,5076,36581
3487,5421,36558
3750,4410,36550
3742,4417,36543
3441,5794,36535
3000,6203,36506
3886,4880,36490
3866,5290,36479
3710,5030.5,36434
3461,5442,36434
3821,5147,36423
3782,5246,36407
4053,4488,36406
3349,6152,36382
3724,4617,36353
3806,4674,36347
3924,5536,36303
3768,4778,36303
3426,5842.5,36302
3469,5669,36293
3818,5222,36219
3135,5732,36216
3788,4939,36177
3424,5879,36174
3741,4759,36155
3749,4685,36153
3340,6392,36134
3341,6796,36124
3289,6205,36123
3762,4625,36119
3486,5702,36119
3725,4936,36112
3347,6054,36110
3033,5489,36093
3851,4646.5,36080
3582,5492,36080
3950,5216,36056
3803,4636,36047
3305,5954,36021
3839,5267,35998
3737,4373,35989
3446,5692,35981
3719,4690,35952
3439,5840.5,35948
3976,4588,35920
3442,6031.5,35904
3947,5728,35880
3734,4695,35844
3593,5728,35843
103,1967.5,35750
3557,5254,35729
5550,4909,35707
3723,5354,35701
3783,4834,35697
3619,5655,35692
3599,5549,35683
3139,5670,35650
3086,5437,35644
3452,5985,35627
3589,5709,35610
3039,5728,35594
3152,5437,35517
3023,5825,35515
3477,5438,35504
3029,5922,35493
3587,5476.5,35410
3300,5833.5,35410
3776,4892,35393
3440,5780,35361
3603,5613,35360
3212,5616,35351
3793,4862,35341
3925,5437,35341
5631,5809.5,35338
3304,5981,35334
3150,5512,35332
4054,4880,35324
3600,5706,35318
3761,4973,35308
117,3010,35300
3049,5801,35290
3595,5667,35278
3829,4808,35258
3614,5699,35241
3002,6304,35241
3474,5515,35202
3287,6206.5,35184
3425,5883.5,35158
3728,5291,35157
3085,5429,35143
3774,5032,35141
3939,4708,35113
5629,5893,35101
13,1208.5,35092
3453,5639,35088
3837,4432,35079
3878,5019,35068
3460,5499,35051
3171,6142,35045
3031,5988,35021
3136,5796,35001
5636,5713,34993
3201,5271,34989
3841,4803,34971
3877,5274,34959
3480,5518,34895
41,2561,34878
3779,5054.5,34874
3097,5518,34852
3954,5310,34827
3552,5194,34823
5554,4948,34813
3923,5904.5,34792
3484,5495,34780
3747,4563,34755
3213,5531,34741
3822,4699,34738
3427,5864,34727
3091,5419,34663
5551,5022,34655
3956,4867,34642
3889,5363,34624
3692,5277,34611
3564,5453,34605
3763,4910,34582
3455,5838,34548
3585,5598.5,34540
3874,5319,34534
3588,5587,34524
3431,5852,34517
3898,4873,34497
3134,5744,34489
3199,5398,34482
3290,6310,34476
3785,4513,34434
3299,6093,34434
3811,4963,34410
3828,4977,34397
3048,5824,34394
5747,5612,34386
3919,5386.5,34374
3003,6333,34370
4240,6100,34342
3100,5652,34336
5635,5997,34330
3622,5568,34326
3089,5569,34316
3444,5788,34285
3138,5813,34280
4244,6245,34271
3693,5276,34268
3824,5327.5,34264
3800,5045.5,34260
3802,4852,34255
3709,5617.5,34242
3752,4808,34231
5548,5224,34222
3825,5138,34216
3198,5027,34199
3597,5743.5,34180
3743,4709,34174
3173,6013,34172
3792,4710,34156
3443,5947.5,34138
3343,6424,34122
4008,5863,34120
3827,5056,34111
3088,5668,34095
3099,5619,34089
3030,6167.5,34080
3601,5670,34077
3838,5523,34071
3609,5663.5,34056
3041,5924,34021
5547,5060,34018
5632,6179,34005
3714,5400,33993
3084,5557,33992
3855,4976,33989
3465,5822,33986
3810,4712,33982
3845,4386,33967
4007,5923,33963
3411,6210,33952
3174,6035,33943
5555,4955,33921
3859,5416.5,33910
3717,5110,33901
4243,6249,33863
3608,5799,33859
3604,5842,33835
3475,5556.5,33822
3729,4731,33816
3617,5542,33811
4242,6213,33800
3488,5568,33775
3249,5818,33741
3194,5566,33740
3137,5945,33737
3769,5013,33727
3615,5731,33671
3381,5851,33661
3605,5761,33659
4245,6361,33647
3090,5682,33639
3574,5580,33638
3602,5871,33636
3430,5847,33612
4004,6040.5,33586
3345,6130.5,33576
4241,6292,33564
3042,5942,33556
3880,4762,33556
3095,5714,33555
3032,5992,33552
3410,5888,33532
3860,5191,33527
3922,5171,33524
4247,6246,33490
5552,4947,33485
3658,5661,33470
3248,5992,33467
3929,5411.5,33456
3214,5728,33432
3573,5369.5,33418
3746,4923,33398
3292,6503.5,33386
3805,4928,33381
3863,5190,33363
4246,6290,33349
3132,5889.5,33330
3731,4987,33306
5549,5432,33299
3366,5847,33287
3663,5496.5,33286
3370,5990,33272
3098,5629,33221
3610,5625,33217
3093,5544,33215
3333,6127,33215
3449,5989,33207
3698,5281,33192
3459,5773,33184
3946,5212,33169
3142,5774,33168
3745,4725,33167
3620,5856,33134
3716,5100,33129
3094,5725,33109
3109,6277,33085
4057,5218,33084
3476,5443,33079
3739,4722,33063
3040,5865.5,33062
3657,5745,33059
3830,5004,33058
3409,6119,33046
3115,5910.5,33046
3348,6498,33031
3102,5669,33029
3596,5794,33019
3286,6328,32989
3862,5180,32986
3402,5035,32983
3949,5728,32978
3445,6015.5,32974
3565,5307,32966
3464,5708,32965
3666,6296.5,32956
3298,6156,32938
3738,4932,32886
3807,4902,32838
4279,6824,32818
3357,6171,32810
3197,5319,32774
3659,5538,32772
3447,5680,32753
3697,5328.5,32748
3844,4669,32745
5634,6310.5,32730
3575,5701,32712
3226,5451,32681
3352,6077,32679
4248,6299.5,32652
3107,5789,32648
3140,6173,32636
3118,5936,32605
3106,6027,32601
5423,4935.5,32584
3266,5874,32579
3691,5341,32577
3479,5525,32556
4002,5973,32554
3583,5805,32546
3715,5153,32541
3448,5752,32490
3699,5290,32474
3740,4903,32456
3572,5479,32454
3832,4810,32449
3616,5536.5,32442
3288,6372,32432
3958,5087,32413
3092,5748,32398
3389,7258,32391
3149,5666,32385
5545,5084.5,32380
3879,5254,32355
3344,6278,32347
109,2950,32327
3407,6115,32312
3833,4934,32311
3225,5663,32302
3664,5654,32299
4001,6037,32292
3885,4894,32280
3133,6048,32264
4239,6377,32250
3346,6627,32243
4233,6346.5,32216
4250,6317,32215
3294,6699,32209
49,1297,32202
3669,5563.5,32160
3736,4602,32158
3720,5044,32153
3141,6080,32147
3787,4853,32141
3722,4927,32130
5638,5961,32122
3689,5322,32122
3463,5798,32107
4003,5964,32101
3306,6269.5,32100
3655,5490,32094
3942,5561,32090
3454,5755,32087
4249,6270.5,32084
3458,5619,32081
3456,5931,32076
3607,5732,32071
3606,5940,32045
3826,5056,32041
3108,5867.5,32036
4235,6388,32035
3848,4681,32015
3963,5905,31984
3103,5850,31983
3215,5803,31982
3711,5457.5,31978
5542,5247.5,31952
3926,5792,31952
3623,5759,31942
3297,6344,31916
3718,5044,31902
3355,6065.5,31876
3105,5835,31873
4236,6414,31851
3307,6118,31835
3193,5574,31828
4237,6335,31806
3216,5784,31793
4284,6306,31793
4234,6401,31769
3373,6162.5,31762
5639,5870,31757
3405,5898,31737
3302,6273,31737
3921,5336,31725
3831,5134,31715
4005,6033,31710
5008,8223,31693
3128,6054,31688
3960,5551.5,31678
4227,6375,31676
3928,5851,31669
3897,5197,31665
3809,4864,31648
3937,5364,31632
3116,6148,31631
4000,6049.5,31626
4251,6326,31611
4231,6375,31608
3131,6044,31593
3375,6128,31587
3185,6727,31581
4256,6359,31581
4255,6368,31555
3196,5498,31547
3329,6407,31534
4225,6297,31525
3210,5727,31513
4226,6294,31505
3337,6450,31504
4230,6384.5,31502
3096,5741.5,31484
3308,6187,31481
3111,5987,31464
4232,6363,31456
3144,5843,31435
5535,4891,31435
3656,5772,31420
3148,5770,31403
4257,6353,31402
4238,6289,31389
3941,5290,31372
3895,5260,31367
3146,5811,31361
3117,6060,31361
3388,7173.5,31346
4224,6224,31343
4259,6366,31316
4266,6356,31303
3713,5155.5,31284
5642,5291,31267
5538,4804,31265
4252,6333,31258
3849,5004,31254
3660,5374,31251
3857,5176,31248
4229,6381.5,31216
3104,5759,31209
4165,6482,31197
4261,6402,31195
3650,5692,31181
3228,5634,31180
4254,6381,31172
4260,6387,31160
3143,5985,31142
3667,5955,31133
3126,6207,31132
3727,4938,31127
4258,6375,31088
3618,5700.5,31074
4021,5426.5,31068
4281,6372,31065
3399,5902,31038
3887,5274,31023
3334,6286.5,31002
4267,6407.5,30988
3726,4803,30979
3695,5538,30963
4228,6374,30937
3735,4925,30924
3231,5681.5,30924
3371,6313,30922
3404,5893,30920
3694,5323.5,30914
3733,4997,30907
4262,6352,30903
3364,6088,30875
4253,6362,30853
3124,5928,30843
3871,5287,30842
4222,6190,30842
3823,5223,30833
3335,6407,30831
4058,5563,30829
3114,5983,30817
3940,5436,30811
3668,5851.5,30808
3175,6208.5,30794
4223,6280.5,30792
4264,6398.5,30784
3999,6106,30763
4283,6322.5,30752
3846,5090,30745
4296,6355,30737
3854,5723,30728
3621,5551,30727
3935,5323,30723
3933,5139,30721
3429,6052,30718
4006,5995,30716
3217,5752.5,30690
3232,5709,30687
3258,6432,30678
3662,5738.5,30654
3172,6268,30646
3129,6059,30634
3113,6054.5,30622
3953,5367,30604
3331,6363.5,30604
4269,6436,30604
4285,6427,30596
4268,6418,30593
4265,6373,30581
3368,6379,30579
3310,6169,30562
3998,6080,30549
4282,6321,30540
3858,5105.5,30530
4221,6275,30528
3363,6091,30523
3147,5987,30519
3850,4797,30518
3372,6420,30496
3211,5875,30489
4052,5415,30487
3145,5965,30466
5640,6097,30463
3712,5237,30418
4164,6619,30403
4009,5783,30370
3179,6370,30362
3931,5254,30361
3130,6144,30359
3654,5771,30355
4271,6377,30351
3203,5636,30334
3974,5064,30333
4056,5636,30327
4270,6433,30322
3301,6151,30303
3876,5164,30295
3649,5647,30280
3223,5878.5,30276
3195,5634,30259
3295,6399,30257
3403,5760.5,30246
3202,5381,30234
3122,6078,30228
3326,6156.5,30224
3959,5333.5,30220
3252,6220,30207
3975,4870,30198
3123,6015,30197
3843,5203,30184
3891,5175,30181
3626,5724,30173
3890,4842,30166
4280,6522,30153
4163,6559,30148
3303,6448,30144
5637,6316,30129
3450,5964,30127
4263,6385.5,30124
3968,5676,30084
4079,6104,30072
3276,6247,30067
3721,4941,30047
4080,6093,30044
4022,5277,30044
3336,6475.5,30038
4166,6524,30031
3625,5763,30029
4297,6412,30015
3240,5945.5,30012
3112,6028,30007
3732,4838,30000
3875,5161,29999
3218,5714,29980
3997,6166,29979
3406,5983,29977
3224,5837,29963
3250,5841,29958
4162,6488,29953
3234,6094,29949
4084,6258,29943
3247,6099,29941
3296,6476,29936
4051,5419,29936
3222,5667,29932
3367,6450,29911
3220,5428.5,29908
3396,6212,29898
3119,6100,29891
3191,6184.5,29878
3397,6130.5,29876
5647,5607,29871
4220,6301,29853
3227,5791,29813
4286,6426,29791
3285,6351,29786
5546,5386,29770
4161,6532,29768
5543,5466.5,29764
3687,5500,29748
3246,6195.5,29746
3332,6378,29742
4168,6441,29737
4078,6152,29713
3964,5344,29713
4047,5389,29703
3888,5302,29672
3120,6088,29666
3673,5861,29657
3273,6180.5,29654
3708,5560.5,29618
4055,5503,29617
3996,6136,29610
4167,6544,29597
3110,6168.5,29590
3314,6504.5,29568
4278,6470,29563
4272,6391,29559
3369,6328,29558
3644,5705.5,29552
3121,5978,29546
3374,6234,29544
3834,4829,29487
3836,5073,29478
3221,5704.5,29456
3648,5709,29441
3330,6505,29433
4020,5604,29413
6880,9720.5,29376
3995,6041,29369
4276,6425,29326
3243,5920,29326
3641,5721,29309
3125,6100,29306
4289,6415,29300
3645,5732,29292
3322,5937.5,29272
4290,6476,29248
3255,6100,29246
3251,6148,29243
3690,5537,29241
4169,6522,29235
3674,5749,29219
4219,6316,29214
3853,5018,29204
5287,5091.5,29200
3204,5538,29188
3936,5376,29182
5645,5788,29181
3176,6193,29171
3629,5961,29161
3235,5985,29156
4273,6352,29155
3893,5498.5,29130
3651,5842,29128
3309,6318,29101
3401,5993,29100
3242,5928,29065
3253,6172.5,29062
4287,6477,29054
3245,5997,29050
3267,6249,29039
3376,6208,29021
3661,5765,29000
3646,5638,28976
5541,5579,28973
3219,5666,28963
4295,6377.5,28954
3229,5784,28932
4170,6531.5,28922
3312,6225,28915
4050,5562,28873
3665,5631,28866
3398,6279,28865
4274,6374,28853
3192,5885,28850
5536,5272,28846
4046,5553,28804
3284,6270,28788
3230,5798.5,28762
3632,5794,28741
3624,5770,28739
4288,6491,28716
3630,5892,28709
4275,6367,28699
3311,6306,28683
4019,5789,28680
5311,5948,28680
37,2186,28650
4291,6543,28648
4293,6522,28633
3239,6008,28632
4077,6204,28622
3628,5637,28596
3927,5849,28573
3207,5842,28569
3360,6378,28563
4277,6396,28552
4018,5745,28539
3965,5889,28533
3835,5245,28529
5641,5953,28503
4298,6557,28501
3208,5967,28457
4299,6597,28456
3318,6170,28419
4160,6718,28409
3631,5736.5,28404
58,3163,28399
4171,6510,28380
4317,6663,28365
3672,6152,28349
3233,6006,28337
3688,5579,28336
4048,5701.5,28312
4320,6538.5,28302
3392,6605,28296
3278,6153,28287
3686,5575.5,28276
3274,6141,28269
3962,5896,28267
4310,6529,28259
5539,5378,28249
3327,6545,28248
4218,6338.5,28248
3187,6205,28241
3840,5070,28220
3685,5674,28219
3205,5960,28202
3189,6102,28201
3268,6132,28170
4995,8168,28161
3209,5990,28161
3256,6380,28160
4294,6548.5,28146
4076,6286,28145
5534,5260,28134
3241,5880,28119
4043,5738,28113
3282,6307,28103
3315,6335,28100
3362,6397,28082
3642,5819,28075
3237,5983.5,28062
3316,6319,28057
3378,6263,28048
5104,6038,28041
4303,6425,28034
3671,5517.5,27998
3190,6264,27990
3236,6038,27986
4082,6230,27972
4010,6017,27965
4309,6462.5,27956
4074,6412,27940
3319,6395,27939
3257,6271,27937
3177,6332,27936
3182,6179,27934
3394,6131,27934
5540,5703,27917
3275,6167.5,27916
4011,6199,27903
4324,6393.5,27868
4081,6253,27867
4292,6547,27859
4311,6537,27855
5643,6100,27827
3395,6352,27813
3633,5879,27808
4315,6578,27800
4217,6389,27797
3647,5777,27763
4319,6549,27760
3358,6385,27755
3260,6266,27749
3206,5788,27749
4025,5682,27744
3244,6018,27741
4302,6428,27740
4322,6421,27737
4083,6186.5,27726
4326,6469,27721
3269,6325,27713
4332,6599,27676
3180,6364.5,27674
3681,5662,27667
4216,6489,27648
5525,5313,27630
3259,6427,27622
4318,6491,27622
3938,5541,27617
3324,6343,27614
4329,6522,27613
3966,5519,27611
3377,6249,27610
101,2444,27609
3313,6340,27593
4308,6465.5,27588
5918,5800,27586
4327,6412,27572
3254,6289,27545
4214,6466,27532
4323,6511,27521
3184,6194.5,27518
4300,6461.5,27512
3972,5416.5,27488
4159,6712.5,27486
4325,6408,27469
4328,6507,27453
4075,6373,27451
3627,5778,27449
4321,6434,27434
4330,6408.5,27430
4301,6531,27428
5537,5275,27423
4111,6499,27422
5532,5056.5,27418
3400,6201,27417
4085,6269,27407
4060,5939,27383
3265,6392.5,27378
3970,5780,27375
4306,6417,27369
4312,6557.5,27344
3951,5718,27333
82,3431,27330
3283,6297,27327
3682,5512,27323
4201,6567,27317
3932,5268,27308
3637,6021.5,27300
4313,6510.5,27292
3640,5980,27280
4729,6005.5,27278
3325,6560,27267
4316,6572,27263
3238,6187,27259
3183,6213.5,27250
4067,6358,27247
3328,6545,27235
4215,6395,27224
3930,5455,27223
4024,5727.5,27220
4086,6230.5,27220
3961,5414,27211
3320,6283.5,27182
3181,6286.5,27178
5526,5370,27155
3379,6222,27133
4172,6607,27127
5529,5119,27126
3676,5830,27121
4305,6454,27119
4066,6300,27107
4304,6502,27103
3638,5948,27095
4331,6494,27086
3271,6316,27052
5649,5910,27040
4107,6437,27039
4158,6677,27037
3186,6406,27025
4213,6478,27024
4017,6145,27022
4068,6308,27018
4314,6524.5,27010
4108,6474,27008
4059,5957,27006
3670,5700,26977
4307,6371,26951
3643,5947,26950
84,2871,26921
3955,5632,26917
3361,6533,26908
3994,6312,26901
3263,6108.5,26896
4034,6321,26876
3636,5954,26858
5533,5372,26851
3321,6376,26828
3279,6267,26802
3639,5939.5,26792
3973,5670,26788
3178,6173,26769
3323,6342,26765
4109,6443,26708
3634,6110,26707
3635,5969,26688
5916,5739,26676
4211,6488.5,26666
3280,6160,26643
3272,6319,26635
3359,6434,26633
4098,6421,26625
4064,6395,26617
3684,5580.5,26604
3277,6293.5,26598
4042,5849,26574
3393,6338.5,26560
4942,6920,26553
4209,6602,26512
4940,6955,26504
3264,6231.5,26460
4202,6655,26457
4035,6139.5,26454
3680,5736,26451
85,3386,26446
4210,6532,26445
4015,6003.5,26442
4951,6988,26429
4113,6497,26411
4014,6237,26409
4071,6378,26403
4212,6491.5,26396
4069,6452,26364
4333,6484,26363
4087,6252,26328
3934,5614,26291
5523,5477,26267
3675,5820,26263
4065,6362,26245
4112,6420.5,26238
5528,5295.5,26232
4073,6336,26223
4026,6000,26219
3683,5604,26217
4070,6379,26214
4099,6421.5,26212
4012,6352,26147
4173,6677,26146
3261,6394,26137
5524,5804,26121
3679,5623,26109
4199,6595,26092
4104,6490,26075
3980,5845,26067
4334,6426,26063
3281,6303,26061
4096,6467,26061
4110,6507,26055
4027,5936,26046
4208,6613,26041
4106,6472.5,26034
4105,6487,26021
4097,6478,25977
4023,5907,25949
4101,6557,25943
5648,5818.5,25942
4072,6399,25941
4177,6713,25938
4114,6432,25934
3270,6344,25931
3892,5736.5,25910
4115,6441,25881
55,1768,25870
3188,6367,25852
4207,6538.5,25852
3262,6230,25849
4157,6681,25849
4206,6575,25838
4335,6359,25793
4176,6658.5,25790
4200,6672.5,25774
5527,5586,25768
4116,6525,25764
4049,6064,25762
4203,6660,25759
4013,6277,25725
4036,6278.5,25724
5920,5905,25723
4100,6501.5,25720
5646,5970,25655
3677,5657.5,25626
5650,6125,25625
4895,6720,25621
4102,6445,25616
4205,6585,25595
4063,6410,25581
4204,6646,25577
3957,5930,25529
47,2756,25528
4088,6396,25521
4103,6522,25515
4137,6283,25509
4095,6504,25488
5103,5936,25469
5644,6042,25456
83,3181,25454
4093,6452.5,25434
3993,6242,25392
4337,6488,25379
4041,6035,25353
5530,5465.5,25346
4118,6563.5,25346
4939,6381,25336
4117,6570,25323
3977,5715,25295
4178,6675,25292
4188,6665,25285
3991,5987,25285
4091,6359.5,25274
5101,6138,25273
4182,6459,25265
4174,6631,25253
4016,6262,25241
4044,6080,25232
5531,5404.5,25228
4336,6457,25227
4361,6580,25202
4179,6560,25193
4092,6396.5,25190
4184,6503,25178
3992,6160,25164
4094,6415,25123
4180,6627,25112
4197,6755,25112
5105,6203,25109
53,1477,25105
4033,6271,25094
4195,6745,25061
4090,6429,25060
4198,6792,25049
4194,6634,24999
5100,5925,24982
4028,6102,24971
4123,6588,24967
4089,6411,24901
4196,6645,24889
5658,5724,24887
5108,6042.5,24874
4175,6688,24841
4126,6640.5,24838
4156,6742,24809
4189,6601,24793
4154,6726.5,24788
4148,6694,24779
4045,6418,24765
3978,5937,24762
59,2675,24732
4122,6629,24718
4181,6591.5,24716
3981,5881,24708
3678,5721,24693
4193,6685,24687
5651,5721.5,24682
3979,5947,24659
4061,6385,24637
4190,6630,24616
4119,6551.5,24614
4030,6182,24581
4192,6682,24575
4029,6109,24569
5107,6224,24557
4183,6466,24548
4185,6551.5,24536
5111,6217,24503
4155,6865,24503
4340,6530,24499
4062,6568,24483
4973,7399,24444
4903,6762,24441
36,2557,24419
4191,6655,24406
4341,6456,24365
4991,7541,24361
4187,6656,24360
4990,7783.5,24334
3969,5900.5,24330
4125,6556,24330
4120,6499,24325
4040,6170.5,24308
4941,6603,24284
4121,6518,24236
4339,6449.5,24234
5110,6227.5,24198
4338,6553.5,24192
4153,6796,24163
5921,6052,24152
3967,6072,24143
4186,6563,24142
5519,5570,24118
4133,6555,24093
4152,6715,24091
5502,5537,24090
4038,6302,24083
3982,5969,24071
5520,5374,24054
42,2833,24041
4887,7122,24031
3989,6326,24023
4147,6651,24019
105,2094,24006
4039,6275,24002
5510,5466,23999
4894,6902,23974
5941,5818,23965
4943,6907,23946
4989,7520,23940
4884,7101,23934
4730,6083.5,23930
5652,5888,23919
4124,6574,23917
4136,6652,23876
4728,6248,23844
51,1287,23841
5517,5726.5,23800
3971,6034,23787
4902,6704.5,23786
5656,6224.5,23760
4135,6744.5,23742
4140,6693,23736
4362,6425,23726
4974,7471,23701
4127,6667,23693
5097,6392,23683
4032,6339,23677
6906,8088,23657
4128,6728,23631
5522,5528,23619
4144,6736.5,23604
3990,6108,23600
4875,6711,23531
4342,6494,23523
6884,9746,23502
4139,6709,23493
5661,5746,23477
4130,6801,23477
6727,4698,23473
5518,5968.5,23470
5109,6324.5,23470
4138,6856.5,23456
4883,6875,23439
4876,6822,23437
4037,6342,23437
4891,7644,23419
4944,6917.5,23406
4896,6765.5,23398
4975,7435,23391
4131,6759,23385
4149,6741,23364
4129,6751.5,23360
4885,7027,23359
5116,6254,23354
4993,7981,23353
4151,6860,23351
5006,8541,23347
4358,6368,23314
3988,6336,23299
4031,6435,23270
5115,6185,23247
5939,5940,23232
4134,6736,23228
4893,7012,23226
4141,6616,23206
4953,7230,23193
5106,6319,23188
5007,7949,23173
8,708,23163
4132,6750,23157
4892,6838.5,23152
4727,6329,23143
3987,6332,23109
4976,7380.5,23092
5114,6373,23070
4962,7222,23061
4978,7258,23051
5099,6476.5,23034
4351,6713,23033
5927,6071,22922
3983,6161,22847
3986,6304,22813
4143,6687.5,22810
5664,5799,22809
4150,6721,22791
5516,5475,22781
4977,7281,22760
4142,6641,22719
5096,6424,22709
4988,7434,22708
5521,5645,22690
5950,6324,22683
5513,5546.5,22664
5665,6370,22652
4726,6334,22648
4952,7105,22623
4888,7082,22617
4359,6685,22581
4146,6624,22567
4145,6665,22527
4955,7112,22518
5447,5312,22517
5784,5871,22515
3984,6350,22505
5102,6539,22421
4960,7402,22408
4346,6601.5,22390
4954,7065,22384
4901,6733,22369
4343,6588,22368
4352,6615,22364
5117,6455,22354
5653,5924,22351
4963,7314,22329
4354,6568,22324
5098,6438,22317
5113,6348,22307
5655,5828,22306
4904,6980.5,22282
3985,6293,22219
4360,6665,22215
4979,7345,22195
4724,6230,22193
4355,6646,22189
4882,6762,22177
4994,7568,22148
4959,6911,22129
5952,6349,22113
4356,6773,22103
4948,6963,22100
4357,6703.5,22098
5009,7736.5,22080
4353,6526,22080
4890,7280.5,22054
5933,6198,22044
4999,7153,22039
4347,6614.5,22026
4707,6644,22008
4945,6915,21993
4961,7177,21965
5504,5585,21960
4949,6822,21959
4350,6625.5,21956
4980,7354,21955
4344,6643,21927
4900,6776,21903
4898,6861,21889
5431,6010.5,21880
4972,7476,21835
4889,7327,21833
5512,5743,21825
5119,6458,21812
5831,7332.5,21804
4897,6698,21792
5118,6348,21773
4478,7308,21761
5095,6529,21749
4383,6565,21742
5514,5510,21733
4947,6906,21731
5697,6169.5,21704
4886,6946,21703
4946,7037,21683
5917,5927,21670
4349,6625,21659
4872,6741,21658
4345,6619,21656
5938,6008,21648
4874,7119,21640
5511,5827,21629
4348,6636,21628
4374,7206,21609
5515,5694.5,21602
5033,6405.5,21596
5663,6594.5,21556
4635,6448,21525
6254,5855,21494
4699,6674,21485
4985,7248,21472
4373,7102.5,21472
5313,6712,21471
4950,7078,21467
4987,7250,21461
4870,6969,21460
4880,6837.5,21450
5943,6066,21430
4363,6645,21409
5662,6111,21374
4736,6788,21353
5112,6452,21350
4364,6616,21337
4981,7258.5,21328
4382,7208.5,21290
4877,7006,21289
4871,6769.5,21288
5944,6137,21259
5891,6305.5,21244
4372,7087,21241
5092,6586,21230
5130,6553,21218
5508,5747,21184
4986,7334,21177
4971,7507.5,21172
4927,7022,21159
4996,7775,21159
5022,6314.5,21154
4731,6494,21145
4984,7169,21144
4957,7333.5,21128
4964,7365.5,21094
4983,7193,21087
4881,6851,21075
5023,6527,21071
5089,6606,21065
4637,6892,21062
5667,5958,21047
4869,6964,21035
4789,6527,20999
4966,7273,20995
4915,7821.5,20992
5289,5981.5,20974
5940,6098,20969
4388,6498,20969
5001,7233,20967
4790,6556,20962
4375,7021,20959
4919,7571,20951
4918,7530,20939
4956,7214,20920
4371,6868,20919
4958,7112,20913
5003,7169,20907
5091,6492,20893
5000,7211,20851
4899,6974,20839
4878,6947,20835
5090,6786,20826
5509,5803,20825
4873,6931,20819
4982,7168.5,20804
5659,5886,20799
5021,6685,20785
5445,6095,20778
4879,6988,20753
5507,5856,20736
5093,6748,20709
5890,6620.5,20704
4997,7399,20701
4788,6508,20689
5088,6616,20681
4905,6965,20653
4476,7189,20647
4697,6691,20646
5505,5813,20641
5010,7303.5,20636
4701,6638,20630
5094,6690,20606
4970,7523,20605
4725,6623,20603
5506,5790,20598
4965,7225,20590
5942,6178.5,20570
4368,6983,20569
4384,6819.5,20566
4365,6872,20565
4865,6731.5,20538
5004,7697,20499
4446,6614,20491
4369,6987,20484
5024,6530,20479
4706,6501,20437
4376,6983,20431
5478,6073.5,20418
4370,6878,20395
4378,7090,20390
4935,7255,20387
4998,7155,20387
52,1692,20374
4806,6755,20364
5654,5917,20356
4828,8394,20355
4787,6641,20325
4501,6354,20305
5032,6607,20281
4366,6898,20275
4367,6902,20273
4379,7006,20261
4377,6915,20222
5120,6583,20218
4636,6868,20217
5086,6759,20211
4389,6986,20203
5025,6572,20185
4928,7336.5,20158
4385,7034,20153
4502,6333.5,20152
4931,7328,20150
4864,7080.5,20136
4638,6916,20136
4739,6821.5,20132
5087,6592,20131
4717,6583,20126
4445,6973,20126
4698,6671.5,20116
5919,6261,20113
4805,6517,20110
4380,7056,20109
4479,7033,20107
5660,6274,20085
102,2292.5,20084
4484,6810.5,20080
5753,7264.5,20074
5050,7313,20053
4480,6782,20051
4784,6495,20029
4390,7148,20014
4481,6801,20011
5128,6756,20005
5027,6751,20001
5020,6659.5,19992
4967,7425,19991
4868,6918.5,19990
4791,6557,19986
5002,7329,19985
4477,6985,19978
5052,7344,19977
4813,6713,19972
5951,6414,19957
4926,7167,19957
4482,6758.5,19944
4700,6601,19897
5031,6719,19894
5016,7297,19893
4708,6731,19888
4499,6290.5,19888
4737,6731.5,19874
4738,6796.5,19862
5141,6673,19860
4934,7226,19858
4386,7222,19857
4930,7318.5,19852
4814,6801,19849
4500,6237,19833
4786,6608,19831
5825,8307.5,19818
4785,6578,19817
5034,6755,19807
5480,6103,19797
4740,6929,19797
4782,6655,19791
5499,6100,19790
4798,6637.5,19784
5132,6713,19782
4827,8366,19776
4773,6419,19772
4448,6440,19764
5932,6377,19761
4936,7163,19751
4920,7429,19747
4741,6984.5,19742
5051,7259,19742
4734,6862,19739
5124,6661.5,19734
4532,6628,19734
5085,6958,19733
5018,6954,19725
4742,6930.5,19724
4801,6516.5,19712
5657,6084,19711
4929,7355,19706
4783,6682,19702
4705,6499,19701
4387,7119,19697
5481,6369,19692
4381,7007,19677
4495,6531,19674
4582,6486,19673
4866,6722.5,19670
5017,7009,19669
4639,7387,19660
6314,5884,19659
4834,6636,19635
5305,7744.5,19634
4494,6732.5,19628
4442,6554,19626
5776,5809,19613
4709,6800.5,19598
4906,7386.5,19590
5716,6483,19575
5030,6828,19573
5503,5798,19570
4486,6648,19570
4916,7525.5,19562
5670,5952.5,19552
5026,6664,19548
5012,7211,19547
4485,6848,19547
4907,7444,19536
4913,7339,19534
4763,6515,19529
5956,6237,19515
4391,7127,19510
4761,6772,19503
4917,7451,19500
4723,6556.5,19498
4483,6757,19495
5688,6001.5,19494
4969,7525,19485
5501,5934.5,19482
5947,6363,19480
4802,6615,19479
4867,6959,19479
5824,9100,19477
5123,6658,19464
4911,7497,19463
4807,6735,19448
5934,6206.5,19444
5029,6701.5,19442
5483,6109,19439
4762,6681,19435
5488,6352,19431
5693,7352,19417
4803,6428,19405
5035,6734,19403
4968,7451,19403
4447,6677,19382
5915,5846,19382
5121,6790,19381
5954,6287,19379
6275,6521,19376
5131,6685,19375
5019,6827.5,19368
5955,6285,19366
4938,7282,19359
5498,6138.5,19350
4764,6612,19350
5899,6978,19348
4797,6630,19343
4732,6688,19327
5880,6499,19315
4933,7518,19313
5045,7195,19313
4449,6644,19302
4832,7298,19294
5129,6755,19289
4909,7599.5,19288
4908,7416,19287
4792,6669,19268
4937,7316,19265
4634,6905,19261
5015,7281,19259
5126,6832,19257
4781,6657,19250
4912,7320,19241
5028,6817.5,19238
4733,6809,19229
4777,6364.5,19218
5122,6745,19216
4758,6638,19215
5049,7449,19205
4470,6754,19199
4760,6816,19189
4392,7130,19185
4921,7279,19185
4444,6753,19179
5945,6496,19171
5014,7299,19157
5495,6512.5,19148
4704,6500,19145
5723,5985,19143
4757,6547,19131
4770,6654,19125
4586,6674.5,19112
5044,7409,19110
4815,6775,19095
4534,6577,19080
4808,6706.5,19078
4473,6883,19072
5127,6794.5,19056
5673,5923,19047
4778,6403,19042
4453,6579,19036
9,972,19034
4496,6571.5,19034
4809,6636,19033
4914,7432.5,19028
5489,6517.5,19026
4491,6738,19025
5011,7275,19013
4469,6760,19012
5500,6128,19010
4775,6529,19001
5082,6948,18999
4487,6750.5,18990
4780,6696.5,18986
5892,6747,18986
4472,6894,18984
4710,6846,18979
4632,7876,18979
4503,6202,18968
4443,6617,18967
4568,6581,18953
4703,6437,18952
4768,6706,18949
4932,7445,18943
4493,6641,18941
5830,7582,18938
4531,6535,18935
5782,6355.5,18930
4922,7496,18929
5013,7261,18925
4393,7188,18924
5882,6413,18910
5922,6392,18905
5953,6394,18884
4804,6627,18862
4811,6801,18860
4711,6823,18859
4794,6687,18859
5907,6606,18859
4743,7007.5,18848
5076,7373,18841
6038,6028,18841
5421,6519,18838
5477,6396,18837
4402,6999,18829
4863,7181,18827
6252,6487,18821
4535,6763,18816
4497,6549,18813
5486,6343,18812
4641,6954,18809