DEVICETYPENAME,bytesImg,avg_visual_complete,median_visual_complete,visual_complete_90,FREQ
Desktop,0,2318.372708,1600,4100,75912
Desktop,10000,3083.893161,2300,5200,73297
Desktop,20000,3309.652629,2500,5500,57892
Desktop,30000,3457.571144,2600,5800,46673
Desktop,40000,3605.159971,2800,6000,41145
Desktop,50000,3637.067289,2800,6100,36871
Desktop,60000,3715.259097,2900,6100,36523
Desktop,70000,3768.985162,2900,6300,31878
Desktop,80000,3919.140187,3000,6500,31087
Desktop,90000,3989.544972,3100,6600,29985
Desktop,100000,3731.397258,2800,6400,34207
Desktop,110000,4109.652546,3200,7000,29578
Desktop,120000,4174.759042,3200,7000,28727
Desktop,130000,4244.674309,3300,7000,27741
Desktop,140000,4277.270013,3300,7200,28306
Desktop,150000,4383.877977,3400,7300,26454
Desktop,160000,4493.210818,3500,7700,26364
Desktop,170000,4467.78274,3500,7600,25573
Desktop,180000,4466.578249,3600,7600,25157
Desktop,190000,4294.013325,3400,7300,27092
Desktop,200000,4637.51376,3700,7700,24346
Desktop,210000,4784.596167,3700,7800,24104
Desktop,220000,4601.058623,3700,7600,23523
Desktop,230000,4706.014726,3800,7700,23360
Desktop,240000,4767.327432,3700,7900,22820
Desktop,250000,4796.245494,3800,7900,21972
Desktop,260000,4840.862569,3800,7900,21800
Desktop,270000,4851.487891,3900,8000,22050
Desktop,280000,4854.223777,3900,8000,21937
Desktop,290000,4964.449607,3900,8200,21392
Desktop,300000,5008.122604,4000,8300,21337
Desktop,310000,5050.583862,4000,8300,21428
Desktop,320000,5150.79192,4000,8500,20718
Desktop,330000,5126.521336,4100,8600,20482
Desktop,340000,5162.37263,4000,8600,20307
Desktop,350000,5207.904578,4100,8600,19901
Desktop,360000,5253.23816,4200,8500,19890
Desktop,370000,5306.974588,4200,8800,19400
Desktop,380000,5249.205779,4200,8600,19380
Desktop,390000,5283.569667,4200,8600,19062
Desktop,400000,5397.496168,4200,8800,19048
Desktop,410000,5357.640656,4300,8800,19018
Desktop,420000,5397.039549,4300,8900,18711
Desktop,430000,5447.869866,4300,9000,18212
Desktop,440000,5459.138286,4300,9000,18440
Desktop,450000,5572.680768,4400,9300,17965
Desktop,460000,5498.005451,4300,9000,17796
Desktop,470000,5501.556405,4400,8900,18057
Desktop,480000,5536.832505,4400,9100,17702
Desktop,490000,5635.783297,4400,9300,17254
Desktop,500000,5684.986506,4500,9300,17637
Desktop,510000,5684.915274,4500,9400,16937
Desktop,520000,5684.99399,4500,9400,16806
Desktop,530000,5719.71141,4600,9200,16889
Desktop,540000,5826.985933,4600,9500,16635
Desktop,550000,5849.885952,4600,9600,16572
Desktop,560000,5866.467482,4600,9500,16345
Desktop,570000,5859.488719,4600,9600,16267
Desktop,580000,5944.398516,4700,9700,15771
Desktop,590000,5893.147662,4700,9700,15935
Desktop,600000,5886.043063,4700,9700,15791
Desktop,610000,6037.70993,4800,9800,15479
Desktop,620000,5988.579768,4800,9900,15332
Desktop,630000,6028.733297,4800,9900,14788
Desktop,640000,6069.364875,4900,9900,15123
Desktop,650000,6044.188907,4900,9900,15108
Desktop,660000,6146.325585,4900,10000,14884
Desktop,670000,6170.683344,4900,10000,14691
Desktop,680000,6127.575888,5000,10000,14640
Desktop,690000,6139.302051,5000,9900,14577
Desktop,700000,6307.542786,5100,10500,14479
Desktop,710000,6281.611639,5100,10200,14090
Desktop,720000,6324.481873,5000,10300,14178
Desktop,730000,6286.717387,5000,10200,13867
Desktop,740000,6339.742368,5100,10200,13857
Desktop,750000,6363.502928,5100,10300,13831
Desktop,760000,6341.581716,5100,10300,13761
Desktop,770000,6459.290502,5200,10400,13456
Desktop,780000,6347.291421,5100,10300,13417
Desktop,790000,6353.115522,5200,10300,13452
Desktop,800000,6372.405498,5200,10400,13169
Desktop,810000,6420.140603,5200,10400,12994
Desktop,820000,6509.878729,5300,10600,12806
Desktop,830000,6521.575835,5300,10500,12936
Desktop,840000,6576.362184,5300,10600,12894
Desktop,850000,6528.789557,5300,10600,12602
Desktop,860000,6578.500158,5400,10500,12646
Desktop,870000,7620.077158,5600,12800,13090
Desktop,880000,6619.790782,5400,10700,12193
Desktop,890000,6680.225485,5500,10800,12258
Desktop,900000,6711.255049,5400,10700,12280
Desktop,910000,6668.993581,5400,10700,12152
Desktop,920000,6736.345911,5500,10800,12032
Desktop,930000,6749.585211,5500,11000,11671
Desktop,940000,6809.917946,5600,10900,11858
Desktop,950000,6833.721192,5600,10900,11542
Desktop,960000,6731.626087,5600,10900,11845
Desktop,970000,6789.484096,5600,10900,11601
Desktop,980000,6881.689437,5600,11000,11228
Desktop,990000,6833.807022,5700,10900,11421
Desktop,1000000,6862.876251,5600,10900,11289
Desktop,1010000,7010.462432,5800,11100,11193
Desktop,1020000,6900.180625,5700,11100,11128
Desktop,1030000,6990.869082,5800,11200,10984
Desktop,1040000,7055.276752,5700,11300,10728
Desktop,1050000,7063.196082,5700,11300,10822
Desktop,1060000,7004.060479,5700,11300,10764
Desktop,1070000,6948.10405,5800,11200,10889
Desktop,1080000,7109.060808,5900,11300,10673
Desktop,1090000,7127.026756,5800,11500,10353
Desktop,1100000,7108.798735,5900,11400,10116
Desktop,1110000,7176.158878,6000,11500,10121
Desktop,1120000,7096.584533,5900,11300,10215
Desktop,1130000,7229.244584,5900,11500,10156
Desktop,1140000,7141.006877,5900,11400,10179
Desktop,1150000,7165.99379,5900,11500,10145
Desktop,1160000,7154.393041,5900,11400,9915
Desktop,1170000,7377.86042,6100,11800,9765
Desktop,1180000,7327.557243,6100,11500,9809
Desktop,1190000,7328.851306,6100,11500,9570
Desktop,1200000,7342.621926,6100,11500,9514
Desktop,1210000,7340.799537,6200,11700,9493
Desktop,1220000,7472.690717,6200,11900,9674
Desktop,1230000,7381.736701,6200,11700,9324
Desktop,1240000,7395.806195,6300,11700,9298
Desktop,1250000,7432.615582,6200,11700,9370
Desktop,1260000,7413.329557,6300,11700,9003
Desktop,1270000,7479.4587,6200,12000,9322
Desktop,1280000,7505.893221,6200,11800,9131
Desktop,1290000,7579.605939,6300,12000,8958
Desktop,1300000,7469.599797,6300,11800,8878
Desktop,1310000,7588.210405,6400,11900,9092
Desktop,1320000,7631.978112,6400,11900,8772
Desktop,1330000,7670.40745,6400,12200,8752
Desktop,1340000,7535.937936,6400,12000,8604
Desktop,1350000,7627.089794,6400,12000,8642
Desktop,1360000,7637.470843,6400,12100,8300
Desktop,1370000,7503.643258,6300,11900,8373
Desktop,1380000,7653.481706,6400,12000,8418
Desktop,1390000,7739.932415,6600,12000,8715
Desktop,1400000,7712.682886,6500,12300,8303
Desktop,1410000,7710.131454,6600,12000,8193
Desktop,1420000,7656.876999,6500,12000,8130
Desktop,1430000,7706.908466,6500,12000,8150
Desktop,1440000,7830.471889,6600,12300,8093
Desktop,1450000,7747.220457,6600,12100,8183
Desktop,1460000,7856.802015,6700,12300,7940
Desktop,1470000,7847.180525,6700,12200,8154
Desktop,1480000,7664.435948,6500,12100,8618
Desktop,1490000,7865.16942,6700,12400,7809
Desktop,1500000,8026.997908,6700,12300,7649
Desktop,1510000,8012.21136,6700,12600,7641
Desktop,1520000,7946.595082,6800,12300,7604
Desktop,1530000,8007.782122,6800,12400,7596
Desktop,1540000,8076.814987,6800,12500,7513
Desktop,1550000,8060.672644,6800,12500,7417
Desktop,1560000,8065.012968,6900,12300,7634
Desktop,1570000,8066.977583,6900,12600,7316
Desktop,1580000,8071.173849,6900,12500,7472
Desktop,1590000,8094.38787,6900,12400,7304
Desktop,1600000,8181.670981,7000,12800,7185
Desktop,1610000,8137.43559,7000,12700,7266
Desktop,1620000,8304.902819,7000,12600,7059
Desktop,1630000,8241.569113,7000,12700,7032
Desktop,1640000,8189.296393,7000,12700,6903
Desktop,1650000,8208.399131,7000,12800,7133
Desktop,1660000,8185.10724,7100,12700,7003
Desktop,1670000,8197.030441,7000,12700,6800
Desktop,1680000,8210.729876,7100,13000,7019
Desktop,1690000,8187.403774,7100,12800,6890
Desktop,1700000,8198.803165,7100,12800,6762
Desktop,1710000,8385.178037,7100,13000,6611
Desktop,1720000,8411.732234,7200,13000,6487
Desktop,1730000,8290.115367,7200,13000,6605
Desktop,1740000,8299.697218,7100,12900,6579
Desktop,1750000,8366.139449,7200,13000,6246
Desktop,1760000,8383.736394,7300,12900,6339
Desktop,1770000,8383.841085,7200,12900,6343
Desktop,1780000,8400.333228,7300,13100,6335
Desktop,1790000,8376.80509,7300,13000,6208
Desktop,1800000,8421.043617,7300,13000,6259
Desktop,1810000,8463.905175,7400,12900,6106
Desktop,1820000,8548.324097,7300,13000,6171
Desktop,1830000,8401.209628,7200,13100,6211
Desktop,1840000,8464.449772,7400,13200,6132
Desktop,1850000,8561.058948,7400,13100,6158
Desktop,1860000,8573.488052,7300,13200,6110
Desktop,1870000,8542.158693,7500,13100,5999
Desktop,1880000,8678.904603,7500,13500,5996
Desktop,1890000,8728.289148,7600,13400,5907
Desktop,1900000,8717.538329,7600,13100,5805
Desktop,1910000,8824.584663,7600,13700,5764
Desktop,1920000,8814.760621,7600,13500,5861
Desktop,1930000,8770.8747,7600,13600,5826
Desktop,1940000,8624.378383,7600,13100,5653
Desktop,1950000,8809.717704,7600,13300,5558
Desktop,1960000,8859.505011,7600,13700,5588
Desktop,1970000,8832.145484,7600,13700,5547
Desktop,1980000,8827.520471,7800,13600,5520
Desktop,1990000,8897.945165,7700,13600,5398
Desktop,2000000,8865.413667,7700,13600,5473
Desktop,2010000,9000.218643,7700,13800,5525
Desktop,2020000,9136.853707,8000,13900,5571
Desktop,2030000,8817.665501,7700,13400,5435
Desktop,2040000,8912.94905,7800,13800,5476
Desktop,2050000,9008.641133,7800,13700,5509
Desktop,2060000,8954.52381,7900,13500,5418
Desktop,2070000,9050.303477,7900,13600,5292
Desktop,2080000,8994.871172,8000,13800,5224
Desktop,2090000,8931.871994,7800,13700,5281
Desktop,2100000,8983.71086,7800,13800,5046
Desktop,2110000,8922.366901,7700,13500,5124
Desktop,2120000,8998.418413,8000,13800,4866
Desktop,2130000,9074.615338,8000,13700,4916
Desktop,2140000,9143.085327,8000,13700,5016
Desktop,2150000,8890.927843,7900,13600,5003
Desktop,2160000,9023.578289,7900,13800,5039
Desktop,2170000,9048.85619,7900,13800,4798
Desktop,2180000,8988.971814,8000,14000,4896
Desktop,2190000,9057.557971,8000,13800,4830
Desktop,2200000,9262.285981,8000,14000,4815
Desktop,2210000,9178.69143,8200,14000,4819
Desktop,2220000,9148.365352,8000,13800,4768
Desktop,2230000,9210.986704,8000,14200,4588
Desktop,2240000,9189.133392,8100,14100,4573
Desktop,2250000,9177.310657,8100,14100,4645
Desktop,2260000,9418.078816,8300,14400,4796
Desktop,2270000,9319.137718,8200,14000,4698
Desktop,2280000,9201.114349,8000,13800,4495
Desktop,2290000,9462.457149,8200,14200,4504
Desktop,2300000,9359.656863,8100,14300,4692
Desktop,2310000,9278.07593,8200,14100,4570
Desktop,2320000,9167.734125,8100,14300,4630
Desktop,2330000,9300.877887,8300,14000,4676
Desktop,2340000,10024.05943,8900,15600,5250
Desktop,2350000,9687.087578,8300,14800,4476
Desktop,2360000,9506.779623,8400,14400,4515
Desktop,2370000,9379.588829,8300,14000,4458
Desktop,2380000,9448.693236,8400,14300,4391
Desktop,2390000,9567.770216,8400,14300,4452
Desktop,2400000,9346.501612,8300,14500,4342
Desktop,2410000,9507.431003,8300,14200,4348
Desktop,2420000,9499.143437,8500,14500,4190
Desktop,2430000,9573.360945,8500,14400,4189
Desktop,2440000,9506.976363,8500,14400,4273
Desktop,2450000,9753.297251,8500,14900,4111
Desktop,2460000,9630.385137,8500,14600,4279
Desktop,2470000,9641.55804,8600,14500,4204
Desktop,2480000,9640.075337,8600,14500,4075
Desktop,2490000,9613.558632,8400,14500,4153
Desktop,2500000,9660.051797,8600,14600,4035
Desktop,2510000,9802.848793,8600,14800,3935
Desktop,2520000,9496.971401,8500,14300,4091
Desktop,2530000,9684.094681,8600,15000,3929
Desktop,2540000,9737.404553,8600,14500,3997
Desktop,2550000,9607.245835,8600,14400,3962
Desktop,2560000,9719.055542,8600,14500,4015
Desktop,2570000,9854.024158,8700,15000,3891
Desktop,2580000,9832.924814,8700,14900,3897
Desktop,2590000,9896.900432,8700,15200,3706
Desktop,2600000,9756.060854,8700,14900,3796
Desktop,2610000,9838.982209,8700,14700,3766
Desktop,2620000,9902.489703,8700,15200,3739
Desktop,2630000,9771.528007,8700,14600,3642
Desktop,2640000,9939.547185,8800,15000,3730
Desktop,2650000,10078.24384,8900,15200,3732
Desktop,2660000,9767.07665,8800,14800,3666
Desktop,2670000,9807.787138,8900,14900,3763
Desktop,2680000,9836.395465,8800,15000,3616
Desktop,2690000,9827.824499,8800,15000,3641
Desktop,2700000,10021.30276,8900,15300,3554
Desktop,2710000,9856.60396,8900,14900,3636
Desktop,2720000,9794.785063,8800,14800,3508
Desktop,2730000,10203.55632,9000,15600,3631
Desktop,2740000,10021.39262,8900,15200,3525
Desktop,2750000,10047.73911,8900,15200,3557
Desktop,2760000,10130.11778,9000,15401,3583
Desktop,2770000,10236.10969,9100,15000,3437
Desktop,2780000,9960.678529,8900,15000,3400
Desktop,2790000,10211.92845,9000,15200,3438
Desktop,2800000,10144.16272,9200,15000,3417
Desktop,2810000,10127.5441,9100,15401,3413
Desktop,2820000,10272.7196,9100,15401,3306
Desktop,2830000,10102.65023,9200,15401,3325
Desktop,2840000,10325.39083,9200,15500,3403
Desktop,2850000,10103.97069,9100,15401,3275
Desktop,2860000,10238.13647,9100,15700,3312
Desktop,2870000,10241.99261,9200,15301,3246
Desktop,2880000,10296.51512,9200,15300,3240
Desktop,2890000,10300.35975,9200,15500,3369
Desktop,2900000,10307.88243,9300,15500,3198
Desktop,2910000,10301.8274,9100,15300,3233
Desktop,2920000,10008.24401,9000,15000,3131
Desktop,2930000,10449.64315,9300,16000,3189
Desktop,2940000,10199.87224,9100,15500,3084
Desktop,2950000,10244.25095,9300,15401,3164
Desktop,2960000,10297.21129,9300,15300,3152
Desktop,2970000,10380.62034,9300,15700,3137
Desktop,2980000,10577.57058,9300,15700,3018
Desktop,2990000,10358.6284,9300,15700,3084
Desktop,3000000,10343.25266,9300,15800,3008
Desktop,3010000,10468.57708,9400,15700,3010
Desktop,3020000,10408.99769,9400,15700,3035
Desktop,3030000,10595.16961,9400,16000,3001
Desktop,3040000,10770.4119,9600,16300,2957
Desktop,3050000,10667.90062,9400,16100,3059
Desktop,3060000,10513.51634,9500,15800,2938
Desktop,3070000,10319.62721,9400,15800,2991
Desktop,3080000,10417.21856,9500,15600,2910
Desktop,3090000,10559.2836,9400,16000,2969
Desktop,3100000,10719.83474,9500,16000,2844
Desktop,3110000,10566.85232,9400,15700,2932
Desktop,3120000,10563.4723,9600,16100,2888
Desktop,3130000,10418.12575,9500,15600,2847
Desktop,3140000,10655.86996,9500,15500,2830
Desktop,3150000,10679.81149,9700,16000,2907
Desktop,3160000,10712.89413,9700,16000,2777
Desktop,3170000,10744.03604,9800,16000,2941
Desktop,3180000,10823.09898,9600,16300,2940
Desktop,3190000,10562.24192,9600,15800,2815
Desktop,3200000,10968.68966,9700,16100,2871
Desktop,3210000,10563.49841,9700,15900,2827
Desktop,3220000,10661.26159,9600,15700,2718
Desktop,3230000,10898.77984,10000,16100,2698
Desktop,3240000,10907.33431,9800,16000,2728
Desktop,3250000,10878.9923,10000,16300,2727
Desktop,3260000,10709.53986,9700,16000,2747
Desktop,3270000,11019.84845,9900,16300,2580
Desktop,3280000,10779.05568,9800,16400,2640
Desktop,3290000,11043.85284,10100,16300,2691
Desktop,3300000,10861.94423,9900,16100,2546
Desktop,3310000,10937.28728,9800,16400,2548
Desktop,3320000,10927.3929,9800,16500,2647
Desktop,3330000,11051.36699,9800,16200,2605
Desktop,3340000,10774.84729,9900,16300,2580
Desktop,3350000,11025.1217,10100,16500,2572
Desktop,3360000,11243.07365,10200,17000,2417
Desktop,3370000,11132.9351,10000,16600,2496
Desktop,3380000,11102.20753,10100,16500,2496
Desktop,3390000,11311.20508,9900,17200,2482
Desktop,3400000,10926.89522,10000,16700,2510
Desktop,3410000,11046.19896,10000,16500,2498
Desktop,3420000,11232.4646,10200,16700,2486
Desktop,3430000,10934.37964,9900,16300,2397
Desktop,3440000,10971.97307,10000,16500,2451
Desktop,3450000,11090.57682,10000,16700,2493
Desktop,3460000,11356.66653,10200,17000,2402
Desktop,3470000,10976.75729,10000,16400,2435
Desktop,3480000,11108.13428,10200,16400,2398
Desktop,3490000,11316.62533,10300,17400,2274
Desktop,3500000,11249.80724,10200,16900,2293
Desktop,3510000,11234.09987,10100,16600,2273
Desktop,3520000,11209.97705,10200,16700,2396
Desktop,3530000,11243.34639,10200,16900,2298
Desktop,3540000,11112.23064,10200,16400,2298
Desktop,3550000,11094.98166,10100,16400,2290
Desktop,3560000,11138.10549,10300,16700,2294
Desktop,3570000,11219.35976,10300,16700,2371
Desktop,3580000,11385.0867,10300,17000,2353
Desktop,3590000,11015.31612,10200,16500,2227
Desktop,3600000,11556.92387,10500,17000,2233
Desktop,3610000,11190.13664,10300,16500,2159
Desktop,3620000,11600.18029,10600,17700,2263
Desktop,3630000,11107.22703,10200,16500,2242
Desktop,3640000,11449.5697,10400,17100,2310
Desktop,3650000,11144.66835,10400,16100,2174
Desktop,3660000,11580.72112,10500,17200,2173
Desktop,3670000,11595.55972,10600,17000,2160
Desktop,3680000,11368.47249,10400,16800,2163
Desktop,3690000,11479.73288,10600,17000,2190
Desktop,3700000,11489.7132,10500,17000,2099
Desktop,3710000,11522.60897,10600,17000,2097
Desktop,3720000,11515.46382,10500,16900,2128
Desktop,3730000,11732.88431,10500,17300,2135
Desktop,3740000,11557.72789,10700,17200,2058
Desktop,3750000,11826.87066,10700,17100,2103
Desktop,3760000,11742.58955,10600,17300,2010
Desktop,3770000,11513.44526,10700,17200,2046
Desktop,3780000,11666.3304,10600,17200,2043
Desktop,3790000,11707.90755,10600,17600,2012
Desktop,3800000,11557.73283,10800,17100,1980
Desktop,3810000,11590.26644,10700,16800,2023
Desktop,3820000,11554.28493,10700,17100,1997
Desktop,3830000,11635.8122,10800,17100,1885
Desktop,3840000,11720.56507,10700,17400,2067
Desktop,3850000,11585.96236,10700,17300,1966
Desktop,3860000,11665.363,10600,17300,1989
Desktop,3870000,11557.28027,10600,17100,2048
Desktop,3880000,11653.16355,10700,17100,1981
Desktop,3890000,11953.04701,11000,17600,2021
Desktop,3900000,11936.60533,10800,17500,1989
Desktop,3910000,12070.36837,10900,18000,1903
Desktop,3920000,11571.72469,10700,16600,1867
Desktop,3930000,12031.91032,10900,18100,1918
Desktop,3940000,11685.63309,10800,17900,1886
Desktop,3950000,11611.21388,10600,17000,1945
Desktop,3960000,11751.10609,10900,17600,1904
Desktop,3970000,11668.89631,10900,17100,1842
Desktop,3980000,11655.65622,10800,17300,1946
Desktop,3990000,11895.12995,11100,17600,1970
Desktop,4000000,11818.27635,11000,17400,1784
Desktop,4010000,12203.58338,11200,17800,1817
Desktop,4020000,11888.56768,10900,17500,1906
Desktop,4030000,11680.06771,11000,17300,1861
Desktop,4040000,12103.16007,11000,18100,1743
Desktop,4050000,11854.32879,11200,17300,1907
Desktop,4060000,12381.50321,11400,18300,1870
Desktop,4070000,12017.66496,11100,17500,1755
Desktop,4080000,12153.6439,11200,18100,1786
Desktop,4090000,11810.88588,11200,17400,1700
Desktop,4100000,12005.00798,11100,17400,1879
Desktop,4110000,12072.91815,11100,18200,1857
Desktop,4120000,12117.343,11200,18600,1828
Desktop,4130000,11961.92038,11100,17700,1796
Desktop,4140000,12320.23801,11400,18300,1710
Desktop,4150000,11879.99335,11100,17500,1654
Desktop,4160000,12104.40823,11300,18000,1749
Desktop,4170000,12111.37225,11300,17800,1636
Desktop,4180000,12187.68368,11300,18000,1802
Desktop,4190000,12422.92127,11500,18600,1702
Desktop,4200000,12212.66823,11300,18000,1706
Desktop,4210000,12021.24707,11400,17900,1704
Desktop,4220000,12311.29933,11500,17900,1647
Desktop,4230000,11910.57084,11000,18000,1694
Desktop,4240000,12037.6929,11300,18200,1677
Desktop,4250000,12371.73439,11500,18600,1698
Desktop,4260000,12267.80444,11300,18300,1621
Desktop,4270000,12224.58141,11400,18300,1603
Desktop,4280000,12312.84582,11500,17900,1628
Desktop,4290000,12167.00631,11300,18000,1585
Desktop,4300000,11967.88435,11500,17500,1591
Desktop,4310000,12179.96731,11400,18400,1652
Desktop,4320000,12491.59988,11600,18800,1642
Desktop,4330000,12334.19937,11500,17900,1585
Desktop,4340000,12474.54316,11500,18600,1622
Desktop,4350000,12558.39871,11700,19400,1555
Desktop,4360000,12298.91055,11700,18200,1554
Desktop,4370000,12487.31789,11700,18500,1576
Desktop,4380000,12108.87845,11400,18400,1522
Desktop,4390000,12422.99543,11700,18700,1531
Desktop,4400000,12797.42732,11900,18600,1706
Desktop,4410000,12915.34309,11800,19000,1571
Desktop,4420000,12672.12875,11800,18300,1600
Desktop,4430000,12502.84544,11600,18200,1514
Desktop,4440000,12053.9876,11600,18200,1532
Desktop,4450000,12511.50562,12000,18100,1513
Desktop,4460000,12625.03765,11700,19000,1514
Desktop,4470000,12954.59805,11900,18800,1535
Desktop,4480000,12784.59797,11900,18800,1480
Desktop,4490000,12600.27043,11900,18200,1505
Desktop,4500000,12701.02997,11800,19200,1468
Desktop,4510000,12550.82609,11900,18300,1403
Desktop,4520000,12879.55363,11900,19000,1501
Desktop,4530000,13040.62117,12000,19500,1502
Desktop,4540000,12158.49822,11700,18000,1407
Desktop,4550000,12811.5301,12000,18700,1362
Desktop,4560000,12808.4711,11900,18900,1488
Desktop,4570000,13271.73656,12200,19400,1507
Desktop,4580000,12685.30383,12100,19000,1435
Desktop,4590000,12759.29681,12000,18500,1442
Desktop,4600000,12892.91565,12000,19000,1482
Desktop,4610000,13016.60043,12200,19300,1404
Desktop,4620000,13122.56106,12100,18700,1392
Desktop,4630000,12757.79033,12000,19000,1407
Desktop,4640000,13088.80071,12000,18600,1410
Desktop,4650000,13048.80901,12200,19100,1377
Desktop,4660000,12892.98555,12200,18200,1453
Desktop,4670000,12733.06922,12200,18900,1358
Desktop,4680000,13136.71952,12200,19800,1419
Desktop,4690000,12903.12627,12300,19200,1378
Desktop,4700000,12627.90168,11900,18800,1312
Desktop,4710000,13369.08718,12300,19900,1365
Desktop,4720000,13083.60015,12300,18900,1323
Desktop,4730000,12722.04025,12100,18500,1416
Desktop,4740000,12707.33309,11900,18900,1378
Desktop,4750000,12653.48168,12300,19000,1337
Desktop,4760000,13097.61182,12200,19100,1337
Desktop,4770000,13109.77018,12300,19300,1301
Desktop,4780000,12819.49547,12200,18500,1324
Desktop,4790000,13177.49611,12500,19000,1284
Desktop,4800000,13059.85585,12400,18700,1325
Desktop,4810000,13322.43911,12500,19600,1355
Desktop,4820000,13362.9669,12400,19400,1269
Desktop,4830000,13294.06672,12600,19200,1229
Desktop,4840000,12847.21194,12500,19000,1307
Desktop,4850000,13222.22213,12500,19500,1256
Desktop,4860000,12975.82626,12700,19100,1249
Desktop,4870000,13698.46802,12600,20000,1235
Desktop,4880000,13031.65667,12200,19800,1267
Desktop,4890000,12982.49155,12500,19200,1302
Desktop,4900000,13053.54265,12500,19000,1231
Desktop,4910000,13160.00405,12600,19500,1235
Desktop,4920000,13461.00333,12700,19700,1200
Desktop,4930000,13416.46462,12800,19800,1173
Desktop,4940000,13056.82323,12400,19200,1188
Desktop,4950000,13356.81092,12700,19400,1264
Desktop,4960000,13227.80996,12800,19300,1205
Desktop,4970000,13356.0008,12700,19500,1243
Desktop,4980000,12978.55901,12600,19400,1254
Desktop,4990000,13660.60429,12800,20300,1213
Desktop,5000000,11798.18996,11100,17500,1653
Desktop,5010000,13529.88515,12800,20400,1158
Desktop,5020000,13266.36201,12700,19500,1174
Desktop,5030000,13273.4205,12700,19200,1151
Desktop,5040000,13230.66524,12800,19600,1171
Desktop,5050000,13000.09471,12700,19400,1172
Desktop,5060000,13701.87345,13100,19300,1130
Desktop,5070000,13440.51637,13000,19500,1222
Desktop,5080000,13524.09106,12900,19700,1208
Desktop,5090000,13401.4891,12600,20500,1147
Desktop,5100000,13330.91506,12900,20000,1142
Desktop,5110000,14147.04957,13300,21300,1150
Desktop,5120000,13117.23221,12700,19100,1068
Desktop,5130000,13675.27098,13000,20100,1144
Desktop,5140000,13637.85224,13100,20100,1049
Desktop,5150000,14016.55484,13300,20500,1094
Desktop,5160000,13883.5639,13100,20300,1119
Desktop,5170000,13758.875,13200,20500,1184
Desktop,5180000,13808.33846,13000,20400,1105
Desktop,5190000,13783.35679,13000,20100,1009
Desktop,5200000,13494.25133,12900,19400,1130
Desktop,5210000,14188.53388,13700,20300,1107
Desktop,5220000,13542.77739,12800,20400,1141
Desktop,5230000,13256.60673,12900,19400,1129
Desktop,5240000,13984.06223,13200,20500,1173
Desktop,5250000,13907.14273,13300,20900,1107
Desktop,5260000,13736.25186,13000,20000,1076
Desktop,5270000,13947.85518,13300,20500,1091
Desktop,5280000,14014.11212,13400,19900,1106
Desktop,5290000,13739.89526,13300,20200,1098
Desktop,5300000,14033.53352,13500,20800,1059
Desktop,5310000,13669.68441,13400,20200,1052
Desktop,5320000,13595.16222,13200,20500,1011
Desktop,5330000,13630.14521,13200,19900,1095
Desktop,5340000,13596.95033,13200,20500,1047
Desktop,5350000,14119.82075,13100,21200,1060
Desktop,5360000,13371.50048,12900,20200,1049
Desktop,5370000,14019.35462,13500,21000,1018
Desktop,5380000,14334.23852,13600,20400,1002
Desktop,5400000,14312.13252,13500,21000,1064
Desktop,5410000,14081.98207,13500,20500,1004
Desktop,5420000,14146.58555,13300,21000,1052
Desktop,5430000,13947.99719,13500,20900,1069
Desktop,5450000,13976.11324,13300,20000,1042
Desktop,5460000,14099.81331,13400,21000,1007
Desktop,5470000,14130.03469,13200,21000,1009
Desktop,5480000,14209.69634,13500,20500,1011
Desktop,5500000,14107.88287,13500,20500,1016
Desktop,5530000,14460.10547,13700,21000,1005
Desktop,5540000,14215.69911,13700,21000,1007
Desktop,5560000,14137.59202,13500,20600,1027
Mobile,0,6370.444423,5500,11000,121587
Mobile,10000,8507.631519,6900,13600,102822
Mobile,20000,8686.114576,7000,14300,83866
Mobile,30000,9042.361542,7300,15100,74232
Mobile,40000,9299.034005,7800,15000,68754
Mobile,50000,9510.589787,8000,15700,59847
Mobile,60000,9585.064074,7900,15500,53438
Mobile,70000,9859.805627,8100,16200,47625
Mobile,80000,10071.71575,8200,16500,46512
Mobile,90000,10440.94088,8600,17000,43320
Mobile,100000,10351.07719,8400,17200,45109
Mobile,110000,10809.23095,8900,17800,42437
Mobile,120000,11017.10509,9100,18000,40136
Mobile,130000,11339.33567,9300,18400,39095
Mobile,140000,11435.81225,9400,18800,38572
Mobile,150000,11748.09359,9700,19400,36619
Mobile,160000,11831.52872,9700,19400,36229
Mobile,170000,11955.61679,9900,19700,35323
Mobile,180000,12030.38964,9900,19800,34142
Mobile,190000,11752.72039,9700,19300,36279
Mobile,200000,12228.78719,10100,20000,33124
Mobile,210000,12387.63982,10300,20400,32181
Mobile,220000,12479.11214,10300,20400,31647
Mobile,230000,12602.5524,10500,20700,31157
Mobile,240000,12715.84982,10400,20600,30684
Mobile,250000,12840.51552,10600,20900,29834
Mobile,260000,12846.76015,10600,21000,29635
Mobile,270000,12907.13146,10700,21000,28974
Mobile,280000,13121.5914,10800,21500,28813
Mobile,290000,13133.70941,10800,21600,28287
Mobile,300000,13278.60381,11000,21700,27527
Mobile,310000,13422.73089,11100,22000,27030
Mobile,320000,13460.63163,11100,22000,27087
Mobile,330000,13517.50965,11300,22000,26679
Mobile,340000,13599.91276,11200,22100,26136
Mobile,350000,13678.83198,11400,22300,25604
Mobile,360000,13660.69358,11400,22100,25628
Mobile,370000,13690.89447,11300,22200,24827
Mobile,380000,13806.84282,11500,22400,24920
Mobile,390000,13861.33825,11500,22400,24473
Mobile,400000,13948.69552,11600,22900,24491
Mobile,410000,14012.73388,11700,22800,24121
Mobile,420000,14094.01879,11800,23000,23686
Mobile,430000,14118.80667,11800,22800,23535
Mobile,440000,14216.84476,11900,23000,23190
Mobile,450000,14376.83233,12000,23200,22759
Mobile,460000,14345.54426,12100,23000,22469
Mobile,470000,14445.60997,12200,23100,22452
Mobile,480000,14655.24555,12400,23600,21930
Mobile,490000,14588.6746,12300,23400,21930
Mobile,500000,14489.50814,12200,23300,21860
Mobile,510000,14672.93506,12400,23400,21588
Mobile,520000,14766.4775,12500,23700,21334
Mobile,530000,14834.18502,12600,23400,21587
Mobile,540000,14865.21617,12700,23800,20919
Mobile,550000,14910.84648,12700,24000,20682
Mobile,560000,14985.6345,12800,23900,20651
Mobile,570000,15089.93786,12800,24300,20759
Mobile,580000,15077.33977,12800,24000,20452
Mobile,590000,15212.34966,13000,24300,19985
Mobile,600000,15203.94237,13000,24400,19539
Mobile,610000,15291.72366,13100,24300,19317
Mobile,620000,15488.79154,13300,24700,19419
Mobile,630000,15478.32755,13300,24600,19005
Mobile,640000,15563.21981,13400,24400,19012
Mobile,650000,15591.45414,13500,24500,18602
Mobile,660000,15676.03136,13400,24800,18557
Mobile,670000,15638.59125,13400,24600,18422
Mobile,680000,15618.35402,13400,24600,18242
Mobile,690000,15868.55102,13700,25000,18032
Mobile,700000,15753.52017,13600,24700,17902
Mobile,710000,15958.50827,13800,25100,17839
Mobile,720000,15917.49859,13700,24900,17345
Mobile,730000,15992.68925,13900,25100,17329
Mobile,740000,16084.16813,13900,25200,17028
Mobile,750000,15994.32195,13900,25100,16832
Mobile,760000,16133.72658,14000,25200,17076
Mobile,770000,16215.95361,14000,25300,16706
Mobile,780000,16218.58495,14100,25300,16422
Mobile,790000,16294.85223,14200,25600,16390
Mobile,800000,16272.39521,14200,25600,16323
Mobile,810000,16361.20271,14200,25500,16181
Mobile,820000,16604.80155,14401,26000,15833
Mobile,830000,16346.60922,14300,25500,15830
Mobile,840000,16485.79786,14400,25500,15687
Mobile,850000,16646.94886,14700,26000,15466
Mobile,860000,16581.05563,14600,25600,15460
Mobile,870000,18256.53367,15000,29200,16008
Mobile,880000,16792.73716,14900,26100,14872
Mobile,890000,16874.81434,14801,26300,14774
Mobile,900000,16875.47065,14900,26100,14871
Mobile,910000,16920.22241,14801,26300,14716
Mobile,920000,16938.40245,15000,26600,14536
Mobile,930000,16981.23998,14900,26300,14568
Mobile,940000,16994.38221,15000,26400,14416
Mobile,950000,17087.1177,15100,26400,14189
Mobile,960000,17147.78568,15200,26300,14138
Mobile,970000,17406.2198,15400,26900,13872
Mobile,980000,17423.52577,15400,27000,13755
Mobile,990000,17308.21996,15300,26800,13616
Mobile,1000000,17447.17275,15300,27100,13563
Mobile,1010000,17490.83354,15500,27200,13517
Mobile,1020000,17575.07018,15500,27400,13322
Mobile,1030000,17642.04815,15700,27100,13354
Mobile,1040000,17576.55692,15500,27200,13079
Mobile,1050000,17722.48062,15600,27400,13131
Mobile,1060000,17804.87508,15800,27500,13024
Mobile,1070000,17941.18976,15900,27600,12811
Mobile,1080000,17972.48372,16000,27600,12774
Mobile,1090000,17959.81198,16000,27400,12658
Mobile,1100000,17948.92757,16000,27700,12592
Mobile,1110000,18215.29395,16200,28000,12475
Mobile,1120000,18106.886,16000,27900,12430
Mobile,1130000,18124.31649,16100,28000,12193
Mobile,1140000,18299.18878,16200,28300,12226
Mobile,1150000,18247.44893,16300,28100,12209
Mobile,1160000,18378.07582,16200,28000,12028
Mobile,1170000,18482.01689,16500,28400,11962
Mobile,1180000,18331.51388,16300,28200,11956
Mobile,1190000,18605.53169,16700,28200,11785
Mobile,1200000,18661.14821,16700,28600,11652
Mobile,1210000,18716.0284,16700,28700,11585
Mobile,1220000,18818.33435,16900,28900,11449
Mobile,1230000,18517.74039,16600,28300,11182
Mobile,1240000,18841.16598,16900,28500,11242
Mobile,1250000,18915.61728,17000,28800,10974
Mobile,1260000,18887.52482,17000,29000,10998
Mobile,1270000,18975.06468,17100,29000,11117
Mobile,1280000,18978.89052,17000,29100,11034
Mobile,1290000,18968.88671,17100,28700,10848
Mobile,1300000,18912.55971,17000,28800,10652
Mobile,1310000,19063.99466,17100,29300,10676
Mobile,1320000,19034.98631,17200,29000,10515
Mobile,1330000,19319.64028,17500,29500,10497
Mobile,1340000,19366.04278,17400,29400,10402
Mobile,1350000,19139.02039,17300,29300,10348
Mobile,1360000,19411.92953,17600,29300,10174
Mobile,1370000,19356.70389,17800,29100,10057
Mobile,1380000,19433.78485,17700,29400,10137
Mobile,1390000,19297.59677,17500,29300,9957
Mobile,1400000,19579.68343,17900,29600,9963
Mobile,1410000,19486.95432,17700,29900,9982
Mobile,1420000,19411.3176,17900,29500,9893
Mobile,1430000,19893.09493,18000,30100,9923
Mobile,1440000,19810.00326,18000,30000,9523
Mobile,1450000,19687.85328,17900,29900,9733
Mobile,1460000,19775.56509,18100,30000,9549
Mobile,1470000,20068.38852,18200,30500,9289
Mobile,1480000,19978.23212,18200,29800,9383
Mobile,1490000,20024.57941,18300,30200,9470
Mobile,1500000,20002.0644,18200,30300,9192
Mobile,1510000,20147.86963,18300,30300,9496
Mobile,1520000,20183.20465,18500,30600,9284
Mobile,1530000,20043.08449,18400,30500,9114
Mobile,1540000,20358.91356,18600,31000,8931
Mobile,1550000,20376.70128,18600,30600,8955
Mobile,1560000,20445.35266,18700,31100,8881
Mobile,1570000,20375.73646,18600,30500,8883
Mobile,1580000,20271.43362,18700,30400,8851
Mobile,1590000,20460.59266,18900,30700,8639
Mobile,1600000,20252.72169,18800,30300,8548
Mobile,1610000,20451.49046,18800,31001,8702
Mobile,1620000,20475.32596,18900,30900,8630
Mobile,1630000,20654.89382,19000,31600,8523
Mobile,1640000,20717.02969,19000,31401,8453
Mobile,1650000,20779.31741,19000,31500,8415
Mobile,1660000,20713.88524,19100,31300,8200
Mobile,1670000,20910.69053,19200,31700,8172
Mobile,1680000,20861.96592,19200,31300,8246
Mobile,1690000,21020.83484,19400,31600,8162
Mobile,1700000,20921.8934,19400,31401,8105
Mobile,1710000,21032.60257,19400,32000,7946
Mobile,1720000,21012.34416,19600,31501,7822
Mobile,1730000,21328.52897,19600,32600,8078
Mobile,1740000,21203.46967,19900,32100,8029
Mobile,1750000,21343.83952,19800,32100,7814
Mobile,1760000,21274.53347,19700,32000,7753
Mobile,1770000,21131.02508,19700,32000,7657
Mobile,1780000,21458.57165,19800,32400,7725
Mobile,1790000,21278.29145,19700,31900,7552
Mobile,1800000,21629.83338,20000,32800,7604
Mobile,1810000,21258.78164,19900,32000,7442
Mobile,1820000,21768.32197,20200,33000,7479
Mobile,1830000,21702.65894,20100,33000,7503
Mobile,1840000,21641.94152,20000,32700,7421
Mobile,1850000,21744.78558,20200,32500,7490
Mobile,1860000,21590.53551,20200,32300,7210
Mobile,1870000,21782.87658,20300,33100,7203
Mobile,1880000,21675.23304,20200,32800,7209
Mobile,1890000,21729.96751,20100,32800,7110
Mobile,1900000,21746.27026,20200,33000,7330
Mobile,1910000,22097.05203,20500,33100,7035
Mobile,1920000,22188.08589,20600,33000,7021
Mobile,1930000,21959.41182,20600,32900,6991
Mobile,1940000,22054.49688,20500,33400,7062
Mobile,1950000,22105.51874,20600,33100,6805
Mobile,1960000,22198.89863,20700,33500,6856
Mobile,1970000,22022.11418,20500,33000,6998
Mobile,1980000,22082.50472,20700,32900,6776
Mobile,1990000,22198.09171,20900,33200,6782
Mobile,2000000,22132.04504,20800,33000,6661
Mobile,2010000,22121.66578,20800,33200,6801
Mobile,2020000,22209.26734,20800,33200,6587
Mobile,2030000,22338.63421,20900,33200,6542
Mobile,2040000,22202.08573,20900,33000,6544
Mobile,2050000,22532.44926,21100,33500,6553
Mobile,2060000,22258.60793,20900,33000,6657
Mobile,2070000,22317.43129,21000,33400,6578
Mobile,2080000,22508.56211,21200,34000,6545
Mobile,2090000,22540.85636,21200,33900,6377
Mobile,2100000,22728.23599,21500,34000,6352
Mobile,2110000,22585.94918,21500,33400,6316
Mobile,2120000,22804.24531,21500,34100,6184
Mobile,2130000,22722.12556,21400,34200,6212
Mobile,2140000,22912.05421,21500,34400,6143
Mobile,2150000,23019.97487,21600,34500,5969
Mobile,2160000,22776.96424,21600,34300,6097
Mobile,2170000,23221.17716,21800,35000,6051
Mobile,2180000,23085.49002,22000,34400,6014
Mobile,2190000,23150.7614,21900,34700,5834
Mobile,2200000,23123.24187,22000,34500,6090
Mobile,2210000,22911.47934,21500,34300,5858
Mobile,2220000,23296.83136,22200,34800,5918
Mobile,2230000,23139.38124,21800,34700,5671
Mobile,2240000,23500.33862,22200,35000,5735
Mobile,2250000,23340.12208,22000,35000,5816
Mobile,2260000,23379.88176,22100,35000,5734
Mobile,2270000,23306.94972,22100,34600,5688
Mobile,2280000,23519.71595,22200,34700,5668
Mobile,2290000,23687.70482,22500,35000,5617
Mobile,2300000,23552.66767,22400,35000,5672
Mobile,2310000,23741.95005,22500,35600,5505
Mobile,2320000,23524.7212,22500,35100,5495
Mobile,2330000,23847.61522,22500,35900,5455
Mobile,2340000,23668.4353,22300,34400,6221
Mobile,2350000,23948.90132,22700,35900,5381
Mobile,2360000,23694.56548,22700,34900,5475
Mobile,2370000,24357.25555,23100,36100,5541
Mobile,2380000,23933.305,22900,35100,5364
Mobile,2390000,23669.01725,22700,35100,5276
Mobile,2400000,24104.77319,22900,35800,5163
Mobile,2410000,24037.105,23000,35800,5219
Mobile,2420000,24332.07076,23100,36100,5271
Mobile,2430000,24117.41655,23000,36200,5147
Mobile,2440000,24274.29839,23200,35900,5228
Mobile,2450000,24358.03299,23200,36400,5153
Mobile,2460000,24260.34362,23300,36000,5186
Mobile,2470000,24473.80169,23300,36200,5098
Mobile,2480000,24574.1394,23400,36600,4921
Mobile,2490000,24652.96194,23600,36800,4940
Mobile,2500000,24378.79004,23500,36400,4901
Mobile,2510000,24582.02472,23300,36200,4854
Mobile,2520000,24571.39578,23800,36500,4980
Mobile,2530000,24788.1073,24000,36500,4781
Mobile,2540000,25023.30219,23900,37000,4838
Mobile,2550000,24831.15797,24000,36600,4716
Mobile,2560000,24931.87513,23900,37000,4701
Mobile,2570000,24811.51082,23900,36600,4669
Mobile,2580000,24816.99115,23900,36900,4634
Mobile,2590000,25104.39178,24200,37000,4722
Mobile,2600000,25064.48797,24300,37100,4572
Mobile,2610000,25128.33005,24100,37500,4569
Mobile,2620000,25009.43853,24100,36900,4474
Mobile,2630000,25337.48692,24500,37400,4512
Mobile,2640000,25227.31941,24300,37400,4643
Mobile,2650000,25258.84667,24400,37700,4448
Mobile,2660000,25462.77279,24500,37700,4498
Mobile,2670000,25623.30769,24700,37900,4459
Mobile,2680000,25589.94687,24700,38000,4404
Mobile,2690000,25243.20408,24600,37800,4366
Mobile,2700000,25614.13413,24600,38500,4354
Mobile,2710000,25509.61978,24900,37600,4337
Mobile,2720000,25845.57805,25000,38000,4356
Mobile,2730000,25790.89825,24900,38000,4236
Mobile,2740000,25661.67143,25000,37900,4267
Mobile,2750000,25564.04962,24800,37900,4252
Mobile,2760000,25801.95704,24800,38000,4213
Mobile,2770000,25602.89362,25000,37500,4296
Mobile,2780000,25898.31443,25100,37900,4074
Mobile,2790000,26026.06941,25400,38100,4351
Mobile,2800000,25730.19202,25300,38100,4062
Mobile,2810000,25917.26172,25400,38200,4161
Mobile,2820000,25929.35831,25100,38000,4150
Mobile,2830000,25734.92472,25100,38000,4038
Mobile,2840000,25936.88243,25100,38200,4057
Mobile,2850000,25882.39363,25300,38100,4019
Mobile,2860000,26035.39414,25400,38500,4095
Mobile,2870000,25993.24833,25600,37600,3890
Mobile,2880000,25921.16588,25300,38900,4003
Mobile,2890000,26069.5065,25500,38600,3921
Mobile,2900000,26226.22267,25700,39000,4006
Mobile,2910000,26083.27517,25500,38800,3914
Mobile,2920000,26007.74037,25500,38300,3944
Mobile,2930000,26115.84508,25700,38800,3789
Mobile,2940000,26851.07239,26400,39200,3854
Mobile,2950000,26216.06416,25900,38600,3881
Mobile,2960000,26676.36161,26200,39000,3772
Mobile,2970000,26560.35322,26000,39000,3737
Mobile,2980000,26501.2164,25800,38900,3646
Mobile,2990000,26637.40103,26100,39200,3688
Mobile,3000000,26426.35853,26000,39300,3757
Mobile,3010000,26934.17219,26400,39800,3589
Mobile,3020000,27195.68256,26500,39800,3859
Mobile,3030000,26786.42199,26600,39000,3583
Mobile,3040000,27118.13381,26500,39500,3647
Mobile,3050000,27013.14333,26300,39100,3663
Mobile,3060000,26779.50818,26300,39400,3546
Mobile,3070000,26721.05562,26200,39400,3668
Mobile,3080000,27303.144,26700,40300,3514
Mobile,3090000,27060.2816,26700,39700,3544
Mobile,3100000,27263.30566,26700,40600,3553
Mobile,3110000,26926.45779,26700,39900,3554
Mobile,3120000,27009.66435,26900,39800,3459
Mobile,3130000,27341.84966,27000,40200,3399
Mobile,3140000,27667.97793,27200,41000,3443
Mobile,3150000,27155.10564,26900,40100,3474
Mobile,3160000,27138.48438,27000,40700,3392
Mobile,3170000,27398.48623,27000,40500,3412
Mobile,3180000,27403.21287,27100,40400,3528
Mobile,3190000,27456.75121,27200,39800,3308
Mobile,3200000,27511.45945,27300,40300,3354
Mobile,3210000,27029.65819,26900,40300,3262
Mobile,3220000,27730.70705,27500,40400,3277
Mobile,3230000,27987.92109,27800,41000,3333
Mobile,3240000,27439.30928,27400,40900,3285
Mobile,3250000,27859.74971,27200,42000,3408
Mobile,3260000,28145.1955,27900,41300,3335
Mobile,3270000,27656.61944,27500,40300,3261
Mobile,3280000,27841.68144,27700,41100,3158
Mobile,3290000,28372.19209,28000,41300,3160
Mobile,3300000,28223.86777,28200,41400,3131
Mobile,3310000,28606.72346,28300,41800,3099
Mobile,3320000,28270.71665,27800,41700,3021
Mobile,3330000,28243.53138,28100,41300,3171
Mobile,3340000,28037.11401,27900,41100,3070
Mobile,3350000,28099.76761,28100,41000,3279
Mobile,3360000,28133.70104,28000,41000,3161
Mobile,3370000,28268.0501,28100,41200,3094
Mobile,3380000,28508.08333,28200,41500,3048
Mobile,3390000,28632.16448,28400,42000,2967
Mobile,3400000,28622.12796,28400,42500,3079
Mobile,3410000,28178.50527,28000,42000,2939
Mobile,3420000,28575.14177,28400,41600,3012
Mobile,3430000,28760.09839,28500,42200,2856
Mobile,3440000,28190.4053,28300,41400,2946
Mobile,3450000,28803.92771,29000,42500,2988
Mobile,3460000,28656.82637,28700,42400,2920
Mobile,3470000,28572.89139,28600,41500,2799
Mobile,3480000,28603.62166,28600,42200,2881
Mobile,3490000,28836.70283,28700,41900,2867
Mobile,3500000,28883.11832,28800,42600,2865
Mobile,3510000,28570.54899,28800,41600,2827
Mobile,3520000,28473.25249,28600,42400,2911
Mobile,3530000,29044.60335,28900,42500,2922
Mobile,3540000,29124.33738,29400,42100,2804
Mobile,3550000,28749.5359,29000,42400,2827
Mobile,3560000,29292.04925,29300,42300,2863
Mobile,3570000,28978.32624,29200,42600,2679
Mobile,3580000,29191.62877,29500,42400,2815
Mobile,3590000,28757.30074,29000,41900,2833
Mobile,3600000,29273.20465,29200,43300,2712
Mobile,3610000,29198.32183,29300,42500,2725
Mobile,3620000,29363.13517,29600,43100,2693
Mobile,3630000,29509.99308,30000,43100,2746
Mobile,3640000,29210.03352,29400,42600,2745
Mobile,3650000,29290.07304,29700,43300,2656
Mobile,3660000,29524.11145,29600,43400,2602
Mobile,3670000,29635.08088,29800,43700,2646
Mobile,3680000,30006.73197,30000,44100,2634
Mobile,3690000,29859.07055,30000,43500,2523
Mobile,3700000,30067.24873,30200,43900,2561
Mobile,3710000,29905.23473,30200,43300,2586
Mobile,3720000,30396.46002,30200,44000,2589
Mobile,3730000,30048.12864,30600,43200,2573
Mobile,3740000,29651.15835,30200,43300,2526
Mobile,3750000,29977.99571,30200,43900,2562
Mobile,3760000,30102.53918,30400,44500,2450
Mobile,3770000,29624.16802,30000,43300,2339
Mobile,3780000,30221.82912,30700,43500,2411
Mobile,3790000,29544.95317,29900,43300,2541
Mobile,3800000,30021.73963,30000,43600,2508
Mobile,3810000,30047.00118,30300,44200,2541
Mobile,3820000,30412.68517,31001,43900,2414
Mobile,3830000,29995.16673,30400,44300,2477
Mobile,3840000,30222.0196,30600,44400,2449
Mobile,3850000,30051.21999,30500,44500,2441
Mobile,3860000,30766.95705,31200,44300,2375
Mobile,3870000,30706.98298,31100,44400,2468
Mobile,3880000,29725.19057,30700,43700,2419
Mobile,3890000,30675.56798,31100,44500,2442
Mobile,3900000,30721.95767,31200,44300,2433
Mobile,3910000,30803.88681,31200,45200,2350
Mobile,3920000,30732.60426,31200,44000,2393
Mobile,3930000,30391.43219,31000,45200,2367
Mobile,3940000,30783.01187,31500,45000,2359
Mobile,3950000,30510.61186,30801,45200,2293
Mobile,3960000,30508.59434,31000,44000,2295
Mobile,3970000,30506.62663,30900,44200,2298
Mobile,3980000,30700.82702,31301,45200,2324
Mobile,3990000,31474.35803,31900,46000,2335
Mobile,4000000,30449.2621,31000,45000,2335
Mobile,4010000,31014.78139,31300,46000,2214
Mobile,4020000,31148.84602,31500,45400,2234
Mobile,4030000,30698.29242,31101,45100,2322
Mobile,4040000,30798.62823,31300,45700,2246
Mobile,4050000,30432.64854,31001,44800,2151
Mobile,4060000,31075.0954,31600,45500,2348
Mobile,4070000,30994.11746,31700,45600,2256
Mobile,4080000,31352.62777,32000,45900,2254
Mobile,4090000,30640.22124,31700,45200,2156
Mobile,4100000,31329.28273,31900,45500,2200
Mobile,4110000,31149.86842,31600,45900,2166
Mobile,4120000,31044.01414,31800,45600,2193
Mobile,4130000,30836.84461,32100,45500,2188
Mobile,4140000,31746.04415,32100,45800,2129
Mobile,4150000,31482.2867,32000,45400,2037
Mobile,4160000,31181.79541,32300,45200,2048
Mobile,4170000,31244.09223,32000,45600,2071
Mobile,4180000,31600.34189,32500,45400,2103
Mobile,4190000,31427.43133,32600,46700,2075
Mobile,4200000,31836.53521,32600,45500,2130
Mobile,4210000,31657.50455,32300,46300,2089
Mobile,4220000,31533.62793,32200,47300,2005
Mobile,4230000,31501.73114,32900,45800,1975
Mobile,4240000,31850.33789,33000,46100,2122
Mobile,4250000,31390.4022,32900,46400,1999
Mobile,4260000,32271.31295,33100,47700,1962
Mobile,4270000,32049.67755,32800,46900,1991
Mobile,4280000,31964.28108,32700,46800,2035
Mobile,4290000,31978.23332,32800,46700,1993
Mobile,4300000,31460.9939,32800,46400,1966
Mobile,4310000,32376.07201,33000,47700,1972
Mobile,4320000,32584.76227,32700,47400,1935
Mobile,4330000,31969.31754,32800,46300,1984
Mobile,4340000,31835.51232,33300,46400,1907
Mobile,4350000,32697.28226,33400,47900,1945
Mobile,4360000,32073.10403,33000,47300,1836
Mobile,4370000,32350.5376,33500,46900,1795
Mobile,4380000,32252.69346,33200,47000,1866
Mobile,4390000,32261.53316,33000,48000,1900
Mobile,4400000,32639.79844,33200,48400,1920
Mobile,4410000,32098.5955,33000,47400,1911
Mobile,4420000,32664.44888,33500,47900,1780
Mobile,4430000,32240.41801,33000,47500,1799
Mobile,4440000,31925.17303,32700,47600,1832
Mobile,4450000,32605.08456,33200,47700,1833
Mobile,4460000,33418.97787,34300,48300,1898
Mobile,4470000,32669.31122,33700,47600,1899
Mobile,4480000,32838.0187,33400,47900,1818
Mobile,4490000,32774.89821,34000,48200,1788
Mobile,4500000,32981.27493,34000,48300,1735
Mobile,4510000,33471.5704,34100,48700,1811
Mobile,4520000,32774.05093,34000,48000,1826
Mobile,4530000,33028.62246,34100,48200,1772
Mobile,4540000,32545.54988,33900,47400,1704
Mobile,4550000,33268.1451,34500,47700,1723
Mobile,4560000,32584.78694,34000,47900,1807
Mobile,4570000,32579.39398,34000,47800,1693
Mobile,4580000,33663.4304,34500,48800,1717
Mobile,4590000,33515.27517,34600,49500,1788
Mobile,4600000,33582.9521,34500,50000,1712
Mobile,4610000,33505.12363,34800,49000,1739
Mobile,4620000,33904.45014,34800,49500,1755
Mobile,4630000,33768.00114,35100,49000,1756
Mobile,4640000,33666.57616,35000,48500,1720
Mobile,4650000,33432.81638,34900,48800,1661
Mobile,4660000,33425.77651,34500,48800,1754
Mobile,4670000,33150.43782,35000,48700,1761
Mobile,4680000,33834.8478,35300,48000,1636
Mobile,4690000,33563.45557,35000,48800,1688
Mobile,4700000,34270.14488,35400,50100,1691
Mobile,4710000,34367.02273,35700,49700,1628
Mobile,4720000,33493.89246,35000,49100,1618
Mobile,4730000,32988.91556,34000,48400,1812
Mobile,4740000,33688.68355,35500,48900,1678
Mobile,4750000,33721.07887,34900,49500,1661
Mobile,4760000,33628.62416,35100,49100,1639
Mobile,4770000,33102.42393,35000,48300,1571
Mobile,4780000,34507.29443,36000,49800,1688
Mobile,4790000,34032.96871,35800,49900,1438
Mobile,4800000,34582.43886,36100,49400,1611
Mobile,4810000,33973.1496,35200,49200,1631
Mobile,4820000,33553.28553,35200,49000,1569
Mobile,4830000,33891.05229,35400,48800,1530
Mobile,4840000,34405.32395,35900,50300,1599
Mobile,4850000,34612.27397,35600,50500,1606
Mobile,4860000,34083.55485,35600,49500,1568
Mobile,4870000,34734.22138,36100,50300,1581
Mobile,4880000,34797.1771,36100,51000,1485
Mobile,4890000,34208.18404,35800,50200,1516
Mobile,4900000,34307.88192,35700,49900,1499
Mobile,4910000,34688.61292,35900,50400,1501
Mobile,4920000,34465.02865,36000,50900,1501
Mobile,4930000,34345.46689,36000,50200,1465
Mobile,4940000,33969.50788,35400,50000,1587
Mobile,4950000,34811.58653,36600,51000,1485
Mobile,4960000,34959.65526,37000,50100,1549
Mobile,4970000,34473.35298,36000,49800,1527
Mobile,4980000,34642.85069,36500,51000,1440
Mobile,4990000,34683.30262,36400,51000,1563
Mobile,5000000,35535.64305,38600,48900,1835
Mobile,5010000,34537.38778,36500,51500,1506
Mobile,5020000,34540.42586,36800,50700,1477
Mobile,5030000,35468.9032,37000,50700,1405
Mobile,5040000,34255.6862,36700,49900,1399
Mobile,5050000,34812.66113,36500,50900,1446
Mobile,5060000,35178.66351,36600,51400,1373
Mobile,5070000,35148.49262,36700,51900,1423
Mobile,5080000,35603.93408,37200,51300,1426
Mobile,5090000,34799.8582,36300,51100,1354
Mobile,5100000,35185.25122,37200,50200,1437
Mobile,5110000,34846.11345,37100,51500,1375
Mobile,5120000,35107.73881,37100,51900,1474
Mobile,5130000,35934.01217,37900,52200,1397
Mobile,5140000,35520.6816,37300,51100,1272
Mobile,5150000,35283.11384,37300,52000,1344
Mobile,5160000,35280.05106,37500,51300,1273
Mobile,5170000,35094.98781,37300,51700,1395
Mobile,5180000,35659.40317,38200,52200,1389
Mobile,5190000,35003.30758,37300,52000,1333
Mobile,5200000,35325.03965,37600,52000,1362
Mobile,5210000,35455.78177,37700,51600,1393
Mobile,5220000,35295.71458,37300,51800,1468
Mobile,5230000,36127.44794,38000,52100,1239
Mobile,5240000,35630.62177,38000,51400,1277
Mobile,5250000,34876.26677,36800,51800,1327
Mobile,5260000,35298.54665,37400,52400,1372
Mobile,5270000,35355.95305,37400,52500,1278
Mobile,5280000,36377.98276,39000,52900,1276
Mobile,5290000,36315.29292,38000,54200,1328
Mobile,5300000,37093.57351,39000,54400,1306
Mobile,5310000,36245.19257,38400,53200,1319
Mobile,5320000,36156.74724,38400,52400,1179
Mobile,5330000,35650.80272,38200,52000,1252
Mobile,5340000,35857.78577,37800,52700,1279
Mobile,5350000,35982.82094,38700,52800,1251
Mobile,5360000,35269.92923,38000,51500,1300
Mobile,5370000,35063.20109,37600,53500,1288
Mobile,5380000,35953.82255,38500,52700,1206
Mobile,5390000,36613.6056,39000,53900,1250
Mobile,5400000,35749.71974,38200,53500,1231
Mobile,5410000,36122.02248,38600,52800,1290
Mobile,5420000,36395.79603,38500,53300,1260
Mobile,5430000,36446.39074,38600,53400,1231
Mobile,5440000,35553.21004,38100,53200,1295
Mobile,5450000,36266.37134,38400,52100,1228
Mobile,5460000,37317.15858,39400,54200,1236
Mobile,5470000,36964.01741,39300,54300,1206
Mobile,5480000,36317.17913,38500,54000,1217
Mobile,5490000,36102.47898,38500,53000,1213
Mobile,5500000,36472.06905,38700,54600,1260
Mobile,5510000,36672.72139,39000,54000,1206
Mobile,5520000,36654.37081,38800,54000,1192
Mobile,5530000,37114.22231,39500,52700,1210
Mobile,5540000,37267.49829,39900,55400,1172
Mobile,5550000,36159.45418,39000,52700,1233
Mobile,5560000,37598.77403,40100,54700,1217
Mobile,5570000,36902.0416,39800,54000,1178
Mobile,5580000,37366.86712,39500,54400,1189
Mobile,5590000,37069.02054,40300,53800,1120
Mobile,5600000,37635.53111,39400,55200,1109
Mobile,5610000,37509.65622,39600,54300,1181
Mobile,5620000,36899.12708,39500,54000,1141
Mobile,5630000,37141.54936,40000,54000,1165
Mobile,5640000,36698.02477,39400,53000,1211
Mobile,5650000,37794.2612,39500,55500,1183
Mobile,5660000,37426.57008,39900,54300,1163
Mobile,5670000,37048.33596,39800,54000,1140
Mobile,5680000,37278.96043,40500,55200,1112
Mobile,5690000,37147.11643,39600,55300,1108
Mobile,5700000,37529.72605,40000,55100,1117
Mobile,5710000,37136.0986,39900,54100,1075
Mobile,5720000,36930.27233,39600,53800,1153
Mobile,5730000,37837.70951,40400,55000,1167
Mobile,5740000,37008.69024,39600,55300,1117
Mobile,5750000,36208.66971,39300,54000,1096
Mobile,5760000,37780.14066,40500,55400,1173
Mobile,5770000,37766.60828,40300,55600,1039
Mobile,5780000,38010.51961,41000,55400,1122
Mobile,5790000,38696.08295,41200,56000,1097
Mobile,5800000,37267.17254,40200,55000,1136
Mobile,5810000,36919.67754,40000,55000,1042
Mobile,5820000,38151.56319,40500,55200,1092
Mobile,5830000,38230.38852,40900,55300,1063
Mobile,5840000,37860.81775,40600,55100,1059
Mobile,5850000,38051.47248,41300,54700,1090
Mobile,5860000,37852.34863,40300,55200,1024
Mobile,5870000,39275.45562,41500,57800,1104
Mobile,5880000,37099.43815,39800,54400,1059
Mobile,5890000,37879.79504,40500,54900,1049
Mobile,5900000,37224.80807,41000,54400,1016
Mobile,5910000,38526.674,41000,55900,1046
Mobile,5920000,38624.72878,41400,56900,1084
Mobile,5940000,38884.47633,42100,56500,1056
Mobile,5950000,39304.17441,41600,56000,1055
Mobile,5970000,38948.13175,41800,56900,1093
Mobile,5990000,38208.79072,42100,54100,1013
Mobile,6000000,38570.50774,41300,55600,1034
Mobile,6010000,38832.76923,41600,57300,1001
Mobile,6030000,39950.80258,41800,58600,1008
Mobile,6040000,39395.82319,43000,56500,1052
Mobile,6050000,38700.99802,42100,56500,1008
Mobile,6080000,39070.99302,42500,56700,1003
Mobile,6120000,39225.20219,42900,56600,1004
Mobile,6260000,39769.45678,43200,57100,1018