DEVICETYPENAME,JS_SIZE,TTI,FREQ
Mobile,0,6133.000,15793912
Desktop,0,3865.000,12611114
Mobile,10000,4671.000,10808149
Mobile,20000,6322.000,6631422
Desktop,10000,4154.000,5684792
Mobile,30000,6826.000,5358481
Desktop,20000,4573.000,4535677
Mobile,80000,6460.000,4240599
Mobile,60000,7811.000,3907422
Mobile,40000,6394.000,3672891
Mobile,70000,7135.000,3542684
Desktop,30000,4645.000,3404249
Mobile,90000,7167.000,3257340
Desktop,80000,4801.000,2860556
Desktop,70000,4789.000,2778424
Mobile,210000,8079.000,2713553
Desktop,40000,4565.000,2640181
Mobile,100000,7333.000,2591486
Mobile,150000,7035.000,2556112
Desktop,160000,4452.000,2475629
Mobile,160000,7716.000,2475086
Mobile,50000,7733.000,2347459
Mobile,110000,7342.000,2339468
Mobile,130000,7484.000,2307059
Mobile,200000,7792.000,2219148
Desktop,50000,3927.000,2211547
Desktop,60000,4474.000,2207911
Mobile,140000,7844.000,2126745
Desktop,180000,4541.000,2084601
Mobile,120000,7470.000,2079294
Mobile,250000,6819.000,2074250
Mobile,320000,9472.000,2037935
Desktop,90000,4881.000,2031772
Mobile,190000,8048.000,1980135
Mobile,170000,7300.000,1971436
Mobile,420000,5207.000,1944576
Mobile,180000,7751.000,1930815
Mobile,300000,8460.000,1887497
Desktop,330000,5993.000,1882163
Desktop,300000,4450.000,1871338
Mobile,380000,8777.000,1818031
Mobile,220000,8042.000,1797791
Desktop,210000,5086.000,1792845
Mobile,260000,7185.000,1784764
Desktop,1020000,13274.000,1774691
Desktop,190000,4600.000,1725097
Mobile,270000,7009.000,1705124
Desktop,100000,4709.000,1699668
Mobile,350000,7539.000,1687022
Mobile,340000,7119.000,1666710
Desktop,220000,5034.000,1650715
Mobile,240000,7041.000,1632784
Mobile,290000,8233.000,1608843
Desktop,200000,4611.000,1594927
Desktop,170000,4530.000,1594902
Desktop,110000,5086.000,1560471
Mobile,430000,6190.000,1505774
Desktop,120000,5261.000,1486071
Desktop,140000,4907.000,1467681
Mobile,460000,10511.000,1463157
Desktop,130000,4632.000,1447740
Desktop,260000,4724.000,1438692
Mobile,360000,8088.000,1428887
Mobile,280000,7703.000,1424245
Desktop,380000,4884.000,1386132
Mobile,330000,8121.000,1382704
Mobile,230000,7830.000,1379183
Mobile,310000,8261.000,1369412
Desktop,340000,4845.000,1365729
Desktop,150000,4948.000,1363133
Desktop,310000,5183.000,1361028
Mobile,490000,9666.000,1352381
Desktop,270000,5003.000,1328631
Mobile,370000,8293.000,1318464
Desktop,240000,4414.000,1256285
Mobile,390000,8559.000,1251825
Mobile,400000,8334.000,1246024
Desktop,250000,4654.000,1244462
Desktop,280000,4906.000,1239346
Desktop,290000,5014.000,1236561
Desktop,320000,5551.000,1187411
Desktop,350000,5039.000,1134127
Desktop,390000,5081.000,1133324
Mobile,440000,7958.000,1129268
Desktop,230000,4778.000,1126309
Desktop,360000,4911.000,1092679
Desktop,370000,5209.000,1069352
Desktop,400000,4695.000,1058754
Desktop,1010000,11539.000,1039946
Desktop,440000,5450.000,1027033
Desktop,570000,5591.000,1007535
Mobile,500000,8296.000,990108
Desktop,430000,5254.000,986983
Mobile,450000,9155.000,957114
Mobile,410000,8432.000,934591
Mobile,530000,9704.000,869584
Mobile,510000,9135.000,853656
Mobile,480000,9186.000,835376
Desktop,620000,6241.000,817279
Mobile,470000,9751.000,816053
Desktop,560000,5601.000,799351
Desktop,600000,5195.000,764873
Desktop,420000,5200.000,755124
Desktop,630000,7417.000,751920
Mobile,600000,7821.000,742876
Desktop,410000,4969.000,734333
Mobile,520000,8468.000,730588
Mobile,710000,10613.000,724228
Desktop,610000,5595.000,710579
Desktop,580000,5665.000,702799
Desktop,590000,5464.000,701344
Desktop,520000,8606.000,696027
Mobile,620000,8391.000,664217
Desktop,450000,5756.000,647487
Desktop,500000,4923.000,646773
Desktop,490000,5041.000,595303
Desktop,550000,5331.000,589494
Desktop,690000,7114.000,563493
Mobile,550000,8641.000,551430
Desktop,510000,5039.000,551312
Desktop,730000,7100.000,544760
Mobile,560000,9535.000,524783
Mobile,590000,8980.000,517559
Desktop,480000,4940.000,514854
Mobile,700000,9137.000,511183
Mobile,540000,9245.000,508579
Desktop,460000,4879.000,507498
Desktop,640000,7085.000,505037
Mobile,570000,8839.000,499096
Mobile,690000,8771.000,492216
Desktop,720000,7437.000,481432
Desktop,740000,7197.000,478085
Mobile,610000,8940.000,471210
Mobile,580000,9058.000,466883
Tablet,0,10541.000,447255
Desktop,650000,7079.000,434280
Desktop,540000,5907.000,433042
Mobile,720000,9467.000,432149
Desktop,660000,6146.000,428783
Desktop,700000,6174.000,414765
Desktop,470000,5072.000,410181
Desktop,680000,5969.000,407656
Desktop,1000000,7978.000,399698
Desktop,760000,8512.000,391505
Mobile,630000,9665.000,385539
Desktop,770000,6647.000,371783
Mobile,740000,9302.000,369653
Mobile,650000,9187.000,368261
Mobile,680000,8967.000,366900
Mobile,640000,9140.000,365865
Mobile,770000,8694.000,363483
Desktop,750000,7257.000,354778
Desktop,710000,6700.000,347804
Desktop,530000,5540.000,343116
Desktop,670000,6415.000,336234
Mobile,750000,9956.000,314923
Mobile,660000,9186.000,314152
Desktop,960000,6330.000,313704
Mobile,670000,9001.000,306441
Desktop,910000,20289.000,303426
Desktop,850000,5654.000,300606
Mobile,900000,7809.000,297677
Mobile,730000,9627.000,295831
Desktop,990000,8564.000,289852
Mobile,760000,9827.000,281053
Desktop,790000,6646.000,276193
Desktop,800000,7123.000,260689
Tablet,20000,8845.000,258643
Tablet,10000,9726.000,254526
Mobile,800000,9718.000,244512
Mobile,790000,9718.000,238596
Desktop,810000,7281.000,229409
Desktop,860000,8585.000,222262
Desktop,870000,7324.000,219869
Mobile,850000,8486.000,219799
Desktop,780000,6204.000,217882
Mobile,780000,10221.000,215573
Desktop,980000,7067.000,213279
Desktop,2860000,9674.000,202801
Desktop,1140000,7384.000,186939
Mobile,940000,9127.000,186873
Tablet,30000,9275.000,174800
Desktop,820000,6269.500,173480
Desktop,1030000,9896.000,169537
Desktop,1100000,7427.000,167239
Tablet,160000,10695.000,164654
Desktop,880000,6806.000,160877
Desktop,970000,7187.000,159376
Desktop,900000,6829.000,158897
Mobile,870000,8400.000,155573
Mobile,860000,9066.000,155361
Mobile,960000,8190.000,154956
Desktop,930000,9312.000,153739
Mobile,820000,9562.000,153475
Mobile,810000,9879.000,151567
Tablet,70000,11987.000,146518
Tablet,80000,11993.000,144988
Desktop,1080000,7657.000,139574
Desktop,1040000,8577.000,136228
Mobile,880000,9259.000,135912
Mobile,1090000,8133.000,135694
Desktop,840000,6201.000,130709
Desktop,940000,7146.000,126979
Desktop,830000,6730.000,124411
Desktop,920000,7399.000,121875
Desktop,1070000,7502.000,121205
Mobile,1100000,9212.000,119801
Desktop,1060000,7143.000,118637
Mobile,830000,10318.000,118202
Desktop,1180000,4077.000,116670
Mobile,840000,9964.000,114176
Desktop,890000,7039.000,113320
Desktop,950000,7301.000,112423
Mobile,890000,9651.000,112256
Tablet,40000,10217.000,112124
Desktop,1110000,7741.000,110703
Tablet,90000,12205.000,109569
Tablet,60000,13160.000,108646
Tablet,180000,12410.000,108605
Tablet,210000,13631.000,108046
Mobile,950000,8713.000,105022
Desktop,1090000,7314.000,103363
Mobile,990000,7725.000,102698
Mobile,980000,7855.000,101109
Tablet,710000,15006.000,100951
Tablet,200000,11858.000,99378
Tablet,190000,13299.000,95621
Mobile,1060000,9873.000,93796
Tablet,100000,12195.000,90753
Tablet,350000,7912.000,90723
Tablet,130000,10321.000,88491
Tablet,110000,10534.000,87449
Tablet,260000,12574.000,84269
Tablet,170000,11752.000,82342
Mobile,910000,9228.500,82234
Tablet,50000,9960.000,79355
Tablet,300000,12200.000,79107
Tablet,120000,11522.000,78607
Desktop,1150000,7866.000,76925
Mobile,970000,8988.000,76419
Mobile,1320000,11152.000,75695
Mobile,1260000,8608.500,75294
Mobile,1080000,9722.000,74893
Tablet,150000,13061.000,74621
Tablet,310000,12209.000,74056
Desktop,1240000,5255.000,72709
Tablet,320000,13629.000,72692
Mobile,1070000,9457.000,71409
Tablet,250000,12106.500,71398
Tablet,140000,11932.000,70949
Tablet,220000,13312.000,70712
Mobile,1570000,6061.500,70086
Desktop,1050000,7401.000,69729
Tablet,340000,10292.000,69630
Mobile,1240000,7938.000,67817
Tablet,290000,12485.000,67675
Desktop,1170000,7742.000,67572
Tablet,270000,11680.000,67556
Tablet,330000,10084.000,66649
Mobile,1020000,8788.000,63100
Desktop,1570000,4121.000,61672
Tablet,230000,12580.000,60937
Mobile,1030000,9539.500,60262
Mobile,1000000,8771.000,60065
Mobile,920000,9737.000,59303
Tablet,240000,12221.000,58694
Mobile,1110000,7698.000,58587
Tablet,280000,11634.000,57613
Mobile,1140000,9888.000,57107
Mobile,1050000,8230.000,57043
Desktop,1310000,5689.000,56680
Mobile,1170000,10264.000,56408
Desktop,1260000,5421.000,56106
Desktop,1120000,7697.000,55777
Mobile,930000,9731.000,55353
Desktop,1250000,5675.000,54738
Desktop,1300000,5798.000,54577
Tablet,360000,12043.500,54436
Tablet,380000,12642.000,54350
Tablet,390000,12720.000,53565
Mobile,1130000,9470.000,52994
Tablet,370000,12657.000,51321
Mobile,1250000,8978.000,50873
Desktop,1160000,7767.000,49734
Mobile,1150000,9423.000,48914
Tablet,400000,11943.000,48688
Mobile,1970000,14020.000,48181
Tablet,430000,10424.000,48176
Mobile,1040000,9423.000,47357
Mobile,1960000,12813.000,46959
Tablet,420000,9567.000,45969
Desktop,1130000,7331.000,45654
Mobile,1300000,10476.500,44570
Mobile,1180000,8778.000,43616
Desktop,1430000,4661.000,41441
Tablet,410000,11769.000,41409
Desktop,1320000,6740.500,41082
Mobile,1840000,8429.000,40418
Mobile,1160000,8900.500,39702
Mobile,1010000,7898.000,38937
Mobile,1850000,9137.500,38420
Mobile,1330000,12379.000,38129
Tablet,440000,12465.000,36811
Desktop,1230000,8362.000,36325
Desktop,1210000,8393.000,36225
Tablet,460000,12362.000,35631
Mobile,1950000,11937.500,35096
Tablet,500000,10358.000,34015
Mobile,1120000,8525.500,33282
Tablet,600000,14148.000,32586
Desktop,1190000,7357.500,31812
Desktop,1440000,4687.000,31421
Tablet,720000,15676.000,30666
Mobile,1270000,9893.000,30013
Desktop,1270000,6656.000,29670
Desktop,1840000,6485.000,29449
Tablet,450000,12734.000,29313
Tablet,570000,15699.000,29254
Desktop,1280000,6779.000,28740
Mobile,1920000,11708.000,28606
Tablet,740000,15346.000,28234
Mobile,1200000,8349.000,27889
Tablet,560000,15444.000,27841
Tablet,670000,10905.000,27676
Mobile,1830000,7416.000,27638
Tablet,620000,15742.000,27423
Desktop,1850000,6587.000,27388
Tablet,630000,20039.000,26881
Mobile,1940000,10630.500,26520
Desktop,1200000,7262.000,26092
Tablet,590000,16132.000,25668
Tablet,510000,11927.500,25284
Tablet,530000,11895.500,24778
Mobile,1230000,7624.000,24703
Tablet,610000,17225.000,24505
Tablet,660000,14891.000,23889
Tablet,490000,12444.000,23813
Tablet,580000,17374.000,23665
Tablet,550000,13200.000,23625
Mobile,1350000,14182.500,23146
Mobile,1980000,14327.000,22919
Tablet,470000,12596.000,22773
Tablet,480000,12107.000,22488
Desktop,1220000,7536.000,22228
Mobile,1210000,9127.000,21627
Tablet,730000,16140.000,21539
Tablet,640000,19257.000,21044
Tablet,520000,13259.500,21030
Tablet,540000,13811.000,20347
Mobile,1290000,7306.000,19922
Tablet,690000,16559.000,19739
Desktop,1410000,5161.500,19648
Desktop,1290000,5135.000,19489
Tablet,650000,19542.000,19429
Mobile,1310000,8360.000,19281
Mobile,1340000,10481.000,18883
Mobile,1280000,11496.000,18751
Desktop,1330000,7571.000,18495
Desktop,2640000,11578.000,18198
Desktop,1960000,7996.000,18172
Desktop,2360000,4889.500,17982
Mobile,1190000,9475.000,17525
Tablet,790000,18378.000,17373
Tablet,700000,17496.000,17290
Tablet,680000,15843.500,17160
Mobile,1900000,11592.000,16989
Tablet,750000,19487.000,16661
Mobile,1860000,10862.000,16133
Mobile,1990000,15285.000,15978
Desktop,1830000,5272.000,15917
Mobile,1510000,8846.000,15302
Mobile,1550000,6278.000,15241
Desktop,1340000,6641.500,15226
Desktop,1860000,7347.000,14608
Tablet,770000,15304.000,14234
Tablet,760000,17891.500,13988
Tablet,810000,19254.000,13574
Desktop,1780000,6761.500,13176
Mobile,1500000,10164.000,12967
Desktop,1950000,8056.000,12864
Desktop,1460000,4628.000,12789
Desktop,1940000,7572.000,12548
Mobile,1220000,9084.000,12504
Desktop,1920000,9016.000,12331
Mobile,1930000,10529.500,12308
Tablet,780000,16517.000,12245
Desktop,1970000,8607.000,12220
Desktop,1900000,5085.000,12034
Mobile,1590000,7347.000,11853
Mobile,2640000,21423.000,11762
Desktop,1420000,5737.500,11622
Mobile,1910000,11957.500,11232
Desktop,1590000,4406.000,11191
Tablet,800000,18037.000,10977
Mobile,1780000,9332.500,10934
Desktop,1470000,4669.000,10761
Desktop,1770000,6143.500,10562
Desktop,1450000,4664.000,10287
Mobile,1790000,10154.000,9991
Desktop,1400000,5509.000,9906
Desktop,2760000,11156.000,9885
Desktop,1390000,5506.000,9809
Desktop,2370000,5069.000,9790
Tablet,830000,19567.000,9711
Tablet,880000,15127.000,9663
Mobile,2000000,14918.500,9558
Desktop,1370000,5120.000,9502
Tablet,850000,16748.000,9490
Desktop,1880000,6965.000,9456
Mobile,1530000,8823.500,8980
Desktop,1520000,6474.500,8980
Desktop,2870000,10204.500,8972
Tablet,820000,17452.000,8917
Desktop,1350000,7221.000,8840
Mobile,1890000,12065.000,8677
Tablet,900000,18246.000,8578
Desktop,1870000,6326.500,8522
Mobile,1420000,11176.500,8386
Mobile,1400000,11790.000,8373
Desktop,1910000,5159.000,8261
Desktop,1550000,5071.000,8243
Desktop,1760000,5806.000,7992
Mobile,1430000,10861.000,7911
Desktop,1480000,4609.000,7856
Desktop,1890000,7302.000,7833
Mobile,2760000,18854.000,7796
Desktop,1790000,6685.000,7779
Tablet,840000,20585.500,7758
Desktop,1530000,5959.500,7686
Mobile,2740000,21094.000,7683
Tablet,860000,17646.000,7598
Desktop,1980000,9340.500,7492
Desktop,1380000,6115.000,7470
Tablet,870000,16644.000,7312
Tablet,940000,8906.000,7301
Mobile,1490000,6833.000,7295
Mobile,1560000,6011.000,7292
Mobile,1810000,9105.000,7271
Mobile,1880000,10809.000,7253
Tablet,1570000,9540.000,7211
Desktop,2380000,5757.000,7095
Mobile,1770000,8751.000,7042
Mobile,1410000,13549.000,6408
Mobile,1540000,6359.000,6363
Desktop,1560000,5319.000,6332
Mobile,2120000,14969.000,6325
Mobile,1440000,12566.000,6280
Tablet,890000,17758.000,6152
Tablet,1100000,12949.500,6152
Mobile,1820000,7521.000,6063
Tablet,1090000,12607.000,6031
Mobile,2110000,14481.000,5902
Desktop,1490000,5849.000,5872
Mobile,2860000,19429.500,5706
Tablet,950000,14313.000,5677
Tablet,960000,14587.000,5675
Desktop,1360000,6792.500,5626
Mobile,2010000,13193.000,5536
Desktop,1540000,5562.000,5379
Tablet,920000,18785.000,5307
Mobile,1360000,13253.000,5167
Desktop,2740000,15046.000,5135
Mobile,1380000,11245.000,5106
Desktop,2390000,5686.000,4946
Mobile,2030000,12853.000,4888
Desktop,1750000,5587.000,4845
Tablet,910000,20933.000,4764
Desktop,1800000,6855.000,4760
Desktop,1930000,6897.000,4756
Mobile,1870000,10686.500,4734
Desktop,4440000,6599.500,4710
Tablet,980000,15513.000,4673
Mobile,1760000,8525.000,4632
Desktop,2750000,11605.000,4622
Mobile,2020000,12057.000,4571
Tablet,930000,19792.500,4518
Mobile,1720000,10683.000,4489
Desktop,1510000,5491.000,4411
Mobile,2050000,13033.000,4392
Tablet,990000,17538.000,4385
Mobile,2870000,20903.500,4358
Desktop,2530000,5206.000,4348
Desktop,1990000,9215.000,4315
Tablet,1060000,16479.000,4267
Mobile,1370000,10163.500,4262
Desktop,1820000,6279.500,4246
Desktop,1500000,5856.000,4172
Mobile,2750000,19147.500,4128
Mobile,2040000,11302.000,4116
Desktop,2120000,6035.000,4091
Mobile,1800000,8788.000,4077
Desktop,2550000,11233.000,4052
Tablet,1000000,21767.500,4050
Desktop,2000000,8887.000,3930
Mobile,1750000,11605.000,3845
Desktop,2090000,5516.000,3805
Mobile,1450000,7900.500,3658
Mobile,2130000,15984.000,3655
Desktop,1810000,6982.000,3649
Tablet,970000,17003.000,3639
Mobile,1610000,4415.500,3622
Mobile,2100000,13533.500,3616
Mobile,1390000,10209.000,3588
Desktop,2020000,8429.000,3575
Desktop,2410000,6438.000,3517
Desktop,2720000,6931.000,3439
Desktop,1640000,5765.000,3435
Desktop,2010000,6230.500,3434
Desktop,1610000,5617.000,3383
Desktop,1580000,5091.000,3359
Mobile,1730000,12941.000,3315
Tablet,1110000,11523.000,3236
Tablet,1170000,17925.000,3234
Mobile,1470000,8003.000,3195
Tablet,1020000,17666.000,3182
Mobile,1580000,6862.000,3104
Mobile,2060000,14913.000,3086
Desktop,2200000,13247.000,3072
Mobile,2530000,18198.000,3011
Desktop,2400000,8299.000,2961
Mobile,1520000,9347.500,2934
Mobile,2140000,16285.500,2910
Tablet,1010000,21275.000,2849
Desktop,2540000,7998.000,2821
Tablet,1030000,18479.000,2815
Mobile,2090000,13591.000,2787
Desktop,2800000,6553.000,2727
Desktop,2040000,5371.000,2727
Mobile,1460000,7878.500,2712
Mobile,2080000,13427.000,2695
Desktop,1720000,4977.500,2640
Tablet,1130000,14223.000,2617
Desktop,1730000,7092.000,2616
Desktop,2030000,6892.000,2612
Desktop,1600000,5870.000,2569
Tablet,1050000,16567.000,2567
Mobile,2070000,14239.000,2539
Desktop,2230000,4544.000,2515
Desktop,2240000,5319.000,2503
Desktop,2600000,7920.000,2497
Desktop,1740000,5735.000,2489
Mobile,2550000,19404.000,2483
Desktop,2130000,6659.000,2481
Tablet,1260000,15030.500,2446
Mobile,1480000,7883.000,2443
Desktop,2300000,5929.500,2408
Desktop,2140000,6282.000,2396
Desktop,2350000,5729.000,2387
Desktop,2480000,8375.000,2356
Tablet,1080000,16933.000,2340
Desktop,4430000,6615.500,2340
Desktop,1630000,5885.000,2328
Desktop,1620000,6212.000,2282
Desktop,2080000,6502.000,2195
Desktop,2630000,7833.000,2160
Tablet,1040000,17786.000,2127
Desktop,2100000,6040.500,2104
Tablet,1070000,18204.000,2097
Tablet,1140000,17791.000,2091
Tablet,1320000,15965.500,2060
Mobile,2300000,7852.000,2057
Desktop,2880000,11312.000,2023
Tablet,1240000,12980.000,1991
Desktop,2850000,10926.000,1985
Desktop,2210000,5537.000,1984
Desktop,2050000,5783.000,1973
Desktop,3120000,8575.500,1960
Mobile,1620000,8770.000,1882
Desktop,2650000,7276.000,1879
Desktop,2580000,7157.500,1864
Desktop,2070000,5689.500,1846
Desktop,2510000,5313.000,1845
Tablet,1180000,15064.000,1830
Desktop,2500000,9416.500,1828
Desktop,4340000,6758.000,1803
Desktop,2570000,7240.000,1801
Desktop,1650000,6469.500,1798
Desktop,1700000,7862.000,1795
Desktop,4320000,11247.500,1792
Desktop,2290000,5729.000,1791
Mobile,1640000,8572.000,1789
Mobile,1660000,10776.000,1777
Desktop,2110000,7466.500,1748
Tablet,1590000,10732.000,1745
Desktop,2250000,5474.000,1730
Desktop,2430000,6704.500,1728
Desktop,2610000,6312.000,1705
Mobile,1600000,6825.000,1700
Desktop,2280000,6395.000,1695
Desktop,2420000,6439.000,1686
Desktop,1660000,6943.000,1679
Desktop,1690000,6765.000,1679
Desktop,4450000,6874.000,1668
Desktop,1680000,6652.000,1663
Desktop,2260000,5916.000,1630
Desktop,1670000,6523.000,1607
Tablet,1250000,14367.000,1600
Desktop,3150000,8595.500,1574
Desktop,4640000,7050.000,1566
Desktop,2460000,7312.000,1564
Desktop,2060000,5887.500,1550
Desktop,2520000,5765.500,1542
Tablet,1150000,15828.000,1535
Mobile,1650000,9703.500,1496
Mobile,2650000,23828.000,1454
Desktop,1710000,6846.000,1439
Desktop,2190000,6683.500,1436
Desktop,2470000,6109.000,1429
Desktop,3990000,10995.000,1421
Mobile,2880000,18895.500,1400
Mobile,2150000,16721.500,1396
Desktop,2620000,7279.000,1380
Desktop,2150000,6548.000,1372
Desktop,2710000,7359.000,1367
Mobile,2850000,16350.500,1360
Mobile,1740000,8962.500,1358
Mobile,1630000,6307.000,1358
Desktop,2440000,6831.000,1356
Desktop,4310000,9621.000,1335
Desktop,2180000,7144.000,1324
Tablet,1850000,12837.000,1321
Desktop,5760000,5921.000,1305
Tablet,1200000,13366.000,1305
Desktop,2450000,8248.000,1299
Desktop,2770000,9390.500,1298
Tablet,1120000,18018.000,1291
Desktop,2810000,8126.000,1284
Tablet,1300000,15973.000,1272
Tablet,1970000,17744.500,1254
Desktop,2560000,8128.000,1249
Desktop,4000000,11712.000,1229
Desktop,2320000,6555.000,1229
Tablet,1840000,12109.000,1197
Tablet,1960000,16901.000,1197
Desktop,2820000,9637.000,1195
Desktop,3130000,8855.000,1184
Mobile,2600000,21938.000,1182
Desktop,2270000,6323.500,1180
Desktop,3790000,11480.000,1179
Desktop,2590000,7253.000,1155
Desktop,4120000,10924.000,1132
Desktop,5960000,7312.000,1123
Desktop,4110000,10769.500,1108
Mobile,2580000,21297.500,1106
Tablet,1160000,14525.000,1096
Tablet,1440000,17805.500,1044
Desktop,3140000,7574.000,1041
Desktop,2220000,7001.000,1029
Desktop,2170000,6643.500,1028
Desktop,4330000,9967.000,1020
Tablet,1550000,10628.000,995
Desktop,2690000,7307.000,984
Desktop,2930000,8396.500,974
Desktop,2490000,6253.000,960
Mobile,2480000,20091.500,954
Desktop,2780000,6256.500,952
Desktop,2660000,8145.500,932
Desktop,2310000,7012.500,922
Desktop,3020000,7627.000,913
Desktop,5750000,5697.000,911
Desktop,2890000,6771.500,896
Desktop,2960000,9958.000,892
Desktop,2160000,6702.000,889
Desktop,2340000,7264.000,885
Mobile,2170000,15791.000,885
Mobile,2770000,17656.000,879
Tablet,1530000,13495.000,873
Mobile,2320000,8604.000,869
Tablet,1270000,15037.500,858
Desktop,3080000,6287.000,854
Desktop,2990000,7158.000,847
Desktop,4300000,7472.500,846
Desktop,2700000,8195.500,844
Desktop,5800000,5974.000,841
Desktop,3110000,8945.000,818
Desktop,4230000,8461.000,811
Desktop,3780000,10045.500,808
Desktop,3160000,8335.000,806
Mobile,2190000,9401.000,804
Desktop,2920000,7181.000,795
Desktop,2730000,7026.500,794
Desktop,2680000,7589.000,792
Mobile,2160000,17372.500,772
Desktop,3090000,6165.500,772
Desktop,2840000,9244.000,771
Tablet,1540000,12276.000,766
Mobile,2180000,12471.000,763
Mobile,2620000,18986.000,756
Tablet,1860000,15769.500,754
Tablet,1330000,17032.000,753
Desktop,2830000,7034.000,751
Tablet,1950000,15053.000,746
Desktop,3050000,8165.000,744
Desktop,2790000,6795.000,732
Desktop,4630000,7060.000,731
Tablet,1210000,14107.500,726
Desktop,3000000,7588.000,721
Mobile,1670000,10717.000,721
Desktop,4350000,8675.500,700
Tablet,1310000,16394.000,699
Desktop,2900000,6873.000,687
Desktop,3010000,8147.000,685
Desktop,3180000,8133.500,684
Mobile,2630000,17202.000,680
Desktop,3520000,6499.000,678
Desktop,3040000,7843.000,657
Tablet,1280000,17269.500,646
Desktop,2330000,7055.000,643
Desktop,2980000,7569.500,638
Desktop,2670000,7280.500,636
Tablet,1340000,13691.500,636
Desktop,4460000,6799.000,635
Desktop,3070000,7773.000,631
Tablet,1940000,16251.000,621
Desktop,3580000,6021.500,614
Desktop,2910000,7031.000,602
Desktop,3490000,6236.000,599
Desktop,3060000,7481.000,594
Desktop,3980000,9464.000,593
Tablet,1230000,16990.000,591
Desktop,2970000,8072.000,577
Tablet,1190000,16201.000,573
Tablet,1920000,15391.000,570
Mobile,2570000,21415.000,570
Mobile,2700000,16901.500,566
Tablet,1560000,10777.000,561
Tablet,1980000,18795.000,557
Desktop,3530000,5861.500,548
Desktop,4070000,6820.000,543
Desktop,8310000,6878.000,541
Desktop,3030000,7628.000,533
Desktop,4080000,5279.500,532
Desktop,2950000,7352.000,529
Desktop,3410000,3988.000,527
Mobile,2460000,14817.500,520
Desktop,8350000,6171.000,515
Mobile,2710000,19077.000,514
Mobile,2540000,17314.500,514
Desktop,3190000,7769.000,511
Desktop,4200000,8301.000,502
Mobile,2200000,11136.000,497
Desktop,4650000,7307.000,495
Desktop,2940000,7086.000,486
Desktop,4610000,6475.000,483
Desktop,6010000,8330.000,481
Desktop,3840000,6478.500,480
Desktop,4220000,8616.000,479
Desktop,3800000,11150.000,477
Mobile,2730000,19043.000,476
Desktop,3640000,6091.000,473
Desktop,3100000,7171.500,472
Tablet,1900000,13639.000,468
Tablet,1520000,18269.000,468
Desktop,8070000,6942.500,466
Desktop,4390000,8661.000,466
Desktop,3510000,5731.000,459
Tablet,1400000,16459.000,444
Desktop,4130000,8624.000,442
Desktop,4100000,8944.000,439
Mobile,1710000,24514.000,439
Desktop,4290000,7655.500,434
Tablet,1350000,17578.000,431
Desktop,5770000,6161.500,430
Desktop,5920000,6271.000,422
Desktop,5970000,8094.500,422
Tablet,1830000,11186.000,417
Desktop,5730000,5164.000,417
Mobile,2240000,13134.500,416
Desktop,8320000,6092.000,415
Desktop,3630000,5996.000,412
Desktop,4380000,8255.000,411
Desktop,3200000,8708.000,411
Desktop,3540000,5765.500,408
Tablet,1990000,19843.500,402
Desktop,3500000,6126.000,400
Mobile,2270000,11798.000,395
Desktop,3550000,5955.000,393
Desktop,3240000,6230.000,391
Desktop,4490000,8333.500,388
Mobile,2280000,12987.500,388
Desktop,3210000,6918.000,388
Desktop,3170000,7995.500,388
Desktop,3400000,6492.000,386
Desktop,3390000,5575.500,384
Desktop,4280000,6436.000,384
Desktop,3570000,5626.000,381
Desktop,4470000,7168.500,380
Desktop,4370000,7798.000,379
Tablet,1420000,15511.000,367
Desktop,3670000,7038.500,362
Desktop,7400000,3953.000,361
Tablet,1290000,15427.000,360
Desktop,3280000,6770.000,359
Desktop,3450000,7500.000,358
Mobile,2720000,20553.500,356
Desktop,8270000,6590.500,356
Desktop,3620000,6320.000,355
Mobile,2290000,10636.000,350
Mobile,1680000,12107.000,349
Mobile,2690000,15184.000,349
Mobile,2210000,11454.000,347
Desktop,5740000,6860.000,347
Mobile,2230000,12587.000,345
Desktop,3260000,6494.000,342
Desktop,3850000,8777.000,339
Desktop,5810000,5946.000,335
Tablet,1220000,17320.000,333
Desktop,3230000,6159.000,333
Desktop,4160000,7681.500,332
Desktop,4500000,7689.500,332
Mobile,1690000,15892.000,331
Desktop,5980000,8821.000,328
Tablet,2000000,17482.500,328
Desktop,3350000,6735.500,326
Mobile,2250000,10930.000,325
Desktop,7390000,4870.000,325
Desktop,3360000,7378.000,325
Desktop,3590000,6150.000,321
Desktop,3610000,6369.000,321
Desktop,3560000,6224.000,320
Desktop,3470000,5407.000,319
Desktop,3320000,7687.000,319
Desktop,4150000,9062.500,316
Desktop,8280000,6753.000,313
Desktop,3290000,7637.500,312
Desktop,3340000,6460.500,304
Tablet,1910000,15010.000,304
Tablet,1930000,12485.000,302
Tablet,1880000,14045.000,299
Desktop,8360000,6386.500,296
Tablet,2640000,27942.500,294
Desktop,3220000,7349.000,289
Desktop,3810000,8764.000,289
Mobile,2260000,12055.500,288
Desktop,8640000,8371.000,287
Desktop,3250000,6148.000,287
Desktop,5780000,6655.500,286
Desktop,4420000,7873.500,284
Mobile,2310000,13010.500,284
Mobile,2660000,17129.500,282
Desktop,3460000,6978.000,281
Desktop,3440000,9029.500,280
Desktop,3660000,6057.000,280
Desktop,4010000,9819.000,277
Desktop,4140000,9514.000,276
Desktop,3600000,6999.000,275
Desktop,4600000,6728.000,273
Mobile,1700000,13120.000,273
Desktop,4190000,8310.500,272
Desktop,4360000,9203.000,272
Tablet,1780000,12134.000,269
Tablet,1470000,12781.000,269
Desktop,3270000,7307.000,268
Desktop,8330000,7076.000,266
Desktop,3680000,7465.500,264
Desktop,3710000,6993.000,263
Tablet,2010000,14755.000,262
Desktop,3820000,8785.500,262
Mobile,2680000,18800.000,261
Desktop,3770000,8054.000,261
Tablet,1890000,15657.000,259
Desktop,4020000,11464.000,256
Desktop,4170000,10868.500,254
Tablet,1370000,13042.000,253
Mobile,2220000,13031.000,251
Tablet,1410000,17904.000,249
Desktop,4480000,7939.000,239
Desktop,8670000,8646.000,239
Desktop,3370000,6985.000,237
Desktop,4060000,5574.000,234
Mobile,2560000,15926.000,234
Desktop,3300000,7481.000,233
Mobile,2520000,16835.000,231
Mobile,2420000,13939.000,230
Desktop,8700000,9355.000,229
Desktop,3720000,7069.500,228
Desktop,4400000,8321.000,227
Desktop,3480000,5913.000,226
Desktop,4240000,8034.000,224
Desktop,8120000,7071.000,223
Desktop,4180000,9962.000,218
Tablet,1790000,14046.500,218
Desktop,4670000,7286.000,216
Mobile,2490000,17332.000,216
Mobile,2670000,17003.000,215
Tablet,1580000,13091.500,214
Desktop,3650000,6595.000,213
Desktop,8340000,7140.000,211
Desktop,3380000,7949.000,210
Mobile,2380000,13686.000,208
Mobile,2370000,12906.000,206
Desktop,8650000,8902.000,205
Mobile,2410000,13297.000,205
Desktop,3860000,9398.000,203
Tablet,2120000,17037.000,201
Tablet,1770000,12512.000,200
Tablet,1870000,15114.000,200
Desktop,8290000,6995.000,199
Tablet,1490000,11694.000,198
Desktop,3690000,6796.000,197
Tablet,2110000,18191.500,196
Desktop,4030000,10837.000,195
Desktop,4620000,6632.000,194
Desktop,8690000,9090.500,192
Desktop,3310000,6876.000,191
Mobile,2810000,23383.000,189
Desktop,3420000,6539.000,189
Desktop,8680000,9113.500,186
Desktop,3330000,8074.000,185
Desktop,8660000,8250.000,184
Desktop,4090000,6157.500,184
Desktop,8300000,7126.500,184
Desktop,8080000,7330.000,181
Desktop,6020000,9871.000,180
Tablet,1430000,18863.500,178
Tablet,1380000,15723.000,177
Desktop,3430000,7931.000,177
Mobile,2400000,11015.000,177
Mobile,2780000,12334.500,176
Mobile,2590000,16410.500,174
Desktop,3700000,7346.000,173
Mobile,2330000,11813.000,171
Tablet,1460000,11077.000,170
Mobile,2390000,12545.000,169
Desktop,8110000,7090.000,168
Desktop,4270000,9711.000,167
Mobile,2800000,16012.000,163
Desktop,8380000,6110.000,163
Desktop,3760000,7135.000,159
Desktop,4040000,10885.000,159
Tablet,1480000,16120.000,159
Desktop,8090000,6906.000,158
Tablet,1450000,13730.500,158
Desktop,4260000,9398.000,157
Desktop,4660000,6964.000,156
Tablet,1360000,18120.500,156
Desktop,8630000,8073.000,156
Mobile,2440000,14463.000,154
Desktop,8390000,6515.500,152
Mobile,2610000,18675.000,151
Desktop,4930000,7814.000,149
Mobile,2470000,15744.000,147
Tablet,2870000,29902.000,146
Mobile,3710000,16199.000,145
Mobile,2820000,20554.500,144
Desktop,3730000,6574.000,143
Desktop,3870000,7387.000,143
Desktop,5950000,6516.000,143
Tablet,2020000,15744.000,143
Desktop,6000000,7180.000,142
Desktop,4800000,7740.000,141
Mobile,2510000,21228.000,141
Desktop,4820000,8527.000,141
Tablet,2030000,15429.000,140
Tablet,2040000,15018.500,140
Tablet,2130000,18473.500,140
Desktop,3830000,9735.000,139
Desktop,3740000,6063.000,138
Mobile,2350000,13225.000,138
Tablet,2860000,28504.000,138
Mobile,2790000,15797.000,137
Desktop,8710000,9661.000,137
Mobile,2450000,14288.000,134
Mobile,2340000,15929.000,134
Mobile,3460000,16157.000,134
Tablet,1810000,13190.000,133
Desktop,3880000,8167.000,133
Mobile,4080000,5018.000,133
Mobile,2430000,14970.000,131
Mobile,2840000,18204.000,130
Desktop,4680000,7850.000,129
Desktop,8440000,7467.000,128
Desktop,4250000,9215.500,128
Desktop,8460000,7919.000,128
Tablet,2050000,15659.000,127
Desktop,3910000,6289.000,127
Desktop,8130000,7359.500,126
Tablet,2760000,30354.500,126
Mobile,2920000,11639.000,125
Desktop,4210000,8757.000,124
Desktop,4810000,6726.000,123
Mobile,2830000,22806.000,123
Desktop,3750000,6407.000,121
Desktop,4830000,8615.000,118
Desktop,5570000,7258.500,118
Desktop,7650000,2867.000,118
Tablet,1510000,16584.000,117
Desktop,3970000,9516.000,117
Tablet,1390000,18902.000,117
Tablet,1820000,10375.000,116
Tablet,1800000,13690.000,114
Desktop,8720000,9453.000,114
Desktop,4540000,6235.000,113
Tablet,2730000,20344.000,113
Desktop,5660000,6114.500,112
Desktop,5720000,6070.000,112
Desktop,8150000,6887.000,111
Desktop,8140000,7580.500,110
Desktop,8430000,7604.000,109
Desktop,4050000,10265.000,109
Mobile,2500000,16857.000,109
Mobile,2360000,12854.500,108
Desktop,3890000,7205.500,108
Tablet,2060000,17062.500,108
Desktop,8480000,8051.000,107
Tablet,2740000,28257.000,107
Desktop,5560000,5633.500,106
Desktop,8490000,9091.000,106
Desktop,3930000,7821.000,106
Desktop,8100000,6527.000,105
Tablet,2100000,16257.000,105
Desktop,5930000,6448.000,105
Mobile,3120000,11092.500,104
Desktop,8470000,8051.000,103
Desktop,5790000,6162.000,103
Desktop,5910000,6483.000,102
Desktop,4410000,8797.000,102
Desktop,3960000,10148.000,101
Desktop,8020000,6914.000,100
Desktop,6070000,8910.000,100
Tablet,1750000,44548.000,99
Mobile,2940000,9878.000,97
Desktop,5060000,15709.000,97
Mobile,2930000,13372.000,96
Desktop,3950000,9333.500,96
Desktop,8730000,11066.500,94
Desktop,8510000,8822.000,94
Desktop,8450000,7047.500,92
Desktop,9230000,14159.000,91
Desktop,5210000,5318.000,91
Desktop,3920000,6119.000,91
Tablet,1760000,10991.000,89
Desktop,5990000,8907.000,89
Mobile,3070000,10245.000,88
Desktop,4860000,7585.500,86
Mobile,3410000,5706.000,86
Tablet,2140000,20640.000,85
Desktop,8160000,7566.000,85
Desktop,8530000,8378.500,84
Desktop,5820000,8982.500,84
Tablet,1500000,16095.000,83
Desktop,4510000,8414.000,83
Desktop,8500000,7990.000,83
Mobile,2980000,14954.000,83
Desktop,4690000,8074.000,82
Tablet,2070000,18209.000,82
Desktop,4520000,9079.000,81
Tablet,2080000,19449.000,81
Desktop,4530000,6538.000,80
Desktop,8180000,6855.000,79
Desktop,5940000,6480.000,79
,90000,7374.000,79
Desktop,5640000,4600.500,78
Desktop,3900000,7605.000,77
Mobile,2990000,8167.500,76
Desktop,8560000,8187.000,76
Desktop,6030000,10806.000,75
Desktop,8190000,6930.000,75
Desktop,8610000,7580.000,75
Desktop,8210000,7145.000,75
Desktop,4730000,8059.000,74
Desktop,3940000,10659.000,74
,30000,7071.000,73
Desktop,9190000,9947.000,73
Mobile,2890000,18672.000,73
Mobile,3720000,13469.000,72
Desktop,5870000,7481.000,72
Mobile,3000000,11962.000,71
Desktop,8750000,10213.000,71
,110000,6823.000,71
Tablet,1730000,25029.000,71
Desktop,8060000,6625.500,70
Tablet,2090000,17694.000,69
Mobile,2950000,11442.000,69
Desktop,8740000,9997.000,69
Desktop,4850000,8203.000,67
Desktop,4700000,7673.000,67
Mobile,3020000,11851.000,67
Mobile,2960000,13837.000,66
,60000,7685.500,66
Desktop,6400000,5794.500,66
Desktop,6040000,10179.000,66
Desktop,4550000,6444.000,65
Desktop,8400000,6863.000,65
Tablet,2750000,24254.000,65
,20000,7309.000,64
Tablet,2550000,26174.500,64
Desktop,9170000,14741.500,64
Mobile,3110000,11491.500,64
Mobile,4060000,4066.000,63
,70000,7660.000,63
Mobile,2970000,9534.000,63
Desktop,5550000,4807.000,62
Desktop,5360000,10057.000,61
Desktop,8260000,7378.000,61
Desktop,8030000,8157.000,61
,40000,6851.000,61
Desktop,5500000,7295.000,60
Desktop,5470000,5926.000,60
,80000,7696.000,60
Tablet,1720000,14261.000,59
Desktop,8620000,9627.000,59
Mobile,2910000,19424.000,59
Desktop,8420000,7372.000,59
Desktop,5650000,5163.000,59
Tablet,2150000,18217.000,58
Tablet,1640000,12213.000,58
Desktop,8540000,8599.500,58
,100000,7617.500,58
Mobile,3150000,9188.500,58
Desktop,8770000,11516.000,56
Desktop,8520000,7798.500,56
Tablet,2530000,24838.000,55
Tablet,1660000,15622.000,55
,120000,7650.000,55
Mobile,3700000,13742.000,55
Desktop,5580000,6628.000,54
Desktop,8580000,8891.000,54
Desktop,5510000,6638.000,54
Tablet,2880000,24574.000,53
Desktop,9140000,12404.000,53
Desktop,8760000,9855.000,53
Desktop,5520000,7272.000,53
Desktop,8170000,7406.000,52
Desktop,5480000,6820.000,52
Desktop,5880000,6026.500,52
Desktop,4840000,10558.500,52
Tablet,2300000,11263.000,51
Desktop,5010000,5612.000,51
Desktop,8570000,8023.000,51
,50000,7415.000,51
Desktop,5000000,8694.000,51
Desktop,7440000,4160.000,50
Desktop,8840000,8759.000,50
Desktop,8800000,7895.000,50
Tablet,2200000,7233.000,49
Desktop,8550000,7843.000,49
Desktop,8250000,7145.000,48
Desktop,4720000,7739.000,48
Tablet,3460000,15795.000,48
Mobile,4230000,21459.500,48
Desktop,9740000,16472.000,47
Tablet,1630000,12166.000,47
Desktop,6430000,9271.000,47
Desktop,5260000,5228.000,47
Desktop,5540000,6863.000,47
Tablet,1650000,14761.500,46
Mobile,2900000,12556.500,46
Mobile,3080000,9625.000,45
Desktop,4950000,9163.500,44
Desktop,8790000,13461.000,43
Tablet,1600000,18935.000,43
Mobile,3670000,8059.000,43
Mobile,3040000,13694.000,43
Desktop,7340000,4741.000,43
Desktop,5840000,7530.000,43
Desktop,5670000,4167.000,43
Mobile,3030000,15974.000,43
,170000,7996.500,42
,10000,7332.000,42
Tablet,2290000,10722.000,42
Desktop,4560000,8622.500,42
,140000,6569.000,41
Tablet,2850000,23276.000,41
Tablet,1740000,12548.000,41
Mobile,3390000,6438.000,41
,130000,8368.000,41
Desktop,4910000,7448.000,41
Desktop,8370000,6736.000,40
,0,7898.000,40
Mobile,3090000,13308.000,40
Desktop,10090000,15915.000,39
Desktop,8900000,10491.000,39
Mobile,3060000,19778.000,39
Tablet,2370000,10388.000,39
Desktop,4740000,7599.000,39
Desktop,6420000,5908.000,39
Desktop,5110000,7452.000,39
Mobile,3130000,16232.000,39
Desktop,5680000,5992.500,38
Desktop,7410000,6596.500,38
Mobile,3050000,12226.500,38
Tablet,2470000,17636.000,38
Desktop,8600000,9319.500,38
Mobile,3010000,12104.000,38
Desktop,6090000,8180.000,38
Desktop,5350000,7381.500,38
Mobile,4070000,8331.000,37
Desktop,4580000,7278.000,37
Tablet,2810000,27850.000,37
Desktop,5830000,6903.000,37
Desktop,5900000,8633.000,37
Desktop,6060000,8665.000,37
Desktop,5330000,6917.500,36
Desktop,5300000,9771.500,36
Desktop,4960000,10310.000,36
Desktop,9750000,18045.500,36
Desktop,10110000,17135.500,36
Desktop,8590000,7528.500,36
Tablet,2630000,24606.000,36
Mobile,3660000,13385.000,35
Mobile,4300000,7903.000,35
Desktop,5380000,5349.000,35
Desktop,6410000,6638.000,35
Desktop,5710000,5779.000,35
Desktop,8050000,8489.000,35
Mobile,3100000,13764.000,35
Desktop,10100000,15149.000,35
Desktop,4790000,6459.000,35
,160000,8552.000,35
Mobile,3160000,11812.000,35
Desktop,5590000,6360.500,34
Desktop,8230000,7316.000,34
Tablet,2600000,30278.000,34
Desktop,9500000,10782.000,34
Desktop,9580000,11632.500,34
Tablet,2320000,14719.000,34
Mobile,3840000,6850.000,34
Desktop,8220000,7913.000,33
Mobile,5110000,7915.000,33
Mobile,3650000,9461.000,33
Mobile,4090000,4993.000,33
Desktop,5370000,8129.000,33
Desktop,5620000,7464.000,33
Mobile,3300000,19193.000,33
Desktop,9560000,11252.000,33
Tablet,2460000,21967.000,33
Desktop,5490000,5805.000,32
Desktop,8950000,10077.500,32
Desktop,4570000,6533.500,32
Desktop,8810000,8302.500,32
Mobile,3260000,10863.000,32
Desktop,6080000,11229.500,32
Desktop,8780000,10539.000,31
Mobile,3370000,14723.000,31
Desktop,4590000,7366.000,31
Desktop,5890000,5673.000,31
Mobile,3640000,12696.000,31
Desktop,8880000,9469.000,31
Desktop,8240000,7308.000,31
Mobile,3230000,11057.000,31
Desktop,5100000,8689.000,31
Mobile,3180000,19032.000,31
Desktop,5080000,4524.000,31
Desktop,8920000,10942.000,30
Mobile,3140000,14665.500,30
,150000,8601.500,30
Tablet,2180000,18896.000,29
Tablet,2540000,22477.000,29
Desktop,6120000,6642.000,29
Tablet,2310000,8858.000,29
Tablet,2170000,25040.000,29
Desktop,5120000,7762.000,29
Tablet,2190000,14487.000,28
Desktop,4940000,6801.000,28
Desktop,8830000,10557.500,28
Desktop,4870000,7039.500,28
Desktop,5400000,7406.000,28
Desktop,4990000,8110.000,28
Tablet,1620000,14652.500,28
Mobile,3190000,13122.500,28
Desktop,8930000,8265.500,28
Desktop,4770000,8248.000,28
Desktop,8820000,9549.000,27
Desktop,7980000,7198.000,27
Desktop,7420000,4722.000,27
Desktop,9490000,11881.000,27
Desktop,8870000,10761.000,27
Desktop,8940000,10288.000,27
,180000,8275.500,26
Desktop,8850000,10970.000,26
Desktop,9130000,13402.500,26
Mobile,3680000,10087.500,26
Desktop,5860000,5813.500,26
Mobile,3560000,15227.000,25
Tablet,2160000,24806.000,25
Tablet,2770000,17861.000,25
Desktop,4710000,9991.000,25
Desktop,5130000,8265.000,25
Desktop,5700000,6119.000,25
Desktop,7970000,5393.000,25
Desktop,5200000,6776.000,25
Mobile,3170000,22834.500,24
Desktop,8890000,11188.500,24
Desktop,5050000,9585.500,24
Desktop,4920000,8715.000,24
Desktop,8040000,6045.000,23
Desktop,8010000,6789.000,23
Mobile,3200000,17884.000,23
Mobile,4310000,7118.000,23
Desktop,5070000,7079.000,23
Mobile,3400000,12771.000,23
Desktop,8910000,6545.000,23
Desktop,5180000,7921.000,23
Desktop,5230000,5307.000,23
Tablet,2480000,22837.000,23
Desktop,5530000,7779.000,23
Desktop,5020000,6524.000,23
Mobile,3450000,11496.000,22
Tablet,2380000,16726.500,22
Mobile,3420000,10971.000,22
Mobile,3810000,7356.000,22
Desktop,7330000,5055.500,22
Tablet,1610000,13266.500,22
Desktop,5440000,4216.000,22
Tablet,2270000,18540.500,22
Mobile,3240000,6411.500,22
Desktop,4970000,6909.500,22
Desktop,8860000,11358.000,21
Desktop,5140000,10757.000,21
Desktop,5690000,6907.000,21
Mobile,4370000,8116.000,21
,190000,7380.000,21
Desktop,5450000,6777.000,21
Desktop,5630000,5121.000,21
Desktop,4900000,6602.000,21
Desktop,7990000,5739.000,21
Desktop,5460000,7426.000,21
Desktop,8960000,11205.500,20
Desktop,8200000,8003.000,20
Mobile,4290000,9792.500,20
Mobile,3630000,11421.500,20
Tablet,2390000,17949.000,20
Mobile,5800000,15013.000,20
Tablet,2450000,16220.000,20
Desktop,4880000,7303.000,20
Desktop,5320000,8232.500,20
Desktop,7930000,3732.500,20
Desktop,5850000,7619.500,20
Desktop,5270000,3529.500,20
Desktop,6100000,7728.000,20
Desktop,8000000,9379.500,20
,210000,7500.000,20
Desktop,9350000,8615.000,19
Desktop,9510000,12682.000,19
Desktop,5410000,6785.000,19
Tablet,2350000,15354.000,19
Tablet,2830000,28350.000,19
Tablet,2650000,21217.000,19
Tablet,2260000,15466.000,19
Tablet,2240000,21792.000,19
,200000,7564.000,19
Desktop,7780000,4274.000,19
Tablet,1670000,17628.000,19
Tablet,2210000,22406.000,19
Desktop,5610000,9561.500,18
Desktop,6050000,13316.500,18
Desktop,5150000,7332.000,18
Mobile,4320000,13033.000,18
Mobile,3350000,12936.000,18
Tablet,2660000,24809.000,18
Mobile,4390000,6734.000,17
Desktop,4750000,5918.000,17
Desktop,8970000,8387.000,17
Mobile,3470000,13585.000,17
Desktop,7590000,2809.000,17
Mobile,3250000,15964.000,17
Desktop,9570000,10654.000,17
Tablet,2580000,26452.000,17
Desktop,4760000,9499.000,17
Mobile,4200000,14690.000,17
Tablet,2430000,18560.000,17
Tablet,2330000,9961.000,17
Mobile,9750000,40387.000,17
Mobile,3290000,19225.000,17
Tablet,2780000,9845.500,16
Tablet,2280000,13570.000,16
Mobile,3210000,17535.000,16
Desktop,7360000,7295.000,16
Tablet,2420000,17995.000,16
Desktop,5310000,11854.000,16
Tablet,2620000,20637.500,16
Mobile,3820000,5246.000,16
Desktop,4980000,7753.500,16
Tablet,1710000,39688.500,16
Desktop,10130000,11315.000,16
Mobile,3330000,11266.000,16
,230000,8248.000,15
Desktop,7070000,5684.000,15
Tablet,2490000,25584.000,15
Tablet,2360000,12073.000,15
Desktop,5420000,5708.000,15
Mobile,3860000,6319.000,15
Mobile,3220000,15221.000,15
Desktop,5600000,8567.000,15
Mobile,4330000,7592.000,15
Mobile,3520000,21118.000,15
Desktop,10050000,14258.000,14
Mobile,3360000,17988.500,14
Mobile,3590000,10874.500,14
Desktop,5090000,5450.000,14
Desktop,4780000,15422.500,14
Mobile,3310000,9127.500,14
Desktop,5250000,6482.000,14
Mobile,3610000,17944.500,14
Tablet,2700000,22619.500,14
Desktop,5340000,8464.500,14
Tablet,2520000,18833.000,14
Mobile,3510000,18448.500,14
Mobile,3690000,15985.000,14
Mobile,3500000,14943.000,13
Mobile,3280000,12818.000,13
Tablet,2510000,26556.000,13
Desktop,5430000,6078.000,13
Mobile,4190000,11985.000,13
Desktop,7830000,7327.000,13
Mobile,3270000,13993.000,13
Desktop,6110000,8142.000,13
Tablet,2440000,27343.000,13
Desktop,5030000,5155.000,13
Desktop,10060000,11181.000,13
Mobile,3620000,10117.000,13
Mobile,3800000,5948.000,13
Tablet,2590000,22756.000,12
Tablet,2220000,21455.500,12
Tablet,1690000,32990.500,12
Tablet,2670000,26123.000,12
Desktop,5190000,8069.500,12
Desktop,4890000,6350.000,12
Desktop,8990000,7849.500,12
Tablet,2250000,15538.500,12
Desktop,5240000,7313.500,12
,260000,6546.000,12
,220000,7102.000,12
Mobile,3600000,17916.000,12
Desktop,5280000,7218.000,12
Mobile,3530000,12863.500,12
Mobile,5080000,6175.500,12
Tablet,2230000,16130.500,12
Desktop,5160000,9060.500,12
Mobile,3340000,11001.500,12
Desktop,7290000,16062.000,11
Mobile,3540000,15707.000,11
Mobile,3850000,7620.000,11
Tablet,2340000,12727.000,11
Desktop,7170000,10156.000,11
Mobile,3830000,7750.000,11
,250000,6508.000,11
Desktop,8980000,9196.000,11
Mobile,4340000,8038.000,11
Tablet,2790000,28779.000,11
Tablet,4080000,8583.000,11
Tablet,2570000,16210.500,10
Desktop,6140000,9252.000,10
Mobile,3740000,11812.500,10
Mobile,3320000,14029.500,10
Mobile,3550000,21748.500,10
Mobile,3790000,9663.500,10
Desktop,9010000,9261.500,10
Desktop,6530000,12649.000,10
Desktop,7610000,4523.500,10
Mobile,3570000,19191.000,9
Desktop,10030000,12634.000,9
Desktop,6610000,5489.000,9
Desktop,9090000,9293.000,9
Desktop,9370000,3327.000,9
Desktop,8410000,6089.000,9
Mobile,5960000,16539.000,9
Mobile,4280000,15202.000,9
,270000,10247.000,9
Mobile,4020000,18002.000,9
Mobile,3770000,10157.000,9
Desktop,10120000,12813.000,9
Tablet,2560000,44860.000,9
Desktop,5040000,7944.000,9
Desktop,7660000,9799.000,9
Desktop,6520000,12885.000,9
Desktop,7960000,4902.000,9
Mobile,5070000,6071.000,9
Mobile,3780000,6419.000,9
Mobile,3580000,24303.000,9
Mobile,5100000,6552.000,9
Tablet,2410000,14478.000,9
Mobile,4400000,10496.000,9
Desktop,21990000,4357.000,9
Tablet,2800000,19643.000,9
Mobile,4360000,12278.000,8
Desktop,5170000,7186.000,8
Desktop,9000000,10737.500,8
Mobile,5260000,10629.500,8
Desktop,9530000,14745.500,8
Desktop,9590000,9772.500,8
Desktop,6460000,5727.500,8
Desktop,7850000,10529.000,8
Desktop,5220000,7726.000,8
Desktop,6150000,4696.500,8
Mobile,6000000,16052.500,8
Desktop,7750000,5108.500,8
Desktop,7540000,4354.500,8
Mobile,3440000,11599.000,8
Desktop,24950000,13215.000,8
Desktop,9480000,11544.000,8
Mobile,4910000,7358.000,8
Desktop,9420000,3150.000,8
,240000,10105.000,8
Tablet,2890000,17860.000,8
Tablet,2500000,16761.500,8
Desktop,25040000,5723.000,7
Mobile,4140000,28777.000,7
Desktop,6290000,13844.000,7
Desktop,10070000,21886.000,7
Mobile,3430000,18267.000,7
Mobile,3480000,6453.000,7
Mobile,4170000,14571.000,7
Desktop,7350000,9045.000,7
Mobile,3380000,14431.000,7
Desktop,7740000,7428.000,7
Desktop,7550000,8684.000,7
Desktop,6340000,3446.000,7
Desktop,9650000,13165.000,7
Mobile,5000000,10159.000,7
Desktop,7770000,13117.000,7
Mobile,4480000,30757.000,7
Mobile,4680000,8330.000,7
Tablet,2720000,37563.000,7
Mobile,3490000,17469.000,7
Desktop,9160000,10097.000,7
Desktop,7790000,8859.000,7
Mobile,4010000,5248.000,7
Mobile,4220000,11393.000,7
Tablet,1680000,27119.000,7
Mobile,4250000,11939.000,7
Mobile,9240000,35358.000,7
Mobile,5040000,7294.000,7
Mobile,3750000,9806.000,7
Mobile,4110000,17030.000,6
Desktop,7900000,8220.500,6
Desktop,6130000,9337.500,6
Desktop,7760000,12390.000,6
Desktop,7260000,29595.000,6
Desktop,6200000,12647.500,6
Desktop,7870000,16838.500,6
Desktop,7730000,5135.500,6
Tablet,2400000,14522.000,6
Tablet,2610000,27287.000,6
Tablet,3710000,15325.500,6
Desktop,10020000,10884.500,6
Desktop,6440000,3285.500,6
Desktop,9760000,11686.000,6
Tablet,2680000,23800.000,6
Desktop,10080000,10185.000,6
Mobile,5390000,11153.000,6
Desktop,9540000,7103.000,6
Mobile,4930000,11069.000,6
Mobile,3930000,9966.500,6
Desktop,7620000,4406.000,6
Mobile,5010000,4447.500,6
Tablet,2710000,12962.500,6
Desktop,9340000,8057.000,6
Desktop,24790000,4635.500,6
Mobile,4050000,15340.500,6
Mobile,4640000,12151.500,6
Mobile,3730000,14043.500,6
Desktop,9150000,13271.500,6
Desktop,7700000,31245.000,6
Mobile,4830000,9656.000,5
Tablet,2930000,14653.000,5
Mobile,6420000,10171.000,5
Desktop,6360000,48299.000,5
Mobile,6270000,34012.000,5
Desktop,9270000,7324.000,5
Desktop,7430000,4011.000,5
Desktop,10010000,20163.000,5
Desktop,10040000,6487.000,5
Desktop,11100000,5115.000,5
Desktop,11290000,3603.000,5
Desktop,7810000,5546.000,5
Mobile,4570000,16224.000,5
Desktop,7840000,7170.000,5
Mobile,6030000,22317.000,5
Mobile,5790000,19014.000,5
Mobile,4620000,19926.000,5
Desktop,9050000,9393.000,5
Mobile,5300000,13338.000,5
Mobile,4690000,24162.000,5
Mobile,4030000,13130.000,5
Mobile,4040000,7592.000,5
Mobile,4240000,13632.000,5
,300000,6876.000,5
Mobile,5870000,23326.000,5
Desktop,7920000,7532.000,5
Tablet,2820000,20580.000,5
Desktop,7710000,7998.000,5
Mobile,3890000,11578.000,5
Desktop,9180000,9461.000,5
Desktop,9030000,12454.000,5
Mobile,4730000,16946.000,5
Desktop,6310000,22563.000,5
Desktop,6280000,10804.000,5
Desktop,5390000,6517.000,5
Tablet,2690000,31507.000,5
Desktop,6380000,7535.000,5
Tablet,1700000,27882.000,5
Mobile,6040000,20460.000,5
Desktop,6250000,6860.000,5
Desktop,7560000,4718.000,5
Desktop,24960000,9141.000,5
Mobile,4260000,7414.000,5
Desktop,9380000,4281.000,5
Desktop,11320000,9294.000,5
Mobile,4520000,7602.000,5
Mobile,4270000,7482.000,5
Mobile,8750000,13494.500,4
Desktop,6710000,14384.000,4
Mobile,5430000,9027.000,4
Mobile,6150000,6022.000,4
Mobile,6010000,18321.000,4
Mobile,6100000,28111.000,4
Desktop,24890000,3345.500,4
Mobile,3990000,12375.500,4
Desktop,9020000,6806.000,4
Mobile,4180000,7496.000,4
Mobile,6080000,12413.000,4
Mobile,6020000,15632.500,4
Mobile,4410000,21198.500,4
Desktop,6190000,5788.500,4
Desktop,7910000,8069.000,4
Mobile,3950000,18337.000,4
Mobile,3880000,17202.500,4
Desktop,24830000,6056.500,4
Desktop,9770000,13487.500,4
Mobile,6070000,18169.000,4
Desktop,9100000,9559.500,4
Desktop,7630000,150853.500,4
Mobile,4450000,18455.000,4
Mobile,6050000,15080.500,4
Desktop,9660000,8170.500,4
Desktop,11230000,5864.500,4
Desktop,24760000,5965.500,4
Desktop,10140000,19567.500,4
Mobile,4350000,21954.000,4
Desktop,9220000,6676.000,4
Desktop,5290000,3918.500,4
Mobile,10090000,22408.500,4
Mobile,4440000,12093.500,4
Desktop,6180000,8552.500,4
Desktop,6450000,2895.000,4
Mobile,5240000,10961.500,4
Desktop,7600000,4805.500,4
Tablet,3030000,24603.500,4
Desktop,7120000,7609.500,4
Desktop,9080000,9035.000,4
Mobile,7440000,10244.500,4
Mobile,4210000,8578.000,4
Desktop,9800000,8378.000,4
Mobile,4120000,24715.000,4
Mobile,5030000,6807.000,4
Desktop,7510000,31074.000,4
Desktop,6390000,5952.500,4
Mobile,3900000,13808.000,4
Desktop,7310000,9644.000,4
,290000,5068.000,4
Desktop,9240000,9493.000,4
Desktop,7690000,3419.000,4
Desktop,7370000,10281.000,4
Desktop,21890000,12677.000,3
,320000,5846.000,3
Mobile,5930000,2963.000,3
Desktop,9300000,9074.000,3
Desktop,9250000,27288.000,3
Mobile,5220000,6340.000,3
Tablet,4090000,4844.000,3
Desktop,9550000,14279.000,3
Desktop,22000000,2991.000,3
Mobile,4380000,27929.000,3
Mobile,4740000,13439.000,3
Mobile,3980000,8829.000,3
Mobile,4610000,6538.000,3
Desktop,6240000,5795.000,3
Mobile,4100000,13655.000,3
Desktop,6720000,30114.000,3
Mobile,5810000,16826.000,3
Desktop,6780000,18649.000,3
Desktop,10440000,4392.000,3
Desktop,7460000,5469.000,3
Mobile,8900000,21516.000,3
Mobile,5970000,16092.000,3
Desktop,6300000,21654.000,3
Mobile,5410000,9832.000,3
Desktop,6660000,5621.000,3
Desktop,24630000,3318.000,3
Mobile,8740000,10232.000,3
Mobile,9740000,28035.000,3
Mobile,9230000,34043.000,3
Mobile,4590000,4099.000,3
Mobile,5920000,9209.000,3
Mobile,4130000,13996.000,3
Desktop,9040000,7262.000,3
Tablet,3190000,13241.000,3
Desktop,9780000,12154.000,3
Mobile,9840000,57850.000,3
Mobile,5060000,15753.000,3
Desktop,25010000,6710.000,3
Desktop,6220000,13144.000,3
Desktop,6580000,12077.000,3
Tablet,3390000,4890.000,3
Desktop,6500000,6971.000,3
Mobile,4950000,7675.000,3
Tablet,3000000,31953.000,3
Desktop,21840000,8118.000,3
Mobile,8830000,14654.000,3
Desktop,9210000,9826.000,3
Desktop,21930000,3724.000,3
Desktop,6490000,8671.000,3
Desktop,7490000,9618.000,3
Mobile,5840000,10567.000,3
Mobile,5650000,11123.000,3
,280000,6025.000,3
Desktop,9470000,12315.000,3
Desktop,21960000,2761.000,3
Mobile,6400000,12219.000,3
Mobile,4550000,11942.000,3
Mobile,3760000,25743.000,3
Desktop,9120000,6332.000,3
Tablet,4300000,9102.000,3
Tablet,4060000,7134.000,3
Desktop,7820000,7525.000,3
Desktop,6370000,15014.000,3
Mobile,9560000,33695.000,3
Desktop,7450000,32668.000,3
Desktop,7680000,19932.000,3
Desktop,9200000,7127.000,3
Tablet,3160000,19638.000,3
Mobile,5760000,11037.000,3
Mobile,8310000,11998.000,3
Desktop,24930000,5577.000,3
Mobile,4990000,5107.000,3
Tablet,2920000,20876.000,3
Tablet,3640000,15022.500,2
Mobile,12440000,7809.000,2
Desktop,6650000,44321.000,2
Desktop,9360000,23728.500,2
Mobile,4660000,12833.000,2
Desktop,6160000,7013.000,2
Mobile,4560000,19148.000,2
,330000,12279.000,2
Tablet,2840000,75116.500,2
Mobile,10130000,24128.500,2
Mobile,5150000,46468.500,2
Tablet,3220000,13013.500,2
Tablet,3420000,13228.500,2
Mobile,8630000,9652.000,2
Desktop,7380000,4121.000,2
,20000,10382.500,2
Desktop,7520000,10743.000,2
Mobile,4770000,20173.000,2
Desktop,7670000,6634.000,2
Mobile,3910000,56870.000,2
Desktop,6730000,8311.500,2
Desktop,7500000,21619.000,2
Mobile,5520000,15384.500,2
Mobile,8680000,12805.500,2
Desktop,9610000,27325.000,2
Mobile,3970000,17394.500,2
Desktop,10310000,347946.500,2
Desktop,7940000,71436.500,2
Desktop,25050000,11206.500,2
Mobile,4840000,9960.000,2
Mobile,10120000,57732.500,2
Desktop,9060000,16031.000,2
Desktop,22010000,5572.000,2
Mobile,4850000,8162.500,2
Mobile,5440000,10007.500,2
Mobile,6110000,32847.000,2
Desktop,22050000,5382.500,2
Mobile,5610000,6288.000,2
Mobile,8460000,15552.500,2
Desktop,7640000,113457.500,2
Tablet,3350000,12080.500,2
Mobile,8350000,12670.000,2
Desktop,35750000,19929.000,2
Desktop,6350000,7903.000,2
Desktop,9850000,13392.000,2
Desktop,10960000,337264.000,2
Mobile,4920000,7399.000,2
Desktop,24780000,6273.000,2
Mobile,8060000,12853.500,2
Desktop,25000000,11569.500,2
Desktop,7200000,3447.500,2
Desktop,24920000,6743.000,2
Tablet,4760000,18320.500,2
Desktop,21950000,17350.000,2
Tablet,4200000,41820.500,2
Tablet,3040000,27836.000,2
Mobile,8780000,24272.000,2
Mobile,8720000,16716.000,2
Tablet,3410000,7972.000,2
Mobile,8320000,140857.000,2
Mobile,5400000,9973.500,2
Mobile,9090000,182528.500,2
Tablet,3630000,39594.000,2
Mobile,3940000,34605.500,2
Mobile,10100000,55202.000,2
Tablet,2980000,9014.000,2
Desktop,10880000,9866.500,2
Tablet,3330000,10338.000,2
Mobile,9690000,24530.000,2
Mobile,8760000,25383.000,2
Mobile,4540000,31490.500,2
Desktop,24820000,4166.000,2
Mobile,8170000,7286.500,2
Desktop,13570000,6263.500,2
Desktop,6690000,72475.500,2
Desktop,24840000,5795.000,2
Tablet,3230000,17578.500,2
Mobile,4870000,14491.000,2
Tablet,3110000,12916.500,2
Desktop,7320000,13675.500,2
Mobile,5020000,5349.500,2
Desktop,6560000,17176.500,2
Mobile,4700000,9429.500,2
Desktop,7150000,4066.000,2
Desktop,7220000,33276.500,2
Tablet,3240000,8072.500,2
Mobile,8360000,7673.000,2
Desktop,27970000,6463.500,2
Mobile,11880000,4923.500,2
Desktop,9600000,15050.000,2
Desktop,22700000,9191.500,2
Mobile,8290000,34751.000,2
Mobile,4780000,10545.500,2
Desktop,9330000,12897.000,2
Mobile,5280000,26465.500,2
Desktop,6170000,6867.500,2
Desktop,9410000,7723.000,2
Mobile,8700000,12184.000,2
Mobile,8120000,10774.000,2
Tablet,4310000,6740.000,2
Desktop,7720000,7204.000,2
Mobile,8920000,18952.500,2
Mobile,7400000,11385.000,2
Mobile,6170000,7239.500,2
Mobile,5310000,17053.000,2
Desktop,24770000,7569.000,2
Desktop,9110000,13799.000,2
Desktop,6210000,3705.000,2
Tablet,4070000,9569.000,2
Mobile,9380000,55901.500,2
Desktop,24900000,10879.500,2
Desktop,7280000,17484.000,2
Desktop,24850000,4101.500,2
Mobile,8790000,22105.000,2
Mobile,5250000,213816.500,2
Desktop,25600000,53183.500,2
Desktop,7880000,7288.500,2
Mobile,4470000,31423.500,2
Mobile,5420000,15803.500,2
Desktop,11310000,8734.000,2
,310000,10512.500,2
Desktop,18170000,8323.500,2
Desktop,24940000,5819.000,2
Mobile,5860000,13898.500,2
Mobile,6430000,13653.500,2
Mobile,5700000,8683.500,2
Desktop,25500000,4711.000,2
Mobile,4420000,21704.000,2
Desktop,7050000,169727.500,2
Desktop,21940000,4149.000,2
Desktop,9070000,4470.500,2
Desktop,6870000,166985.500,2
Mobile,4630000,14755.500,2
Desktop,21980000,4743.000,2
Desktop,9310000,6639.000,2
Desktop,25560000,4288.000,2
Mobile,6470000,13602.000,2
Mobile,4900000,5991.000,2
Mobile,3960000,29318.000,2
Mobile,9810000,47927.000,2
Desktop,22040000,8251.000,1
Tablet,5910000,31133.000,1
Desktop,21850000,8349.000,1
Mobile,8960000,15123.000,1
Mobile,4760000,8582.000,1
Desktop,9990000,30838.000,1
Tablet,3170000,8723.000,1
Desktop,21480000,7366.000,1
Mobile,9630000,35589.000,1
Mobile,8380000,9159.000,1
Desktop,7180000,40774.000,1
Mobile,9450000,9276.000,1
Desktop,6640000,8200.000,1
Mobile,8690000,26175.000,1
Mobile,8510000,13169.000,1
Desktop,24800000,7407.000,1
Desktop,7860000,5235.000,1
Mobile,8810000,27524.000,1
Mobile,5830000,7028.000,1
Mobile,10030000,23004.000,1
Desktop,6320000,5763.000,1
Desktop,10320000,337600.000,1
Desktop,10600000,337783.000,1
Desktop,15060000,4968.000,1
Desktop,11440000,334759.000,1
Desktop,10720000,368339.000,1
Desktop,24130000,6351.000,1
Desktop,18350000,2641.000,1
Mobile,7710000,30870.000,1
Mobile,6550000,30012.000,1
Mobile,6320000,12591.000,1
Mobile,12460000,8584.000,1
Desktop,6680000,21260.000,1
Mobile,8220000,6163.000,1
Mobile,25040000,6784.000,1
Desktop,16970000,9338.000,1
Desktop,24040000,16932.000,1
Tablet,3060000,14822.000,1
Mobile,6410000,515656.000,1
Desktop,9680000,45626.000,1
Desktop,12650000,35633.000,1
Mobile,8800000,15777.000,1
Mobile,6180000,10063.000,1
Mobile,8980000,13226.000,1
Desktop,11040000,4087.000,1
Mobile,5570000,186338.000,1
Desktop,25640000,15844.000,1
Desktop,7090000,8335.000,1
Desktop,6700000,17952.000,1
Desktop,7250000,23306.000,1
Desktop,17830000,26618.000,1
Desktop,25700000,2437.000,1
Mobile,5880000,15082.000,1
Desktop,11450000,339696.000,1
Mobile,9000000,26852.000,1
Desktop,15740000,47898.000,1
Mobile,8860000,33642.000,1
Mobile,9570000,23547.000,1
Tablet,3080000,11609.000,1
Desktop,13110000,14176.000,1
Desktop,22670000,3275.000,1
Mobile,24020000,13082.000,1
Desktop,10170000,351718.000,1
Desktop,9450000,21878.000,1
Desktop,7270000,13644.000,1
Desktop,7030000,51317.000,1
Mobile,6090000,11739.000,1
Mobile,5740000,21533.000,1
Mobile,4650000,13038.000,1
Mobile,8230000,6889.000,1
Desktop,10150000,7093.000,1
Mobile,25680000,11723.000,1
Tablet,3210000,39969.000,1
Mobile,8010000,17013.000,1
Mobile,4430000,21176.000,1
Desktop,9390000,16638.000,1
Tablet,3810000,9951.000,1
Desktop,23890000,5249.000,1
Desktop,24880000,37017.000,1
Mobile,9590000,32517.000,1
Desktop,6470000,11803.000,1
Desktop,11970000,336922.000,1
Tablet,4320000,7917.000,1
Desktop,10280000,10131.000,1
Mobile,9150000,41566.000,1
Desktop,25590000,5129.000,1
,180000,5888.000,1
Desktop,7190000,2464.000,1
Mobile,9400000,51784.000,1
Desktop,7060000,34799.000,1
Mobile,10990000,8710.000,1
Desktop,6910000,4806.000,1
Tablet,2990000,16977.000,1
Tablet,3650000,40640.000,1
Desktop,6600000,11091.000,1
Mobile,6260000,16164.000,1
Desktop,18450000,7568.000,1
Desktop,24870000,40661.000,1
Desktop,26910000,14429.000,1
Desktop,6270000,5422.000,1
Desktop,21680000,7586.000,1
Mobile,8770000,10863.000,1
Desktop,13070000,32175.000,1
Mobile,4580000,4257.000,1
Tablet,3370000,22685.000,1
Desktop,11150000,46000.000,1
Tablet,4530000,8021.000,1
Desktop,22030000,6441.000,1
Desktop,7800000,5906.000,1
Desktop,10610000,5301.000,1
Tablet,3090000,9271.000,1
Mobile,3920000,17697.000,1
Desktop,35520000,21107.000,1
Mobile,5160000,8063.000,1
Tablet,22800000,13234.000,1
Mobile,4860000,7341.000,1
Mobile,8930000,9005.000,1
Desktop,9520000,6288.000,1
Desktop,12320000,2845.000,1
Mobile,5190000,26620.000,1
Mobile,5780000,12114.000,1
Mobile,25650000,5912.000,1
Desktop,24160000,5289.000,1
Mobile,6120000,11028.000,1
Mobile,6790000,66491.000,1
Mobile,8940000,19905.000,1
Mobile,9760000,16962.000,1
Desktop,9260000,33957.000,1
Mobile,5630000,6426.000,1
Desktop,21410000,4213.000,1
Mobile,6720000,5877.000,1
Desktop,18110000,22666.000,1
Mobile,7500000,7619.000,1
Tablet,3140000,10966.000,1
Mobile,9960000,40770.000,1
Desktop,24020000,3944.000,1
Other,500000,50069.000,1
Desktop,7110000,9569.000,1
Mobile,5710000,13888.000,1
Mobile,9780000,12488.000,1
Desktop,9870000,31429.000,1
Mobile,4880000,7865.000,1
Mobile,7410000,13356.000,1
Desktop,24970000,16891.000,1
Tablet,3340000,5294.000,1
Mobile,8450000,33160.000,1
Mobile,5820000,23085.000,1
Tablet,2910000,77899.000,1
Desktop,6940000,5333.000,1
Mobile,5450000,5559.000,1
Desktop,24810000,7500.000,1
Mobile,4460000,16431.000,1
Desktop,13770000,56669.000,1
Mobile,8910000,18807.000,1
Desktop,25980000,5538.000,1
Mobile,8000000,29302.000,1
Desktop,6330000,1814.000,1
Desktop,6230000,4445.000,1
Mobile,6250000,24914.000,1
Desktop,25100000,3760.000,1
Desktop,25650000,28213.000,1
Mobile,9910000,59350.000,1
Mobile,9660000,45338.000,1
Mobile,9180000,70201.000,1
Desktop,6800000,9785.000,1
Desktop,9320000,6925.000,1
Mobile,8330000,12807.000,1
Mobile,4970000,12394.000,1
Mobile,6490000,16150.000,1
Tablet,5960000,14304.000,1
Desktop,13730000,336642.000,1
Desktop,6990000,27302.000,1
Desktop,7570000,3498.000,1
Desktop,9640000,11484.000,1
Mobile,7740000,19663.000,1
Desktop,28330000,34475.000,1
Tablet,2900000,15074.000,1
Tablet,3480000,8488.000,1
Tablet,6100000,32161.000,1
Tablet,3540000,20224.000,1
Desktop,7130000,4747.000,1
Desktop,12720000,2142.000,1
Desktop,7140000,333001.000,1
Desktop,13710000,7278.000,1
Mobile,5050000,39052.000,1
Mobile,10040000,44765.000,1
Desktop,9280000,18586.000,1
Tablet,3300000,23162.000,1
Mobile,3870000,5964.000,1
Mobile,5120000,10572.000,1
Desktop,9620000,13487.000,1
Tablet,3720000,20090.000,1
Tablet,3120000,15863.000,1
,360000,16315.000,1
Tablet,3310000,19840.000,1
Mobile,5690000,47633.000,1
Mobile,7030000,76379.000,1
Desktop,9400000,10259.000,1
Mobile,5230000,13301.000,1
Mobile,8990000,19193.000,1
Desktop,9720000,92078.000,1
Desktop,6770000,7167.000,1
Mobile,5890000,3549.000,1
Desktop,7100000,10337.000,1
Mobile,8470000,12869.000,1
Desktop,9920000,3092.000,1
Desktop,22600000,5179.000,1
Desktop,17010000,7466.000,1
Desktop,10860000,338005.000,1
Mobile,6280000,19057.000,1
Desktop,10230000,24799.000,1
Desktop,13400000,9685.000,1
,450000,8364.000,1
Mobile,10650000,15970.000,1
Desktop,9430000,5875.000,1
Mobile,8500000,17499.000,1
Mobile,9410000,47680.000,1
Desktop,16460000,2767.000,1
Desktop,22760000,5274.000,1
Mobile,8950000,12557.000,1
Mobile,9030000,112959.000,1
Desktop,22080000,3369.000,1
Mobile,5680000,3235.000,1
Mobile,9250000,30514.000,1
Tablet,3260000,10074.000,1
Desktop,18420000,7352.000,1
Tablet,3020000,14341.000,1
Desktop,13040000,352870.000,1
Desktop,21500000,7914.000,1
Desktop,22100000,38126.000,1
Desktop,11470000,336841.000,1
Mobile,25700000,4501.000,1
Mobile,8490000,9442.000,1
Tablet,6000000,29282.000,1
Mobile,9540000,21392.000,1
Tablet,8350000,9940.000,1
Mobile,5600000,24201.000,1
Tablet,4400000,11986.000,1
Desktop,11850000,344446.000,1
Mobile,5770000,10027.000,1
Desktop,6980000,9087.000,1
Tablet,4510000,44826.000,1
Mobile,10350000,3759.000,1
Desktop,19790000,9251.000,1
Mobile,8710000,13581.000,1
Desktop,6750000,6288.000,1
Mobile,4160000,21316.000,1
Desktop,18500000,7449.000,1
Mobile,11790000,5615.000,1
Desktop,10790000,332254.000,1
Desktop,6630000,2630.000,1
Mobile,6210000,57553.000,1
Mobile,5730000,25922.000,1
Mobile,10180000,94493.000,1
Mobile,4530000,6989.000,1
Desktop,21800000,5024.000,1
Desktop,24990000,28272.000,1
Desktop,10270000,334029.000,1
Mobile,8730000,9098.000,1
Desktop,9290000,34014.000,1
Desktop,17880000,13181.000,1
Desktop,7530000,8249.000,1
Mobile,8100000,9514.000,1
Tablet,2960000,9985.000,1
Desktop,19900000,2484.000,1
Mobile,8420000,38888.000,1
Desktop,11550000,334124.000,1
Desktop,29500000,31420.000,1
Desktop,9440000,5570.000,1
Desktop,13160000,15134.000,1
Tablet,4330000,8915.000,1
Mobile,6620000,29408.000,1
Desktop,34360000,42428.000,1
Desktop,6260000,8684.000,1
Mobile,5170000,28123.000,1
Mobile,9730000,29483.000,1
Tablet,2940000,16098.000,1
Mobile,6140000,48173.000,1
Tablet,3360000,25443.000,1
Desktop,29610000,8168.000,1
Mobile,8560000,47491.000,1
Mobile,5850000,17842.000,1
Desktop,7470000,4207.000,1
Desktop,21920000,3681.000,1
Desktop,20790000,13606.000,1
Mobile,8590000,42229.000,1
Desktop,9830000,11642.000,1
Desktop,9790000,10112.000,1
Mobile,8110000,6981.000,1
Desktop,7890000,4632.000,1
Mobile,5900000,10192.000,1
Mobile,8300000,25740.000,1
Mobile,22820000,26034.000,1
Desktop,6480000,18222.000,1
Desktop,6540000,31681.000,1
Tablet,4340000,11680.000,1
Desktop,9710000,14795.000,1
Desktop,18460000,3497.000,1
Desktop,24980000,4501.000,1
Desktop,12540000,5995.000,1
Desktop,24030000,10743.000,1
Mobile,8390000,2744.000,1
Desktop,9890000,17448.000,1
Tablet,3680000,17159.000,1
Desktop,11270000,3269.000,1
Mobile,5910000,16497.000,1
Desktop,18540000,4531.000,1
Desktop,24910000,4152.000,1
Tablet,3670000,13507.000,1
Desktop,9700000,69551.000,1
Tablet,4390000,3884.000,1
Mobile,4710000,8575.000,1
Desktop,12260000,7532.000,1
Desktop,10630000,341537.000,1
Mobile,7360000,12534.000,1
Mobile,7390000,13178.000,1