DEVICETYPENAME,LAST_FONT_TIME,TTI,FREQ
Desktop,800,2843.000,33375
Desktop,700,2662.500,32950
Desktop,600,2524.500,32322
Desktop,900,2998.500,31988
Desktop,500,2395.000,31132
Desktop,1000,3139.000,30436
Desktop,1100,3291.000,28472
Mobile,1000,3428.000,27457
Mobile,1100,3680.000,27060
Mobile,900,3113.000,26592
Desktop,1200,3398.000,26566
Mobile,1200,3886.000,26534
Desktop,400,2075.000,26249
Mobile,1300,4050.000,25819
Mobile,800,2807.000,25384
Mobile,1400,4224.000,24983
Desktop,1300,3504.500,24950
Mobile,1500,4455.000,23619
Desktop,1400,3619.000,23213
Mobile,1600,4615.500,23012
Mobile,700,2531.000,22906
Desktop,300,1984.000,22399
Desktop,1500,3728.000,22327
Mobile,1700,4835.000,21759
Desktop,1600,3851.500,21020
Mobile,1800,4980.000,20961
Mobile,1900,5086.000,20255
Desktop,1700,3942.000,20153
Mobile,600,2358.000,19885
Mobile,2000,5210.000,19482
Desktop,1800,4062.000,19098
Mobile,2100,5302.000,18993
Desktop,1900,4186.500,18130
Mobile,2200,5523.000,18063
Mobile,2300,5626.000,17474
Desktop,2000,4333.000,17341
Desktop,200,1879.000,17333
Mobile,2400,5714.000,16417
Desktop,2100,4414.000,16286
Mobile,500,2329.000,15845
Desktop,2200,4535.000,15814
Mobile,2500,5795.000,15747
Mobile,2600,5793.000,15449
Desktop,2300,4650.000,14984
Mobile,2700,5915.000,14702
Desktop,2400,4712.000,14066
Mobile,2800,6186.500,14008
Mobile,2900,6331.000,13640
Desktop,2500,4888.000,13364
Desktop,2600,4972.000,12900
Desktop,2700,5109.500,12410
Mobile,3000,6332.500,12286
Desktop,2800,5159.000,11726
Mobile,3100,6471.000,11632
Desktop,2900,5228.000,11226
Mobile,3200,6505.500,11072
Mobile,400,2313.000,10929
Mobile,3300,6629.500,10772
Desktop,3000,5312.000,10725
Desktop,3100,5455.000,10185
Mobile,3400,6811.000,10169
Mobile,3500,6891.000,9726
Desktop,3200,5526.000,9604
Desktop,3300,5594.000,9383
Desktop,100,1796.000,9355
Mobile,3600,6838.000,9201
Mobile,3700,7103.500,8906
Desktop,3400,5732.000,8901
Desktop,3500,5719.000,8387
Mobile,3800,7170.000,8373
Mobile,3900,7183.500,8074
Desktop,3600,5872.000,8058
Desktop,3700,5975.000,7775
Mobile,4000,7374.000,7709
Mobile,300,2315.000,7659
Desktop,3800,6046.000,7415
Mobile,4100,7460.000,7195
Desktop,3900,6148.000,7032
Desktop,4000,6216.000,6832
Mobile,4200,7545.500,6652
Desktop,4100,6302.000,6453
Desktop,4200,6406.500,6330
Mobile,4300,7672.000,6311
Mobile,4400,7809.000,6089
Desktop,4300,6499.000,6009
Desktop,4400,6568.000,5858
Mobile,4500,7994.000,5770
Desktop,4500,6698.000,5582
Mobile,4600,8048.000,5559
Desktop,4700,6840.000,5274
Mobile,4700,8064.000,5263
Desktop,4600,6773.500,5242
Mobile,4800,8230.500,5200
Desktop,4800,6932.500,4878
Mobile,4900,8295.500,4852
Desktop,4900,7112.000,4812
Mobile,200,2135.000,4583
Desktop,5000,7191.000,4549
Mobile,5000,8387.000,4521
Mobile,5100,8518.000,4491
Desktop,5100,7151.000,4411
Mobile,5200,8597.000,4361
Desktop,5200,7298.000,4214
Mobile,5300,8818.500,4168
Desktop,5300,7512.000,4158
Mobile,5400,8827.000,3999
Desktop,5400,7567.000,3896
Mobile,5500,9000.500,3830
Desktop,5500,7696.000,3735
Desktop,5600,7714.000,3706
Mobile,5600,8943.000,3656
Mobile,5700,9007.000,3603
Desktop,5700,7897.000,3525
Desktop,5800,7980.000,3462
Desktop,5900,7900.000,3427
Mobile,5800,9323.000,3405
Mobile,5900,9560.000,3356
Mobile,6000,9342.500,3316
Desktop,6000,8007.000,3266
Desktop,6100,8126.000,3240
Desktop,6200,8405.000,3209
Mobile,6100,9582.500,3076
Mobile,6200,9655.000,3068
Desktop,6300,8323.000,2966
Mobile,6300,9955.000,2855
Desktop,6400,8647.000,2829
Desktop,6500,8626.000,2814
Mobile,6400,10031.000,2812
Mobile,6600,10159.500,2746
Desktop,6600,8879.500,2714
Mobile,6500,10109.000,2645
Desktop,6700,8967.000,2613
Mobile,6700,10324.000,2605
Mobile,6800,10258.000,2586
Desktop,6800,8938.000,2541
Mobile,6900,10631.000,2447
Mobile,7000,10655.500,2420
Desktop,7000,9119.000,2397
Desktop,6900,8910.000,2381
Mobile,100,2137.000,2297
Mobile,7100,10818.000,2286
Desktop,7200,9394.000,2279
Desktop,7100,9306.000,2278
Desktop,0,1293.000,2243
Mobile,7200,10944.500,2240
Desktop,7300,9573.000,2206
Mobile,7300,10979.500,2140
Mobile,7400,11212.000,2135
Tablet,900,2671.000,2117
Desktop,7400,9680.000,2085
Mobile,7500,11485.500,2068
Tablet,1100,3095.000,2055
Tablet,1000,2931.500,2008
Desktop,7500,9690.000,1995
Mobile,7600,11487.500,1990
Tablet,800,2460.000,1960
Tablet,700,2271.500,1914
Desktop,7600,9888.000,1913
Tablet,1200,3551.000,1903
Tablet,1500,3859.000,1892
Tablet,1300,3613.000,1879
Mobile,7900,11592.500,1876
Mobile,7700,11322.000,1863
Tablet,1400,3827.000,1849
Desktop,7800,10040.000,1839
Desktop,7700,9692.000,1815
Tablet,1600,4119.000,1776
Mobile,8000,11635.000,1775
Mobile,7800,11488.000,1773
Desktop,7900,10138.000,1760
Tablet,1700,4299.500,1730
Desktop,8000,10171.000,1723
Tablet,600,2183.000,1688
Tablet,1800,4269.500,1682
Mobile,8200,11878.500,1644
Tablet,1900,4594.000,1627
Desktop,8100,10255.000,1607
Desktop,8200,10220.000,1603
Mobile,8100,11753.500,1596
Desktop,8300,10540.000,1593
Tablet,2000,4656.000,1576
Tablet,2200,5090.000,1556
Mobile,8400,12084.500,1554
Mobile,8500,12302.000,1529
Mobile,8300,11993.000,1519
Tablet,500,2174.000,1488
Tablet,2500,5637.000,1481
Desktop,8400,10686.000,1475
Tablet,2300,5275.500,1448
Mobile,8700,12697.000,1431
Desktop,8500,10834.000,1429
Tablet,2100,5141.500,1414
Tablet,2400,5428.000,1410
Mobile,8600,12137.000,1408
Desktop,8600,10883.500,1380
Mobile,8800,12464.000,1374
Desktop,8700,10804.000,1343
Tablet,2600,5752.000,1333
Tablet,2700,5784.000,1327
Mobile,9000,12507.000,1315
Tablet,400,2266.500,1306
Mobile,8900,12669.000,1292
Desktop,8900,11108.000,1276
Tablet,2900,6018.000,1252
Tablet,2800,5904.000,1249
Desktop,8800,11292.000,1243
Desktop,9000,11244.500,1232
Tablet,300,2088.500,1220
Tablet,3000,6228.500,1212
Desktop,9100,11426.000,1203
Mobile,9200,13343.000,1193
Mobile,9300,13170.500,1180
Tablet,3100,6291.500,1178
Mobile,0,1938.000,1172
Desktop,9200,11534.000,1159
Mobile,9100,12932.000,1155
Desktop,9300,11498.500,1130
Tablet,200,1924.000,1112
Mobile,9500,13385.500,1112
Mobile,9400,13086.000,1103
Tablet,3200,6264.500,1078
Tablet,3300,6691.000,1071
Desktop,9500,11758.000,1061
Mobile,9900,13954.000,1055
Mobile,9600,13791.000,1051
Tablet,3400,6698.000,1051
Desktop,9400,11660.500,1050
Desktop,9600,11703.000,1050
Mobile,9700,13777.000,1044
Mobile,9800,13845.500,1036
Mobile,10000,14189.000,1011
Desktop,9900,12132.000,1009
Desktop,9700,12211.500,1008
Desktop,9800,11902.500,1008
Tablet,3700,7137.000,957
Tablet,3500,6760.500,946
Mobile,10400,14400.500,940
Mobile,10200,14150.000,936
Mobile,10300,13802.000,933
Mobile,10100,14081.000,932
Desktop,10200,12424.000,921
Desktop,10000,12281.000,905
Tablet,3800,7076.000,891
Tablet,100,2335.000,885
Tablet,3600,7059.500,874
Desktop,10300,12684.000,873
Desktop,10100,12217.000,863
Tablet,3900,7389.500,846
Mobile,10500,13998.000,839
Mobile,10800,14501.000,837
Mobile,10600,14235.000,827
Desktop,10600,12717.000,821
Tablet,4000,7742.000,811
Desktop,10400,12858.500,810
Mobile,10700,14376.500,800
Desktop,10700,13126.000,771
Tablet,4100,7658.000,767
Desktop,10500,12757.500,766
Mobile,11000,15296.000,751
Desktop,10800,13452.500,742
Mobile,10900,14944.000,735
Tablet,4300,7923.000,732
Mobile,11200,14914.000,722
Desktop,11200,13883.000,721
Mobile,11100,14966.000,719
Tablet,4200,7685.500,718
Mobile,11400,15275.000,714
Tablet,4500,8501.500,712
Mobile,11300,14786.500,694
Tablet,4400,8013.000,690
Desktop,10900,13371.500,686
Mobile,11600,15612.500,678
Desktop,11000,13308.500,678
Desktop,11400,14069.000,667
Desktop,11100,13318.000,652
Desktop,11300,13623.500,648
Mobile,11500,15311.000,644
Tablet,4600,8501.500,644
Tablet,4700,8671.500,626
Mobile,11700,15496.000,624
Desktop,11600,13850.000,604
Mobile,12000,15602.000,598
Desktop,11500,14104.000,597
Tablet,4800,8719.500,594
Mobile,11900,15803.000,586
Mobile,11800,15376.500,586
Desktop,11900,14363.500,584
Tablet,4900,8684.000,579
Tablet,5100,9093.000,574
Desktop,11700,14074.000,573
Mobile,12100,15838.000,558
Mobile,12300,16372.000,557
Tablet,5000,8893.000,557
Desktop,11800,14252.000,556
Desktop,12100,14187.500,546
Mobile,12400,15993.000,535
Tablet,5600,9687.000,528
Mobile,12500,16921.500,524
Mobile,12200,15850.000,524
Tablet,5200,9335.000,519
Tablet,5300,9467.500,516
Tablet,5400,9675.000,507
Desktop,12300,15221.500,506
Desktop,12000,14305.000,504
Tablet,5800,10349.000,503
Desktop,12500,15323.000,503
Mobile,12600,16429.000,501
Desktop,12400,14945.000,501
Desktop,12200,15023.000,499
Mobile,12800,16489.500,482
Desktop,12700,15070.000,481
Tablet,5500,9597.500,472
Mobile,13000,16686.000,470
Desktop,12600,15573.000,470
Mobile,12700,16602.000,469
Mobile,13100,16563.000,467
Mobile,13200,16931.000,463
Tablet,5700,10189.000,461
Mobile,12900,16204.500,442
Desktop,12900,15563.000,439
Desktop,13100,15370.000,435
Desktop,12800,14989.000,434
Tablet,5900,10223.000,431
Tablet,6000,10295.000,431
Mobile,13300,17105.000,430
Desktop,13000,15214.500,420
Tablet,6400,10448.000,413
Mobile,13600,17342.000,411
Desktop,13200,15868.500,408
Tablet,6200,10254.000,407
Mobile,13700,17419.000,403
Desktop,13400,15604.000,397
Desktop,13300,15733.500,392
Mobile,13500,16912.500,392
Mobile,13400,17409.000,391
Tablet,6100,10441.500,390
Tablet,6600,10559.000,383
Desktop,13500,15935.000,380
Desktop,13900,16234.000,371
Tablet,6300,10510.000,370
Mobile,13800,17699.500,370
Desktop,13800,16529.500,370
Tablet,6500,10534.000,369
Mobile,14000,17711.500,362
Tablet,0,795.000,360
Mobile,13900,17656.000,358
Desktop,13600,16001.000,355
Mobile,14100,17356.000,351
Desktop,14200,16640.000,347
Mobile,14200,18386.500,346
Desktop,14700,17606.000,345
Mobile,14300,18886.000,341
Desktop,14000,16647.500,338
Desktop,14100,16451.000,336
Mobile,14500,18730.000,335
Mobile,15100,18795.500,334
Mobile,14400,18051.000,332
Tablet,7000,10827.500,332
Desktop,14300,16927.000,329
Desktop,14500,16677.000,329
Tablet,6700,10782.000,327
Desktop,14400,17053.500,324
Desktop,13700,16136.000,324
Mobile,14600,18443.000,321
Mobile,14700,18468.000,317
Mobile,15300,18352.000,313
Desktop,14600,17443.500,306
Desktop,14800,17348.000,304
Tablet,6800,10588.000,296
Tablet,7100,11427.000,295
Desktop,15000,17646.000,295
Mobile,14900,18247.000,294
Desktop,14900,17354.000,291
Mobile,15000,18607.000,289
Mobile,14800,18353.500,288
Tablet,7200,11328.000,283
Desktop,15100,17593.000,283
Tablet,6900,10688.500,282
Mobile,15200,19183.500,282
Mobile,15600,18720.000,277
Tablet,7300,11180.000,274
Mobile,15400,18346.500,274
Tablet,7400,11207.500,270
Desktop,15300,18360.000,268
Mobile,15800,19696.000,268
Desktop,15500,17974.000,267
Mobile,15500,18700.500,266
Desktop,15600,18099.500,262
Desktop,15200,17468.000,259
Mobile,15700,19425.000,255
Desktop,16100,19123.000,255
Tablet,7500,11388.000,252
Tablet,7700,11972.500,248
Mobile,16000,20091.000,246
Desktop,15400,17925.000,242
Mobile,16200,19601.000,242
Desktop,15800,18737.000,241
Mobile,15900,20006.000,241
Mobile,16300,20007.500,238
Tablet,7800,12152.500,238
Mobile,16700,20041.500,236
Desktop,15700,18515.000,234
Tablet,7600,11851.000,233
Mobile,16600,20689.000,233
Tablet,7900,11596.000,231
Desktop,16000,18456.000,230
Desktop,15900,18855.000,229
Mobile,16500,19488.500,228
Mobile,16400,19447.000,225
Desktop,16600,19577.000,225
Mobile,16800,20089.000,223
Mobile,16900,19962.500,218
Desktop,16200,18979.000,216
Tablet,8200,12407.500,216
Desktop,16400,19209.500,214
Mobile,16100,19732.000,213
Desktop,17100,19605.000,207
Desktop,16500,18885.000,205
Desktop,17000,19752.000,203
Desktop,16300,19077.500,202
Desktop,16700,19554.000,200
Mobile,17900,22063.500,200
Desktop,16800,19412.000,198
Tablet,8400,12135.500,198
Desktop,16900,19769.500,198
Mobile,17200,20004.500,198
Mobile,17300,21065.500,194
Mobile,17700,20931.000,193
Tablet,8700,13113.000,192
Desktop,17200,19347.500,190
Tablet,8100,12021.000,189
Desktop,17400,19761.000,189
Desktop,17500,20716.000,187
Mobile,18100,21858.000,187
Mobile,17000,19832.500,186
Mobile,18400,21431.500,186
Tablet,8000,12198.000,185
Mobile,17800,20806.000,185
Mobile,18000,20561.000,182
Tablet,8500,11935.500,182
Desktop,17300,19986.000,181
Desktop,17700,19686.000,181
Mobile,18300,22217.500,180
Tablet,8300,12442.000,177
Mobile,17500,20933.000,176
Mobile,17600,20213.500,174
Mobile,18800,22249.000,173
Mobile,18200,21914.000,172
Tablet,9000,13974.000,170
Mobile,19100,23239.000,167
Desktop,18500,22277.000,167
Mobile,18500,21705.000,165
Desktop,17600,19814.000,165
Tablet,8600,12309.000,165
Mobile,17400,21592.000,163
Desktop,18400,21250.500,158
Desktop,18200,20754.000,157
Desktop,18800,21940.000,157
Desktop,18100,21270.500,156
Mobile,17100,20379.500,156
Mobile,19000,22916.500,156
Desktop,19700,22405.500,156
Desktop,18000,20738.000,155
Mobile,19500,23769.000,155
Mobile,18700,22292.000,155
Desktop,19600,21486.500,154
Tablet,8900,13407.500,154
Mobile,18900,22082.000,153
Desktop,17900,20895.000,152
Desktop,18300,21383.000,152
Desktop,19200,22249.000,151
Mobile,19600,23630.000,150
Desktop,17800,20675.000,149
Desktop,19500,21588.000,149
Mobile,19300,22786.500,148
Tablet,8800,12576.000,147
Desktop,18600,20536.000,147
Mobile,19900,23021.000,145
Mobile,19200,22386.000,144
Desktop,18900,20993.000,144
Mobile,19400,23331.000,142
Desktop,19900,22687.500,142
Desktop,20100,22667.500,142
Mobile,20100,23950.000,141
Desktop,19300,21430.000,140
Desktop,19400,21150.000,139
Tablet,9200,13157.000,139
Mobile,18600,22545.500,138
Desktop,19100,21841.000,135
Mobile,19800,22870.000,135
Desktop,20600,23003.000,132
Mobile,19700,22179.500,132
Desktop,21000,23590.500,132
Desktop,20000,22036.000,130
Desktop,20700,22900.000,129
Desktop,20500,24309.000,127
Tablet,9600,12862.000,127
Desktop,19000,21690.500,126
Tablet,9100,14029.000,125
Tablet,9500,13497.500,124
Desktop,18700,21152.000,123
Tablet,9800,13439.000,123
Desktop,20300,23573.000,123
Desktop,20200,22798.000,123
Mobile,20400,24802.000,123
Desktop,21100,24238.000,121
Desktop,20800,23666.000,121
Mobile,20800,23522.000,121
Desktop,22300,25073.000,120
Mobile,21000,23420.500,120
Tablet,10000,14722.000,118
Mobile,20600,23687.000,118
Mobile,21100,24749.000,118
Tablet,9300,13521.000,117
Tablet,9400,13192.500,116
Desktop,20900,22038.000,113
Mobile,22500,26299.500,112
Mobile,20700,23622.500,112
Tablet,9700,13998.500,112
Mobile,20000,22937.500,112
Mobile,21400,25957.000,112
Mobile,20300,24335.500,110
Mobile,21300,24274.000,110
Desktop,21500,23482.000,110
Mobile,21200,25227.000,109
Mobile,20200,23401.000,109
Mobile,21500,24717.000,109
Tablet,10200,14248.000,109
Desktop,21300,24331.000,108
Desktop,24000,26833.000,107
Desktop,22100,24080.000,106
Desktop,19800,22330.000,106
Mobile,22100,24756.000,105
Tablet,10100,14050.000,105
Mobile,22300,25045.500,104
Desktop,22900,25382.500,104
Desktop,21200,22526.500,104
Tablet,10300,16350.000,103
Mobile,22200,25972.000,103
Desktop,20400,22701.000,103
Mobile,20500,23214.000,103
Desktop,21400,23321.000,103
Desktop,21800,23427.000,101
Desktop,23900,25644.000,100
Desktop,23800,25343.000,99
Desktop,22600,25328.000,99
Desktop,21600,23992.000,99
Mobile,21600,24309.000,99
Desktop,22200,25242.500,98
Mobile,21700,24569.500,98
Mobile,20900,23592.500,98
Mobile,22000,25489.000,98
Tablet,11200,14342.000,97
Tablet,10600,14329.000,97
Mobile,21800,24780.000,97
Mobile,22600,24800.500,96
Tablet,9900,15068.500,96
Desktop,24200,26787.000,95
Tablet,10400,15186.000,95
Desktop,22400,24739.000,95
Desktop,22000,23867.000,95
Desktop,22800,26302.000,95
Mobile,21900,26600.500,94
Desktop,23600,26047.000,93
Desktop,24600,26832.000,93
Desktop,24300,25778.000,92
Mobile,22800,25003.000,92
Desktop,21700,24498.000,91
Desktop,22500,24395.000,90
Mobile,22400,25592.000,90
Desktop,21900,23931.000,89
Desktop,22700,24378.000,89
Tablet,10800,14627.000,88
Mobile,22700,25797.000,88
Tablet,11100,14527.000,88
Tablet,10900,14439.000,87
Desktop,24100,26690.000,87
Desktop,23700,25660.000,87
Desktop,23400,26396.000,87
Tablet,11400,15002.000,87
Mobile,23600,27898.000,87
Desktop,23200,26164.000,87
Tablet,10700,13180.000,87
Desktop,23300,26244.000,86
Desktop,23000,25464.500,86
Mobile,23300,27717.000,85
Mobile,23400,25179.000,85
Tablet,11000,15572.500,84
Mobile,23200,26883.000,84
Mobile,22900,25075.000,84
Tablet,10500,13893.000,84
Mobile,23800,26523.500,84
Desktop,23500,25839.000,83
Desktop,23100,24223.000,83
Mobile,24200,26693.500,82
Tablet,11300,14162.000,81
Mobile,24400,27097.000,81
Mobile,25400,28912.500,80
Tablet,11800,15766.000,78
Mobile,23100,24785.500,78
Mobile,23700,26556.000,78
Tablet,11500,15141.000,78
Desktop,24700,28295.000,77
Mobile,23000,25791.000,76
Tablet,11700,15308.000,75
Tablet,12700,18351.500,74
Mobile,23900,25729.000,73
Desktop,25300,28211.000,73
Mobile,24600,27487.500,72
Tablet,12800,15804.000,72
Desktop,24400,26845.500,72
Desktop,26500,28629.000,72
Mobile,25100,26998.500,72
Desktop,27500,29159.500,72
Mobile,24100,27234.500,72
Tablet,11600,14459.000,71
Desktop,25400,27261.000,71
Tablet,12100,15040.000,71
Tablet,11900,15131.000,71
Mobile,24000,27064.500,70
Mobile,25300,27757.500,70
Tablet,12000,16578.000,69
Desktop,24800,28131.000,69
Mobile,24500,26818.000,69
Desktop,24500,25898.500,68
Desktop,26900,30046.000,68
Mobile,25800,28222.000,67
Desktop,25200,26867.000,67
Mobile,26600,29720.000,66
Mobile,25900,28594.000,65
Tablet,12300,15878.000,65
Desktop,24900,26969.000,65
Desktop,30900,33621.000,65
Desktop,27400,29937.000,65
Tablet,13200,18216.500,64
Tablet,13100,16552.000,64
Desktop,25100,28427.000,64
Tablet,12900,19108.000,64
Desktop,27100,29712.000,63
Mobile,23500,25559.000,63
Mobile,24900,25365.000,63
Mobile,26500,28861.000,63
Tablet,12600,16070.000,63
Desktop,27700,30281.000,63
Mobile,27300,30469.000,63
Desktop,28600,30844.500,62
Mobile,24300,28688.000,62
Desktop,27200,29434.000,62
Mobile,26100,27415.500,62
Mobile,24800,26072.000,62
Mobile,26200,29201.500,62
Mobile,25500,28736.000,62
Mobile,27600,29903.000,61
Mobile,26800,28922.000,61
Mobile,24700,26465.000,61
Desktop,26000,27254.000,61
Desktop,25700,27616.500,60
Desktop,25800,28128.000,59
Desktop,25500,27495.000,59
Mobile,27000,31328.000,59
Tablet,13000,17348.000,58
Desktop,29100,31397.500,58
Desktop,25000,27630.500,58
Mobile,25200,28980.000,57
Desktop,28200,29945.000,57
Tablet,12400,16927.000,55
Desktop,31100,35046.000,55
Desktop,26300,31059.000,55
Mobile,25000,28106.000,55
Desktop,27300,29621.000,54
Tablet,12500,15708.000,54
Mobile,26900,29557.500,54
Desktop,29500,32283.000,53
Desktop,26600,28701.000,53
Desktop,28300,30767.000,53
Tablet,12200,15269.000,53
Desktop,32300,34194.000,53
Desktop,26400,29284.000,53
Mobile,25600,30008.000,53
Mobile,30500,35981.000,53
Desktop,27600,30377.000,53
Mobile,26000,29928.000,53
Tablet,14000,18566.500,52
Desktop,26800,30892.000,52
Desktop,27800,30448.500,52
Desktop,28100,29637.500,52
Desktop,25600,28355.500,52
Mobile,27700,29785.500,52
Mobile,28000,30278.500,52
Mobile,27500,31453.500,52
Mobile,27800,31169.000,51
Desktop,25900,28580.000,51
Mobile,26700,29324.000,51
Desktop,26200,27359.000,50
Desktop,28400,31119.500,50
Mobile,28600,33886.000,50
Mobile,30800,35303.000,50
Desktop,28800,31427.500,50
Mobile,26400,28472.000,50
Tablet,14200,18231.000,50
Desktop,28500,31216.000,49
Desktop,31000,33638.000,49
Desktop,28900,30556.000,49
Desktop,29000,33529.000,49
Mobile,30100,33346.000,48
Desktop,28700,30857.000,48
Mobile,26300,30453.000,48
Tablet,13600,16154.000,48
Desktop,29200,31307.500,48
Desktop,27000,29674.500,48
Tablet,13700,15570.500,48
Desktop,29400,33821.500,48
Mobile,28500,30958.000,47
Desktop,29300,31817.000,47
Tablet,13300,16342.000,47
Desktop,26100,28701.000,47
Tablet,13500,16219.000,47
Desktop,27900,29964.000,46
Mobile,28400,30739.500,46
Tablet,15100,19704.500,46
Mobile,31700,31619.000,45
Mobile,28100,30507.000,45
Desktop,29700,32222.500,44
Desktop,29600,32020.000,44
Tablet,14700,18070.500,44
Desktop,31600,35196.500,44
Mobile,32300,36486.000,44
Mobile,27200,29303.500,44
Mobile,29800,32341.000,44
Mobile,27900,29880.500,44
Tablet,13400,17096.500,44
Mobile,29100,31853.500,44
Tablet,13900,18740.000,44
Desktop,31900,32285.500,44
Mobile,32500,36764.000,43
Desktop,30500,32627.000,43
Desktop,28000,30232.000,43
Mobile,25700,30090.000,43
Mobile,27100,28576.000,43
Mobile,29400,34709.000,43
Mobile,29600,34322.000,43
Mobile,28900,33022.000,43
Mobile,27400,29539.500,42
Tablet,14100,18769.000,42
Mobile,30900,34599.000,42
Mobile,30700,36857.000,42
Mobile,31900,36000.000,41
Mobile,31000,33337.000,41
Desktop,31400,35451.000,41
Desktop,30200,33423.000,41
Mobile,28200,31310.000,41
Tablet,15200,18279.000,41
Desktop,26700,28784.000,40
Tablet,14300,18272.000,40
Desktop,29900,32320.000,40
Desktop,31200,34254.500,40
Desktop,31300,33486.500,40
Desktop,31800,34140.000,39
Mobile,28300,31785.000,39
Mobile,31200,34303.000,39
Desktop,33200,36523.000,39
Desktop,30100,33175.000,39
Mobile,31500,35151.000,39
Tablet,13800,17385.000,39
Desktop,30700,32799.000,39
Mobile,34200,36138.000,39
Desktop,33100,38699.000,39
Tablet,14900,17962.000,38
Mobile,33700,36148.500,38
Tablet,14600,17550.000,38
Mobile,30600,32004.500,38
Desktop,32900,32767.500,38
Desktop,32200,33992.500,38
Tablet,14400,17545.000,38
Mobile,32100,34626.000,38
Desktop,31700,32282.500,38
Mobile,29700,30647.000,38
Tablet,15400,19317.000,38
Mobile,33000,38932.000,37
Mobile,28700,29994.000,37
Desktop,30000,31050.000,37
Tablet,14800,19281.000,37
Mobile,29300,30528.000,37
Desktop,30600,33890.000,37
Desktop,32500,33902.000,37
Desktop,33800,36343.500,36
Mobile,30400,33106.000,36
Desktop,33900,35684.000,36
Desktop,33400,36385.500,36
Mobile,31800,32907.000,36
Mobile,30200,32490.000,36
Tablet,15700,19054.500,36
Mobile,29200,31498.000,35
Desktop,30300,33017.000,35
Mobile,32200,33688.000,35
Tablet,15800,19402.000,35
Desktop,33300,36849.000,35
Mobile,33500,37052.000,35
Tablet,14500,17680.000,35
Desktop,29800,31843.000,35
Tablet,15500,18654.000,35
Desktop,34600,37973.000,35
Desktop,30800,32666.000,35
Desktop,32800,35359.000,34
Mobile,33100,36109.000,34
Desktop,35300,38135.500,34
Mobile,33400,35478.500,34
Desktop,34000,34652.500,34
Mobile,31600,33793.000,33
Desktop,35900,39210.000,33
Mobile,31300,33927.000,33
Mobile,32400,35137.000,33
Desktop,33500,35334.000,33
Mobile,34100,38059.000,33
Mobile,29900,30044.000,33
Desktop,34800,39195.000,33
Mobile,33900,36338.000,33
Mobile,35900,36424.000,33
Mobile,29000,33394.000,32
Desktop,32100,37055.500,32
Desktop,32700,33782.000,32
Desktop,34200,39087.000,32
Mobile,33600,34087.000,32
Desktop,34700,34944.500,32
Desktop,33000,38098.500,32
Desktop,30400,33875.500,32
Desktop,36600,38212.500,32
Desktop,37500,40367.000,32
Desktop,32400,37344.000,31
Mobile,32900,35710.000,31
Desktop,32600,43921.000,31
Mobile,30300,33557.000,31
Desktop,37400,40275.000,31
Mobile,32600,36621.000,31
Desktop,34900,36334.000,31
Mobile,28800,31103.000,31
Mobile,30000,32541.000,31
Desktop,33700,33504.000,31
Desktop,34500,36292.500,30
Mobile,35400,35405.500,30
Desktop,36000,37664.500,30
Desktop,35800,38882.000,30
Tablet,17700,19468.000,30
Mobile,32000,34221.500,30
Tablet,17800,20501.000,30
Mobile,35000,39141.000,29
Desktop,41700,43083.000,29
Desktop,36800,39352.000,29
Tablet,16800,20983.000,29
Desktop,34400,37348.000,29
Mobile,29500,31905.000,29
Mobile,37700,43366.000,29
Desktop,33600,38694.000,29
Desktop,41800,45458.000,29
Desktop,39900,45885.000,29
Tablet,15000,18587.000,29
Desktop,38000,39880.000,29
Desktop,41000,42555.000,29
Tablet,16000,19584.000,29
Desktop,35700,37743.000,28
Mobile,35700,39767.500,28
Desktop,37200,40497.500,28
Tablet,15600,19354.000,28
Mobile,32700,36358.000,28
Desktop,36200,39911.000,28
Tablet,16900,20877.000,28
Mobile,34300,37719.500,28
Desktop,35000,38511.500,28
Tablet,16200,18809.500,28
Mobile,33800,34897.000,27
Desktop,40500,42327.000,27
Mobile,34500,36249.000,27
Desktop,39000,41211.000,27
Tablet,16700,18651.000,27
Desktop,42900,44530.000,27
Mobile,34000,37409.000,27
Desktop,35100,38840.000,27
Tablet,16100,17964.000,27
Mobile,33200,34285.000,27
Mobile,36900,43957.500,26
Desktop,34100,38771.000,26
Tablet,18100,24395.000,26
Desktop,45300,47125.500,26
Desktop,41900,44000.000,26
Desktop,38200,44366.500,26
Mobile,37200,37311.500,26
Tablet,17200,19764.500,26
Desktop,38700,42808.000,26
Mobile,38100,42017.000,26
Mobile,36200,40140.000,26
Tablet,16500,19333.500,26
Mobile,32800,34481.000,26
Tablet,17500,20624.500,26
Desktop,42400,42515.000,25
Tablet,17400,21322.000,25
Mobile,41400,42651.000,25
Tablet,15900,20450.000,25
Mobile,31400,36162.000,25
Tablet,16400,19599.000,25
Tablet,19100,21361.000,25
Desktop,35500,36078.000,25
Desktop,31500,33706.000,25
Desktop,36300,39967.000,25
Desktop,37300,39007.000,25
Mobile,36700,42369.000,25
Desktop,32000,34953.000,25
Mobile,36000,36711.000,25
Desktop,41200,42417.000,25
Desktop,39200,42476.000,25
Tablet,18900,22427.000,25
Mobile,34800,35557.000,25
Mobile,38000,41866.000,24
Mobile,37100,39534.000,24
Tablet,17100,19345.500,24
Desktop,34300,44468.000,24
Mobile,31100,32966.500,24
Tablet,17600,21858.500,24
Desktop,40000,41965.000,24
Mobile,40900,42569.500,24
Tablet,15300,20537.500,24
Desktop,36500,38278.000,24
Tablet,18300,19567.500,24
Desktop,36900,39076.500,24
Desktop,35400,36176.000,24
Mobile,38800,39359.000,23
Mobile,35500,34895.000,23
Mobile,35100,36210.000,23
Desktop,42600,49511.000,23
Mobile,34400,43955.000,23
Desktop,40900,45304.000,23
Mobile,36600,38075.000,23
Desktop,36700,39012.500,22
Desktop,35600,40592.000,22
Desktop,37000,40909.500,22
Mobile,37300,39351.000,22
Desktop,42300,44246.500,22
Desktop,38800,40535.500,22
Tablet,17300,21099.000,22
Desktop,37600,43157.000,22
Desktop,40300,43576.000,22
Mobile,36300,35462.500,22
Tablet,18000,23432.000,22
Mobile,38300,41485.000,22
Desktop,42100,44347.000,21
Mobile,35200,39600.000,21
Desktop,39100,41700.000,21
Tablet,16300,18899.000,21
Mobile,36100,41644.000,21
Mobile,39100,42336.000,21
Desktop,40200,43510.000,21
Tablet,17900,20813.000,21
Desktop,35200,37413.000,21
Desktop,38100,41104.000,21
Tablet,21200,22572.000,21
Desktop,40600,41623.000,21
Mobile,38600,42934.000,21
Desktop,38600,41157.000,21
Desktop,37700,38888.000,21
Desktop,43200,47614.000,21
Desktop,38500,52167.500,20
Desktop,37900,41771.000,20
Desktop,42800,46638.000,20
Desktop,39300,45199.500,20
Mobile,35800,40789.500,20
Mobile,36500,38797.000,20
Tablet,18800,24214.500,20
Desktop,36400,38954.000,20
Mobile,43400,44859.500,20
Tablet,19700,22089.000,20
Mobile,33300,38883.500,20
Tablet,18400,23926.000,20
Desktop,41500,44500.000,20
Tablet,20200,24234.500,20
Desktop,37800,39616.500,20
Tablet,19800,25159.000,20
Mobile,39300,41629.000,19
Mobile,37900,43325.000,19
Desktop,38900,40094.000,19
Desktop,36100,39720.000,19
Desktop,38400,41031.000,19
Desktop,38300,44498.000,19
Tablet,21800,25801.000,19
Desktop,41400,43771.000,19
Mobile,41800,43997.000,19
Mobile,41200,43468.000,19
Mobile,40000,39126.000,19
Desktop,40700,53293.000,19
Desktop,40100,42088.000,19
Mobile,46100,46896.000,19
Mobile,41600,45218.000,19
Mobile,42200,51582.000,19
Desktop,45200,49893.000,19
Mobile,34600,38565.000,19
Desktop,39400,45653.000,19
Mobile,40100,40928.000,19
Desktop,45500,47639.000,19
Mobile,42600,46065.000,19
Mobile,36400,46372.000,19
Desktop,44000,49008.000,18
Desktop,43300,47188.500,18
Desktop,43900,47408.500,18
Tablet,22500,25632.000,18
Mobile,34700,34845.500,18
Tablet,19900,22962.500,18
Mobile,37500,40668.000,18
Mobile,36800,39505.500,18
Tablet,21900,23835.500,18
Desktop,39600,42983.500,18
Mobile,47600,54535.500,18
Mobile,41100,43896.000,18
Tablet,18200,21506.000,18
Desktop,40800,41222.000,18
Mobile,37800,42891.500,18
Mobile,40800,44559.000,17
Mobile,34900,37378.000,17
Mobile,42300,44977.000,17
Mobile,43200,47220.000,17
Mobile,44200,47279.000,17
Desktop,37100,41655.000,17
Desktop,45600,54561.000,17
Desktop,47700,48496.000,17
Mobile,37000,38181.000,17
Mobile,40300,45133.000,17
Desktop,42200,44247.000,17
Mobile,39700,43147.000,17
Desktop,43700,44854.000,17
Mobile,44700,46865.000,17
Mobile,40200,40999.000,17
Mobile,39500,41868.000,17
Desktop,42000,43929.000,17
Mobile,40700,31514.000,17
Tablet,21500,23138.000,17
Desktop,41600,45719.000,17
Desktop,47600,49360.000,17
Desktop,39800,42926.000,17
Desktop,43500,47097.000,17
Tablet,16600,21934.000,17
Desktop,44900,48365.000,17
Desktop,41300,45010.000,17
Mobile,42400,44963.500,16
Desktop,41100,44038.500,16
Mobile,42500,45846.000,16
Mobile,39000,42476.000,16
Mobile,35300,34808.500,16
Tablet,22400,28985.000,16
Mobile,39600,34118.000,16
Mobile,48900,51142.000,16
Mobile,42100,41239.000,16
Tablet,19400,24515.500,16
Mobile,46300,49755.000,16
Mobile,42800,43624.000,16
Mobile,35600,37541.000,16
Mobile,37400,41920.500,16
Desktop,45800,60790.500,16
Desktop,44300,48747.500,16
Desktop,45100,48055.500,16
Tablet,20700,26180.000,16
Desktop,45000,46744.000,16
Desktop,49700,51397.500,16
Mobile,40400,43038.000,15
Desktop,51100,54867.000,15
Mobile,40600,44632.000,15
Desktop,51300,52571.000,15
Tablet,18600,21895.000,15
Desktop,52200,54973.000,15
Mobile,38500,41052.000,15
Mobile,39800,40356.000,15
Mobile,46500,50864.000,15
Tablet,22600,26492.000,15
Tablet,27200,30133.000,15
Mobile,41900,44716.000,15
Desktop,43000,45725.000,15
Desktop,46500,49880.000,15
Tablet,20800,22275.000,15
Mobile,42700,45540.000,15
Mobile,39200,44709.000,15
Mobile,44600,49823.000,15
Mobile,43600,53467.000,15
Mobile,45100,38903.000,15
Tablet,17000,23410.500,14
Tablet,21300,24046.000,14
Desktop,46700,49828.500,14
Desktop,40400,48159.500,14
Desktop,44400,47174.500,14
Desktop,48200,51984.500,14
Desktop,49000,50912.000,14
Desktop,49100,54537.000,14
Desktop,43800,44155.000,14
Desktop,46100,53511.000,14
Mobile,44400,47037.000,14
Desktop,39700,41843.000,14
Tablet,20500,26637.500,14
Mobile,48600,40502.500,14
Desktop,48900,66931.000,14
Desktop,53300,56951.000,14
Mobile,39900,41775.500,14
Tablet,22800,25003.500,14
Tablet,24000,25818.000,14
Mobile,46900,47732.500,14
Mobile,39400,36172.000,14
Desktop,51500,56528.500,14
Desktop,50400,51183.500,14
Desktop,48100,50119.500,14
Mobile,41500,45071.000,13
Desktop,47100,52267.000,13
Tablet,19000,19706.000,13
Tablet,23200,24474.000,13
Desktop,47000,50369.000,13
Desktop,45700,49970.000,13
Desktop,49200,54546.000,13
Mobile,48500,51792.000,13
Tablet,22100,30475.000,13
Mobile,50100,57815.000,13
Mobile,46000,48725.000,13
Mobile,49700,47190.000,13
Mobile,41000,40412.000,13
Desktop,44100,44476.000,13
Tablet,23400,24159.000,13
Mobile,50700,43014.000,13
Desktop,52500,54329.000,13
Tablet,26600,30020.000,13
Tablet,22900,26534.000,13
Mobile,42000,46592.000,13
Desktop,49500,52832.000,13
Tablet,20600,23144.000,13
Desktop,45400,48582.000,13
Desktop,48700,50530.000,13
Desktop,44800,50266.000,13
Desktop,46900,48639.000,13
Tablet,18500,22810.000,13
Tablet,19500,23291.000,13
Desktop,46300,53753.000,13
Desktop,51800,54779.000,13
Tablet,20900,21278.000,13
Mobile,57500,61644.500,12
Mobile,52000,55834.500,12
Desktop,57700,59700.000,12
Mobile,47000,44342.000,12
Tablet,24400,27160.500,12
Mobile,43900,41521.500,12
Tablet,20300,21892.500,12
Desktop,44200,50888.000,12
Desktop,48000,52158.500,12
Desktop,47200,48556.000,12
Tablet,18700,24355.500,12
Mobile,45600,50156.500,12
Desktop,47900,51599.500,12
Desktop,43100,47379.000,12
Tablet,24100,25943.000,12
Desktop,48800,53720.500,12
Tablet,22000,24546.000,12
Desktop,49300,55800.500,12
Mobile,49500,47408.000,12
Desktop,39500,42123.000,12
Mobile,38200,38051.500,12
Mobile,45200,53311.000,12
Mobile,41300,41615.000,12
Mobile,43500,45212.500,12
Tablet,20100,24559.000,12
Mobile,49800,52563.000,12
Mobile,45900,47581.500,12
Desktop,43600,46402.000,12
Tablet,24600,25137.000,12
Tablet,19300,20752.500,12
Mobile,47400,60403.500,12
Mobile,38900,46866.500,12
Desktop,46600,42678.000,11
Mobile,62800,73983.000,11
Desktop,47500,48486.000,11
Desktop,44500,57128.000,11
Desktop,46200,47750.000,11
Desktop,55000,56251.000,11
Desktop,47300,48002.000,11
Mobile,45800,38072.000,11
Desktop,42700,44639.000,11
Mobile,49100,54912.000,11
Desktop,63800,66862.000,11
Mobile,48000,61202.000,11
Desktop,43400,46278.000,11
Tablet,22300,30603.000,11
Tablet,22200,25051.000,11
Desktop,48500,49902.000,11
Mobile,53000,58872.000,11
Mobile,54800,58514.000,11
Mobile,45300,45615.000,11
Desktop,57200,65161.000,11
Desktop,52300,63833.000,11
Mobile,50200,50421.000,11
Desktop,49400,51319.000,11
Mobile,51300,48036.000,11
Mobile,45500,46206.000,11
Mobile,45000,47437.000,11
Mobile,43800,43651.000,11
Desktop,49800,51215.000,11
Mobile,49300,50435.000,11
Mobile,51200,45391.000,11
Mobile,41700,45717.000,11
Tablet,21100,22103.000,11
Mobile,45400,46350.000,11
Tablet,23100,25165.000,11
Mobile,48700,51766.000,11
Tablet,34500,40942.000,11
Mobile,46700,49935.000,11
Mobile,47100,54947.000,11
Mobile,51800,54306.000,10
Mobile,55800,49611.000,10
Desktop,56900,63573.500,10
Mobile,42900,44394.500,10
Mobile,52400,44083.500,10
Mobile,57600,58029.500,10
Desktop,51400,53642.000,10
Tablet,30200,31391.000,10
Tablet,21400,23447.000,10
Desktop,53100,53806.500,10
Desktop,50100,52167.000,10
Desktop,58000,63830.500,10
Mobile,46600,50570.500,10
Tablet,24200,33391.500,10
Desktop,57000,60877.000,10
Tablet,26200,27210.500,10
Tablet,21700,25911.500,10
Tablet,28500,28152.000,10
Mobile,60500,61284.500,10
Mobile,38700,36200.000,10
Mobile,53200,58954.500,10
Tablet,19200,21715.000,10
Mobile,48200,50954.500,10
Tablet,19600,21661.000,10
Mobile,53600,58899.000,10
Desktop,52400,54370.000,10
Desktop,46800,49859.500,10
Desktop,44700,47664.500,10
Desktop,60700,65084.000,10
Mobile,44300,44835.500,10
Mobile,44000,43563.500,10
Mobile,55100,60994.000,10
Mobile,53400,50724.000,10
Desktop,55200,57413.000,10
Desktop,42500,46698.000,10
Mobile,47800,48987.000,10
Desktop,44600,48158.500,10
Desktop,50500,54563.500,10
Tablet,24500,24529.500,10
Mobile,59500,60081.000,10
Tablet,23500,25921.500,10
,700,5594.000,10
Desktop,50600,52801.000,9
Desktop,50900,52273.000,9
Mobile,61600,65800.000,9
Mobile,52800,53107.000,9
Tablet,27700,30490.000,9
Mobile,51000,49927.000,9
Mobile,38400,59155.000,9
Tablet,21000,22920.000,9
Tablet,28300,30386.000,9
Desktop,58800,62084.000,9
Mobile,56700,52112.000,9
Mobile,49600,45903.000,9
,2300,4737.000,9
Desktop,58900,60174.000,9
Mobile,57900,60872.000,9
Desktop,54900,57340.000,9
Mobile,44900,42414.000,9
Mobile,43100,44515.000,9
Mobile,44100,57273.000,9
Tablet,26400,26981.000,9
Desktop,45900,48983.000,9
Mobile,58300,58935.000,9
Mobile,50500,55333.000,9
Mobile,47200,47899.000,9
Desktop,56600,60075.000,9
Desktop,48600,52600.000,9
Tablet,30000,32818.000,9
Mobile,56600,60255.000,9
Desktop,50000,56351.000,9
Desktop,47800,49887.000,9
Mobile,58600,40619.000,9
Mobile,37600,39187.000,9
Tablet,30500,37751.000,9
Desktop,52600,55885.000,9
Desktop,53700,60254.000,9
Tablet,20000,25929.000,9
Tablet,23800,25364.000,9
Desktop,48400,49456.000,9
Desktop,53600,55636.000,9
Desktop,49600,53747.000,9
Mobile,47300,50277.000,9
Desktop,53800,56261.000,9
Desktop,60400,62405.500,8
Mobile,62600,69535.500,8
Mobile,59300,67467.000,8
Desktop,52700,63245.500,8
Mobile,50800,52186.000,8
Desktop,59000,59169.500,8
Desktop,46000,45001.000,8
Mobile,63300,61551.500,8
Mobile,51100,61647.000,8
Mobile,57200,60125.000,8
Desktop,60200,61272.500,8
Mobile,56300,60333.500,8
Mobile,48300,58144.000,8
Mobile,55500,58662.000,8
Tablet,28400,28095.500,8
Tablet,26000,31851.000,8
Tablet,21600,23128.500,8
Mobile,54900,52220.500,8
Tablet,25700,27865.500,8
Tablet,20400,27336.500,8
Mobile,46400,47560.000,8
Desktop,70800,76907.000,8
Mobile,48800,53000.000,8
Desktop,54500,57005.000,8
Tablet,30800,34426.000,8
Mobile,52200,61260.500,8
Tablet,27400,29404.500,8
Mobile,52600,60982.500,8
Mobile,72700,60113.500,8
Tablet,24800,32611.000,8
Tablet,25500,26308.000,8
Desktop,59400,61232.500,8
Desktop,65400,75151.000,8
Mobile,44800,47573.500,8
Mobile,53100,42163.500,8
Mobile,52700,38424.500,8
Desktop,52000,57721.000,8
Desktop,58300,63234.500,8
,4300,6726.500,8
Desktop,55300,59152.500,8
Desktop,50300,59513.500,8
Mobile,47500,46234.500,8
Desktop,51700,54131.000,8
Mobile,43300,54863.500,8
Tablet,23900,26005.000,8
Tablet,29000,31895.000,8
Mobile,84600,102528.500,8
Desktop,51200,53898.000,8
Mobile,61700,61638.500,8
Desktop,64400,67939.500,8
Mobile,47700,50493.500,8
Desktop,67100,76052.000,7
Desktop,54000,68753.000,7
Desktop,63900,64850.000,7
Desktop,64100,66829.000,7
Tablet,24900,27296.000,7
Mobile,71200,76127.000,7
Mobile,54300,56896.000,7
Tablet,23000,26779.000,7
Mobile,51600,39930.000,7
Tablet,26300,32763.000,7
Tablet,29400,35097.000,7
Desktop,66700,62636.000,7
Desktop,64900,81852.000,7
Desktop,62500,64220.000,7
Desktop,57800,58223.000,7
Tablet,26500,28330.000,7
Desktop,80300,88647.000,7
Tablet,32300,35545.000,7
Desktop,51900,55228.000,7
Desktop,71700,77727.000,7
Tablet,28100,42198.000,7
Tablet,26100,25997.000,7
,3600,8362.000,7
Desktop,61700,64694.000,7
,2600,6711.000,7
Mobile,57400,61859.000,7
Desktop,61900,63692.000,7
Desktop,52800,55607.000,7
Mobile,61000,47828.000,7
Desktop,47400,47731.000,7
Desktop,59800,60544.000,7
Tablet,24700,29957.000,7
Desktop,57100,61536.000,7
Desktop,54200,51424.000,7
Mobile,51400,57643.000,7
Desktop,50200,80666.000,7
Desktop,49900,53354.000,7
Desktop,51000,51501.000,7
Mobile,62200,50918.000,7
Tablet,31200,42120.000,7
Tablet,25400,30895.000,7
Mobile,51500,48274.000,7
Mobile,48400,52907.000,7
Mobile,46200,48218.000,7
,3700,5737.000,7
Tablet,23600,25255.000,7
Tablet,25900,36163.000,7
Tablet,25600,28491.000,7
Mobile,51700,51102.000,7
Mobile,45700,63099.000,7
Tablet,22700,27933.000,7
Mobile,40500,39142.000,7
,2500,6835.000,7
Desktop,56500,65746.000,7
Mobile,60000,60117.000,7
Desktop,46400,50012.000,7
Mobile,46800,38640.000,7
Tablet,31500,32601.000,7
Mobile,49000,36506.000,7
Desktop,75300,78166.000,6
,2000,6307.000,6
Tablet,28700,33478.000,6
Tablet,23700,28804.500,6
Mobile,92400,98451.000,6
Mobile,55300,63616.000,6
Mobile,59700,60176.500,6
Desktop,52100,46389.500,6
Desktop,80100,80762.500,6
Tablet,32800,34283.500,6
Tablet,33900,40078.000,6
Desktop,61000,62384.500,6
Desktop,56400,61270.000,6
Tablet,26800,32867.500,6
Mobile,59900,57678.000,6
Tablet,31900,30666.500,6
Desktop,54700,66932.500,6
Desktop,58500,60701.000,6
Mobile,50000,56374.000,6
Desktop,64200,68774.000,6
Desktop,56000,57320.500,6
Desktop,60300,62862.500,6
Mobile,73000,75983.000,6
Tablet,27500,32299.000,6
Desktop,79400,81968.000,6
Tablet,24300,28051.500,6
Desktop,72000,75329.000,6
Mobile,52500,56555.000,6
Mobile,60300,51807.000,6
Mobile,55900,48851.500,6
Mobile,50400,55313.000,6
Mobile,43700,51159.000,6
Mobile,55000,60297.000,6
Mobile,50300,52726.500,6
Mobile,52100,51060.500,6
Mobile,67500,66811.000,6
Desktop,60100,75953.500,6
Tablet,36700,41691.500,6
Desktop,62800,65355.000,6
,2700,4436.500,6
Desktop,72500,70862.500,6
Mobile,55400,53080.000,6
Mobile,69700,69728.000,6
Mobile,61500,59696.000,6
Desktop,89500,85847.500,6
Mobile,60800,70622.000,6
Desktop,72600,78974.000,6
Mobile,55200,58009.500,6
Mobile,84100,73711.500,6
Mobile,59400,55629.500,6
Desktop,50700,54731.000,6
Mobile,43000,49245.500,6
,1600,6532.000,6
Tablet,25100,32789.500,6
Tablet,23300,24172.500,6
Desktop,64000,66889.000,6
Desktop,72400,63794.000,6
Desktop,57600,73912.500,6
Desktop,54600,57680.500,6
Tablet,36500,38345.500,6
Desktop,55700,61789.000,6
Desktop,64300,283960.500,6
Desktop,66900,70796.500,6
Mobile,59800,56777.000,6
Mobile,57000,58663.000,6
Mobile,56000,55012.000,6
Desktop,69700,74857.000,6
Mobile,60600,66478.000,6
Tablet,33300,33142.000,6
,3100,5520.000,6
Mobile,60200,57863.500,6
Desktop,74800,76493.000,6
Desktop,59100,61194.500,6
Desktop,55600,59199.000,6
Desktop,58200,66426.000,6
Mobile,60900,57086.500,6
Mobile,47900,57305.000,6
Mobile,80400,83579.000,6
Tablet,31600,34029.000,6
Mobile,74500,76650.000,6
Mobile,49400,46898.000,6
Desktop,59200,56263.500,6
Mobile,69900,77092.500,6
Tablet,30400,33716.500,6
Mobile,55700,60483.500,6
Mobile,67000,67738.000,6
Desktop,57900,61806.500,6
Mobile,61800,60879.500,6
,500,7503.000,6
Desktop,55500,57782.000,6
Desktop,68100,63997.500,6
Tablet,32700,36387.500,6
Desktop,66400,75355.000,6
Mobile,58400,50329.000,6
Desktop,59500,61103.500,6
Desktop,54800,58259.500,6
Desktop,63500,59054.000,5
Mobile,52300,55841.000,5
Desktop,48300,50586.000,5
Mobile,52900,23130.000,5
Mobile,78800,80064.000,5
Mobile,65600,69741.000,5
Tablet,35800,37758.000,5
Desktop,62400,63659.000,5
Tablet,29500,30469.000,5
Mobile,53500,59545.000,5
Tablet,36200,42261.000,5
Mobile,57800,57941.000,5
Tablet,26900,32160.000,5
Desktop,76200,66867.000,5
Desktop,50800,51952.000,5
Desktop,60000,64106.000,5
Mobile,74700,72905.000,5
Desktop,53500,50858.000,5
Mobile,50900,55388.000,5
Tablet,35700,44125.000,5
Tablet,31400,32503.000,5
Mobile,50600,42911.000,5
Desktop,84000,84236.000,5
Desktop,78000,76677.000,5
Mobile,49200,55486.000,5
Desktop,65200,66701.000,5
Mobile,64000,69990.000,5
Desktop,82500,85050.000,5
,1400,4738.000,5
Desktop,61600,55679.000,5
Tablet,28800,31088.000,5
Desktop,57400,60325.000,5
Mobile,65500,76685.000,5
Mobile,76100,82660.000,5
Desktop,52900,55887.000,5
Mobile,54100,53633.000,5
Desktop,51600,66938.000,5
Mobile,70400,76950.000,5
Desktop,73300,83862.000,5
Desktop,55900,58700.000,5
Tablet,32100,30347.000,5
Desktop,62900,64247.000,5
Tablet,30100,26327.000,5
Desktop,67800,72092.000,5
Mobile,49900,54081.000,5
Mobile,68600,61150.000,5
Mobile,72400,70732.000,5
Mobile,64800,70039.000,5
Tablet,27800,26907.000,5
Desktop,66300,79222.000,5
Mobile,58100,58636.000,5
Mobile,51900,52608.000,5
Tablet,25800,34779.000,5
Tablet,34400,45372.000,5
Desktop,78800,94833.000,5
Mobile,75700,77071.000,5
,1500,3543.000,5
Desktop,74100,76000.000,5
Desktop,55100,67024.000,5
Mobile,80100,78517.000,5
Desktop,71000,74614.000,5
Mobile,62400,66605.000,5
Mobile,72200,68250.000,5
Mobile,53300,64428.000,5
Tablet,25300,27939.000,5
Mobile,68200,71302.000,5
Mobile,69000,80193.000,5
Mobile,48100,49418.000,5
Mobile,53700,54847.000,5
Desktop,75600,83370.000,5
Desktop,66500,67049.000,5
Tablet,43500,44755.000,5
Desktop,55800,65077.000,5
Desktop,64600,64566.000,5
Desktop,82700,78533.000,5
Desktop,86400,100668.000,5
Mobile,69200,70240.000,5
Tablet,27100,27534.000,5
Desktop,74300,87985.000,5
Desktop,59700,56963.000,5
Mobile,97600,97992.000,5
Mobile,66500,49839.000,5
Desktop,60600,57656.000,5
,600,6244.000,5
Mobile,59000,46281.000,5
Tablet,40200,44665.000,5
Desktop,62200,65770.000,5
Desktop,65700,67870.000,5
Mobile,58700,67867.000,5
Tablet,29900,32034.000,5
Tablet,33800,34148.000,5
Desktop,63100,63727.000,5
Desktop,58600,64152.000,5
Desktop,67600,70448.000,5
Desktop,83500,92242.000,5
Mobile,58000,57110.000,5
Mobile,54200,61459.000,5
Tablet,25200,37211.000,5
Desktop,63200,64600.000,5
Mobile,44500,46803.000,5
Mobile,60700,50931.000,5
Tablet,41100,47853.000,5
Desktop,57300,49512.000,5
,4200,9550.000,5
Tablet,27000,28152.000,5
Tablet,44200,42851.000,5
Mobile,69600,69978.000,5
Tablet,35200,36461.000,5
Mobile,56900,59611.000,5
Desktop,61100,68056.000,5
Tablet,30600,32772.000,4
Mobile,88000,90310.000,4
Desktop,65800,82603.500,4
Mobile,58800,57723.500,4
Mobile,62300,61559.000,4
Desktop,65000,77081.500,4
Tablet,34300,33008.000,4
Desktop,97700,102284.500,4
Mobile,66300,75646.500,4
Mobile,72500,58024.500,4
,2800,6434.000,4
Tablet,31100,33951.000,4
Tablet,27900,31590.000,4
Mobile,71000,46164.000,4
Tablet,33100,37308.000,4
Tablet,33600,40367.500,4
Mobile,67600,68594.000,4
Desktop,56800,73647.500,4
Tablet,36100,30973.500,4
Desktop,77300,144124.000,4
Desktop,58700,58851.500,4
Desktop,59600,60758.000,4
Mobile,65000,68854.000,4
Mobile,62500,68702.000,4
Mobile,58900,59666.500,4
Tablet,31700,36107.000,4
Desktop,82200,85601.500,4
Mobile,118000,108742.500,4
,3500,5485.000,4
Mobile,63900,70589.500,4
Desktop,61800,40567.000,4
Mobile,66200,212151.500,4
Tablet,32500,30910.500,4
Desktop,78100,176640.500,4
Desktop,73400,75540.500,4
Tablet,29300,34908.000,4
Mobile,78500,78359.000,4
,3900,7548.000,4
,1200,4243.000,4
Tablet,27600,32225.500,4
Tablet,54600,45281.500,4
Desktop,76500,91192.500,4
Tablet,48700,51853.000,4
Mobile,115600,117713.500,4
Desktop,56700,63838.000,4
Desktop,75800,128731.000,4
Tablet,36000,40759.500,4
Mobile,54600,51250.000,4
Desktop,67900,77157.500,4
Desktop,86300,90934.500,4
,1900,7414.500,4
Tablet,39000,80428.500,4
Desktop,107100,120403.000,4
Mobile,71500,44925.000,4
Tablet,47500,54928.000,4
Mobile,66400,63889.000,4
Desktop,67400,59742.000,4
,2100,4536.500,4
Mobile,63100,63631.500,4
Desktop,114300,117360.000,4
Desktop,58100,65450.500,4
Tablet,39600,39116.500,4
Desktop,56300,47239.000,4
Desktop,65300,69747.500,4
Desktop,73800,54599.500,4
Desktop,63300,59204.000,4
Mobile,63500,45505.500,4
Mobile,60100,60682.000,4
Tablet,33400,34260.000,4
,5200,7322.500,4
Tablet,45400,45318.000,4
Desktop,54400,56651.000,4
Desktop,63400,68272.500,4
Desktop,68000,72455.000,4
Mobile,74300,74038.500,4
Desktop,70400,91544.500,4
Mobile,67400,68452.000,4
Mobile,90700,84875.000,4
Desktop,74700,76551.000,4
Desktop,61500,61920.500,4
Desktop,97000,97265.000,4
,1000,5718.000,4
Desktop,59300,62905.000,4
Desktop,60900,73054.000,4
Desktop,58400,57032.500,4
Mobile,56800,47594.500,4
Mobile,79500,91771.000,4
Mobile,70100,61211.000,4
Desktop,62000,65554.000,4
Mobile,92700,109564.500,4
Desktop,67300,68711.000,4
Tablet,28900,36727.500,4
Desktop,72900,82346.500,4
Mobile,87800,92992.000,4
Desktop,80800,92263.500,4
Mobile,62100,64009.000,4
Desktop,74500,81277.500,4
Tablet,44700,45759.000,4
Tablet,29200,29363.000,4
Desktop,61300,65075.500,4
Mobile,70700,85777.000,4
Tablet,41900,47393.500,4
Mobile,94500,94375.500,4
Desktop,61400,64050.000,4
Desktop,72800,73724.500,4
Tablet,37300,35643.000,4
Mobile,82400,57773.000,4
Mobile,65400,59147.000,4
Mobile,80800,76878.500,4
Mobile,94100,98159.000,4
Mobile,60400,55515.500,4
Tablet,35300,35587.500,4
Mobile,75500,57020.000,4
Mobile,63000,69846.000,4
,2400,8686.000,4
Desktop,72700,73799.500,4
Desktop,80000,74691.000,4
Desktop,68700,88039.000,4
Tablet,35500,46452.500,4
Mobile,56100,55219.500,4
Desktop,62700,62406.000,4
Tablet,43600,47580.000,4
Mobile,65300,110589.500,4
Mobile,80700,81635.000,4
Tablet,42200,39941.000,4
Mobile,71800,60499.500,4
Mobile,73100,86881.500,4
Desktop,60800,53768.500,4
Desktop,64800,65998.000,4
Mobile,68100,81336.500,4
Desktop,65900,52426.500,4
Mobile,56500,68981.000,4
Desktop,53400,54295.000,4
Desktop,70700,74097.000,4
Mobile,81900,86715.000,4
Tablet,44900,32758.000,4
Tablet,41800,44706.000,4
Mobile,58500,61859.000,4
Mobile,92900,104743.500,4
Desktop,62600,66536.500,4
Mobile,98500,100914.000,4
,800,9049.500,4
Desktop,71800,71094.000,4
Desktop,72100,75701.500,4
,1100,4117.000,4
Tablet,43900,50311.500,4
Mobile,91700,98523.500,4
Tablet,34000,35768.500,4
Desktop,82000,84298.500,4
Mobile,61400,44290.000,4
Tablet,48000,50371.500,4
Mobile,75400,80198.000,4
Tablet,32600,24385.000,4
Mobile,75300,76734.500,4
Desktop,69100,69551.000,4
Mobile,54000,51799.000,4
Mobile,59200,69330.500,4
Desktop,89300,74440.000,4
Desktop,62300,63363.000,4
Desktop,88500,94471.500,4
Mobile,64300,67772.000,4
Tablet,27300,31696.000,4
Desktop,99600,101861.000,4
Desktop,61200,62527.500,4
Tablet,34200,35945.000,4
Mobile,64600,52581.500,4
Tablet,44100,68184.500,4
Tablet,41600,51425.500,4
Tablet,31800,27093.000,4
Desktop,68900,73640.000,4
Desktop,85800,90416.000,4
,3000,6665.000,4
Desktop,64500,66834.000,4
Mobile,65700,67630.000,4
Desktop,83600,82614.000,4
Desktop,73600,80044.000,3
Desktop,69900,71820.000,3
Mobile,65200,69899.000,3
Desktop,73700,78813.000,3
Desktop,68600,69901.000,3
Mobile,67200,79185.000,3
Desktop,63000,68917.000,3
Desktop,95000,99962.000,3
Tablet,36600,39247.000,3
,1300,14094.000,3
Tablet,38100,41311.000,3
Desktop,75500,78244.000,3
Mobile,71300,73115.000,3
Desktop,77000,83851.000,3
Tablet,41300,48450.000,3
Desktop,79800,104968.000,3
,100,4551.000,3
,0,4291.000,3
,6200,7937.000,3
,4000,6256.000,3
Desktop,89700,89308.000,3
Desktop,87900,97161.000,3
Tablet,36300,42230.000,3
,1700,5043.000,3
Desktop,63600,70564.000,3
Tablet,26700,34267.000,3
Desktop,69600,70355.000,3
Desktop,96500,108369.000,3
Desktop,81200,90987.000,3
Mobile,70000,52380.000,3
Desktop,77700,56447.000,3
Desktop,77200,81449.000,3
Mobile,82900,49134.000,3
Tablet,40400,41358.000,3
Desktop,53000,72943.000,3
Desktop,86200,90627.000,3
Desktop,60500,96112.000,3
Desktop,70000,61190.000,3
Tablet,32200,25225.000,3
Desktop,114200,110000.000,3
Desktop,88600,166268.000,3
Desktop,118400,90279.000,3
Mobile,57100,81398.000,3
Mobile,83200,83927.000,3
Tablet,34100,19641.000,3
Mobile,81400,99410.000,3
Mobile,121500,130888.000,3
Desktop,67500,64978.000,3
Mobile,109500,122639.000,3
Desktop,79100,79329.000,3
Tablet,40700,41914.000,3
Mobile,95500,91445.000,3
Tablet,37500,41393.000,3
Mobile,79300,79823.000,3
Mobile,83100,90173.000,3
Desktop,67200,69031.000,3
Desktop,90300,105364.000,3
Desktop,95200,117471.000,3
Mobile,77000,77092.000,3
Desktop,96400,125449.000,3
Mobile,62000,73504.000,3
,3800,5511.000,3
Desktop,110200,112599.000,3
Tablet,43000,45468.000,3
Mobile,66000,85300.000,3
Desktop,116700,112356.000,3
Tablet,40300,41109.000,3
Desktop,70600,76298.000,3
Desktop,68800,54193.000,3
Mobile,67800,64329.000,3
Mobile,97200,72117.000,3
Mobile,53900,44992.000,3
Tablet,30700,33381.000,3
Desktop,74000,87187.000,3
Mobile,72000,52557.000,3
Mobile,93500,28299.000,3
Tablet,29600,43569.000,3
Tablet,28000,28268.000,3
Desktop,62100,78320.000,3
Desktop,65500,67973.000,3
Tablet,40600,46624.000,3
Desktop,86700,110324.000,3
Desktop,80600,87069.000,3
Mobile,87000,83725.000,3
Desktop,59900,50144.000,3
Mobile,90300,74780.000,3
Mobile,73200,55202.000,3
Desktop,70200,71423.000,3
Desktop,54300,358140.000,3
Mobile,54500,57671.000,3
Tablet,37400,34651.000,3
Mobile,108700,113522.000,3
Mobile,77400,77292.000,3
Mobile,94200,93664.000,3
Tablet,35000,37334.000,3
Tablet,29700,39498.000,3
Mobile,95200,72513.000,3
Desktop,69400,91792.000,3
Mobile,76400,89843.000,3
Desktop,55400,68652.000,3
,3200,5381.000,3
Desktop,71100,56109.000,3
Mobile,72300,58845.000,3
Tablet,52500,43907.000,3
Mobile,70800,72277.000,3
Mobile,64100,68048.000,3
Mobile,142000,466340.000,3
Desktop,54100,57235.000,3
Desktop,92700,94853.000,3
Mobile,97900,39646.000,3
,900,5280.000,3
Desktop,92200,65505.000,3
Tablet,39500,43416.000,3
Desktop,91300,119480.000,3
Mobile,68800,76130.000,3
Mobile,77100,109668.000,3
Desktop,77900,78637.000,3
Desktop,93500,109888.000,3
,300,4077.000,3
Mobile,86400,44379.000,3
Mobile,79800,64730.000,3
Mobile,93300,89365.000,3
Mobile,74400,55662.000,3
Mobile,59100,293489.000,3
Desktop,75400,80209.000,3
Mobile,61200,61992.000,3
Mobile,63600,65696.000,3
Desktop,71300,17082.000,3
Desktop,87200,95855.000,3
Desktop,66100,40385.000,3
Mobile,91000,54030.000,3
Desktop,117300,119305.000,3
Desktop,90000,90579.000,3
,7300,10024.000,3
Mobile,57300,62808.000,3
Desktop,81600,73833.000,3
Tablet,35900,31561.000,3
Desktop,77400,113722.000,3
Mobile,55600,50343.000,3
Mobile,96700,83989.000,3
Desktop,115600,79500.000,3
Mobile,64900,66573.000,3
Desktop,66200,95555.000,3
Mobile,143900,58669.000,3
Mobile,77700,114390.000,3
Mobile,70900,98364.000,3
Tablet,40900,63584.000,3
Mobile,81200,82229.000,3
Desktop,92800,122368.000,3
Mobile,82000,83510.000,3
Desktop,71500,81959.000,3
Mobile,67300,73245.000,3
Mobile,140900,191905.000,3
Mobile,63400,68203.000,3
Mobile,96000,89482.000,3
Desktop,84700,91155.000,3
Mobile,68000,67613.000,3
Desktop,81300,161891.000,3
Mobile,68700,50679.000,3
Tablet,36900,37907.000,3
Desktop,98600,98630.000,3
Tablet,47700,51976.000,3
Mobile,62900,59878.000,3
Desktop,134500,106009.000,3
Mobile,103700,95486.000,3
Mobile,69100,53819.000,3
Desktop,84100,104618.000,3
Tablet,37100,42341.000,3
Desktop,53200,56620.000,3
,4400,7495.000,3
,4600,9439.000,3
Mobile,103300,147254.000,3
Mobile,73400,69467.000,3
Desktop,77800,76742.000,3
Desktop,122800,115825.000,3
Tablet,38900,23891.000,3
Tablet,40500,46851.000,3
Mobile,73300,110678.000,3
Desktop,83200,102327.000,3
Mobile,61300,39642.000,3
Mobile,132600,112261.000,3
Mobile,92200,95339.000,3
Tablet,29100,48283.000,3
,1800,4338.000,3
Desktop,85700,49348.000,3
Tablet,38600,34489.000,3
Desktop,69000,74149.000,3
Mobile,93700,92224.000,3
Mobile,72100,68957.000,3
Mobile,58200,67677.000,3
Mobile,78200,176253.000,3
Mobile,66600,41536.000,3
Desktop,76000,60778.000,3
Tablet,35600,34928.000,3
Desktop,83900,85547.000,3
Desktop,73200,46567.000,3
Desktop,103700,38647.000,3
Tablet,39700,46319.000,3
Mobile,54700,57201.000,3
Mobile,89000,59634.000,3
Tablet,28600,33071.000,3
Desktop,64700,65295.000,3
Desktop,88900,86558.000,3
Tablet,38300,30455.000,3
Mobile,71900,89773.000,3
Desktop,69300,71438.000,3
Desktop,74600,39012.000,3
Mobile,92800,31575.500,2
Desktop,121200,126827.500,2
Desktop,110800,136497.500,2
Tablet,39100,149566.000,2
Desktop,79000,234058.500,2
Desktop,87100,62896.000,2
Mobile,87500,95593.000,2
Desktop,80700,117693.000,2
Tablet,34800,32266.000,2
Tablet,46400,68179.000,2
Mobile,63200,55254.500,2
Tablet,30900,39407.000,2
Desktop,92600,67213.500,2
Desktop,73000,736372.500,2
Mobile,126200,89748.500,2
Desktop,89100,103544.500,2
Mobile,61900,54994.000,2
Tablet,37900,43926.000,2
Desktop,114000,139353.000,2
Mobile,93600,114410.500,2
Mobile,64500,54773.000,2
Mobile,127800,82997.000,2
Tablet,51900,48751.500,2
Desktop,105500,140497.000,2
Mobile,83700,283793.000,2
Desktop,74200,220421.500,2
Desktop,107000,108166.500,2
Tablet,42500,71590.000,2
Mobile,105000,144703.000,2
Desktop,96800,106058.500,2
Desktop,89200,115638.500,2
Tablet,32900,34310.000,2
Mobile,129400,157383.500,2
Desktop,92500,94628.000,2
Tablet,39800,38641.500,2
Mobile,82600,52147.500,2
Tablet,33000,42044.500,2
Mobile,69300,67140.500,2
Mobile,255200,330676.000,2
Tablet,33200,19774.500,2
Desktop,85400,379158.000,2
Mobile,104300,90859.000,2
Desktop,72300,73529.500,2
Desktop,92100,216294.000,2
Desktop,93100,108109.000,2
Desktop,82900,71632.000,2
Mobile,61100,67944.500,2
Mobile,66700,98974.000,2
Mobile,76200,98172.500,2
Mobile,142600,1711275.500,2
Mobile,91400,77573.500,2
Tablet,58100,48937.000,2
Desktop,147100,81116.500,2
Desktop,89900,93725.500,2
Mobile,88300,139578.500,2
Desktop,81100,90806.000,2
Desktop,53900,51406.500,2
Mobile,129000,133499.500,2
Mobile,84200,63060.000,2
Mobile,281200,438297.500,2
Desktop,113000,123048.000,2
Desktop,108500,93772.500,2
Desktop,106600,116669.500,2
Desktop,91200,102072.500,2
Desktop,66600,1996443.500,2
Desktop,105100,152497.500,2
Tablet,32000,36802.500,2
Desktop,106400,102622.000,2
Desktop,161800,150536.000,2
Tablet,51800,44685.500,2
Mobile,67900,67676.500,2
Desktop,102200,72103.000,2
Desktop,119600,168418.500,2
Mobile,83400,78285.500,2
Desktop,153200,116951.000,2
Desktop,93600,65160.000,2
Desktop,143800,263324.500,2
,5000,7620.500,2
Desktop,88400,105607.500,2
Mobile,130600,72935.000,2
Mobile,75800,85806.000,2
Tablet,36800,41247.000,2
Mobile,76500,71545.000,2
Desktop,103100,21698.500,2
Mobile,81000,77834.500,2
Desktop,69500,43425.500,2
Desktop,83400,61735.000,2
Desktop,75200,59044.000,2
Mobile,76800,65445.000,2
Mobile,72900,177077.500,2
Desktop,75900,96225.500,2
Tablet,45000,32153.000,2
Mobile,90000,1545705.000,2
Mobile,79600,61223.000,2
Desktop,103300,106753.000,2
Desktop,115800,82393.500,2
Mobile,172300,266603.000,2
Desktop,101800,120344.000,2
Mobile,143400,149418.500,2
Desktop,128400,105961.500,2
Mobile,84300,113563.500,2
Mobile,95600,3030740.500,2
Desktop,84800,94082.000,2
Mobile,86300,111207.500,2
Mobile,172900,156989.500,2
Desktop,174000,2247947.000,2
Desktop,87000,90993.000,2
,3300,3238.000,2
Tablet,42100,45978.000,2
Desktop,97900,93050.500,2
Mobile,144800,134855.500,2
Mobile,83500,69450.000,2
Desktop,120200,50179.500,2
Mobile,133400,258240.500,2
Desktop,113300,109963.000,2
Mobile,100600,105725.000,2
Mobile,80000,66329.500,2
Mobile,186700,112230.000,2
Mobile,70200,88395.000,2
Desktop,89400,119678.000,2
Desktop,66000,88898.500,2
Mobile,192200,1904960.000,2
Mobile,112000,119004.000,2
Desktop,90100,145559.500,2
Mobile,100100,88235.500,2
Mobile,73500,65547.500,2
Tablet,34700,36372.500,2
Tablet,46500,50059.500,2
,4100,7277.000,2
Mobile,123000,111289.000,2
Tablet,45800,47968.500,2
Desktop,172300,159539.000,2
Desktop,129900,142571.500,2
Desktop,85100,87310.500,2
Mobile,79000,124412.500,2
,400,4217.000,2
Mobile,75600,11439.500,2
Mobile,127100,72186.500,2
Tablet,45500,42375.000,2
Mobile,81100,64567.500,2
Mobile,123100,92770.000,2
Desktop,117000,101865.000,2
Desktop,76900,39110.500,2
Mobile,100300,94572.000,2
Desktop,120400,225347.000,2
Desktop,147500,115355.500,2
Tablet,50300,60803.000,2
Tablet,47400,45902.000,2
Mobile,101900,86261.000,2
Desktop,93800,124973.500,2
Desktop,116200,119220.500,2
Desktop,94000,367735.000,2
Tablet,35400,22223.000,2
Desktop,71200,214734.500,2
Mobile,87700,90211.500,2
Desktop,90200,104477.500,2
Desktop,101500,106718.500,2
Desktop,90800,66170.500,2
Desktop,68200,79473.500,2
,5500,8108.000,2
,8600,14041.500,2
Desktop,92300,95367.000,2
Mobile,113500,112648.500,2
Tablet,45600,48897.500,2
Tablet,49500,50697.500,2
Mobile,138500,115195.000,2
Mobile,102400,119126.500,2
Desktop,70500,60328.000,2
Desktop,139000,144549.500,2
Desktop,81900,2720058.000,2
Desktop,79900,33786.500,2
Mobile,89400,89512.500,2
Desktop,56200,69661.000,2
Mobile,83900,77494.000,2
Desktop,90600,61934.000,2
Mobile,64700,118758.000,2
Desktop,107600,2204942.500,2
Desktop,67700,68232.500,2
Tablet,58000,100957.500,2
,6700,9203.500,2
Desktop,117900,87540.000,2
Desktop,92000,81614.500,2
Tablet,46700,38264.500,2
Desktop,165000,173161.000,2
Mobile,98300,95790.500,2
Mobile,85100,87956.000,2
Mobile,81700,108656.500,2
Mobile,166100,105021.500,2
Tablet,39300,45622.500,2
Mobile,88800,86159.500,2
Mobile,117500,121813.500,2
Desktop,69800,81419.000,2
Desktop,137000,140101.500,2
Desktop,89800,84949.500,2
Mobile,93400,116511.500,2
Desktop,94200,95045.500,2
Desktop,211000,227254.500,2
Tablet,44300,57973.500,2
Tablet,40100,42293.000,2
Tablet,38400,42454.500,2
Mobile,110700,153001.500,2
Tablet,38000,29123.500,2
Tablet,46200,55014.000,2
Mobile,79200,18071.000,2
Mobile,83800,1571057.000,2
Mobile,87600,71044.500,2
Desktop,112800,222464.500,2
Desktop,94700,71714.000,2
Desktop,123700,244014.500,2
Desktop,118700,110864.000,2
Tablet,46600,41891.500,2
Desktop,108900,114444.000,2
Mobile,66800,62034.500,2
Mobile,146000,145232.500,2
Mobile,134900,132061.000,2
Desktop,131000,141256.000,2
Desktop,98700,85175.500,2
Tablet,43400,39410.000,2
Mobile,103200,45058.500,2
Tablet,44400,46585.500,2
Desktop,117600,762266.000,2
Desktop,181400,285613.500,2
Mobile,122300,132988.000,2
Mobile,77200,55221.000,2
Mobile,56200,35237.000,2
Desktop,65600,47741.000,2
Mobile,114200,191668.500,2
Desktop,85900,71736.000,2
Desktop,109300,111296.500,2
Mobile,97500,99476.000,2
Mobile,165000,137339.500,2
Mobile,76900,59808.500,2
Mobile,97100,85043.000,2
Tablet,55400,52881.500,2
Tablet,52200,48333.000,2
Tablet,53300,96269.500,2
Mobile,109300,84750.500,2
Desktop,128100,133124.000,2
Desktop,83300,79503.500,2
Desktop,70900,70533.000,2
Mobile,63700,69744.500,2
Mobile,78100,90065.500,2
Tablet,47000,49734.000,2
Mobile,162200,148808.000,2
Mobile,86200,70122.500,2
Tablet,33500,33614.000,2
Desktop,114800,126905.500,2
Desktop,104000,85416.500,2
Mobile,66900,99959.000,2
Mobile,119000,122484.000,2
Desktop,77500,72793.500,2
Mobile,109700,60756.000,2
Desktop,84300,69240.500,2
Desktop,92400,107451.500,2
Mobile,123800,125257.500,2
Mobile,82100,77049.000,2
Mobile,84500,88664.500,2
Tablet,34600,35682.000,2
Desktop,117200,217743.000,2
Desktop,102400,105268.000,2
Tablet,28200,23311.500,2
Desktop,79500,84022.500,2
Desktop,78700,79189.000,2
Desktop,78400,79257.500,2
Desktop,113600,144184.500,2
Mobile,96400,75736.500,2
Desktop,85600,381628.000,2
Desktop,99700,101608.000,2
Mobile,80900,48266.000,2
Desktop,96100,58992.000,2
Mobile,112600,322436.000,2
Mobile,78900,84486.000,2
Desktop,166600,279785.000,2
Tablet,64200,71866.500,2
Tablet,68500,46482.000,2
Mobile,79400,75130.500,2
Mobile,113800,388393.000,2
Tablet,38700,43838.000,2
Desktop,70300,74882.500,2
Desktop,76100,208313.500,2
Mobile,231500,233022.500,2
Desktop,148400,171390.500,2
Desktop,109400,273463.500,2
Mobile,76600,89173.000,2
,5700,7395.500,2
Mobile,64400,81887.000,2
,4800,11064.500,2
Mobile,136300,343972.000,2
Tablet,31300,31371.500,2
Mobile,54400,92424.500,2
Mobile,86100,30183.500,2
Desktop,119800,115795.000,2
Mobile,86800,65702.000,2
Desktop,204200,272824.500,2
Desktop,98100,95254.000,2
Mobile,82800,61937.500,2
Mobile,74800,77515.500,2
,7700,11666.500,2
Desktop,77600,82560.500,2
Mobile,77500,67308.500,2
Tablet,30300,46319.500,2
Desktop,86100,98585.000,2
Mobile,71100,89073.500,2
,200,3496.000,2
Desktop,134800,248215.500,2
Mobile,65900,64870.000,2
Desktop,76800,76889.000,2
Desktop,76700,36346.000,2
Tablet,37700,112960.500,2
Desktop,109900,142854.500,2
Tablet,39200,44463.500,2
Tablet,48400,54478.500,2
Desktop,68300,239641.000,2
Desktop,96300,147297.000,2
Mobile,53800,54578.000,2
Mobile,91100,98724.000,2
Desktop,95700,101209.500,2
Tablet,48900,56497.000,2
Mobile,127000,62628.500,2
Mobile,107900,132259.500,2
,5900,7691.000,2
Tablet,63600,68461.000,2
Desktop,266600,254203.000,2
Mobile,92000,44265.500,2
Mobile,99400,86324.000,2
Desktop,138600,87988.000,2
Mobile,85400,114386.500,2
Desktop,110300,70329.000,2
,7500,11798.000,2
Mobile,99700,95250.000,2
,4500,11237.000,2
Desktop,87600,100740.500,2
Tablet,97700,74650.000,2
Tablet,50600,33227.000,2
Tablet,51700,47957.000,2
Desktop,104800,63491.000,2
Desktop,139700,144885.500,2
Mobile,67700,83198.000,2
Mobile,68400,83875.000,2
Mobile,65100,90085.500,2
Desktop,90900,91499.500,2
Desktop,67000,128131.500,2
Desktop,105700,106133.000,2
Mobile,98000,50694.000,2
Desktop,123100,1291599.500,2
Desktop,73500,75610.500,2
Tablet,53500,54606.000,2
Mobile,80500,91040.500,2
Mobile,129200,131176.500,2
Tablet,60400,190159.000,2
Desktop,73900,66207.000,2
Mobile,88500,91827.000,2
Desktop,90700,215418.000,2
Mobile,90600,94352.000,2
Mobile,77300,62671.000,2
Desktop,76400,71392.000,2
Desktop,76600,53392.500,2
Mobile,84800,94646.000,2
Desktop,100600,83435.000,2
Desktop,115100,72366.000,2
Tablet,44500,48179.500,2
Mobile,85300,52739.000,2
Tablet,37800,19969.500,2
Tablet,46900,36472.000,2
Desktop,103800,569175.000,2
Desktop,148100,128866.000,2
Desktop,108700,114653.000,2
Mobile,73800,90522.500,2
Mobile,70500,71121.000,2
Mobile,133900,199323.000,2
Tablet,59900,25666.500,2
Tablet,70200,62817.500,2
Mobile,78400,94853.000,2
Mobile,104900,373714.000,2
Mobile,120400,88346.500,2
Mobile,87300,64670.500,2
Mobile,94400,137404.500,2
Mobile,70300,107520.000,2
Desktop,135400,140043.500,2
,2200,6737.500,2
,2900,7319.500,2
Desktop,83000,87960.000,2
Desktop,115000,390434.000,2
Desktop,75700,223563.000,2
Tablet,42600,702523.000,2
Desktop,94600,136710.500,2
Mobile,130100,101767.500,2
Tablet,55800,58518.000,2
Tablet,55600,80285.000,2
Tablet,25000,954233.500,2
Mobile,109100,111389.500,2
Mobile,73900,75243.000,2
Desktop,81500,913939.000,2
Mobile,63800,54847.000,2
Desktop,65100,66988.000,2
Desktop,102700,98435.000,2
Desktop,124600,123056.000,2
Desktop,107500,103223.500,2
Mobile,137700,36160.000,2
Mobile,107000,108531.500,2
Desktop,145500,123007.000,2
Tablet,42900,42983.000,2
Mobile,111900,33864.500,2
Desktop,78900,80827.500,2
Mobile,84900,69983.500,2
Mobile,69500,70632.000,2
Desktop,102300,77488.500,2
Mobile,95800,96799.500,2
Desktop,100100,935436.000,2
Tablet,39400,43911.000,2
Tablet,31000,45568.500,2
Mobile,120800,87825.000,2
Desktop,118200,115278.000,2
Desktop,94900,988156.000,2
Tablet,221900,226286.000,1
Desktop,124000,128228.000,1
Mobile,164600,171381.000,1
Tablet,51000,51316.000,1
,11100,6044.000,1
Desktop,87800,43555.000,1
Desktop,123600,135570.000,1
Mobile,148000,93359.000,1
Mobile,170700,157938.000,1
Mobile,322600,333865.000,1
Desktop,211600,6853.000,1
Mobile,91200,179833.000,1
Tablet,61900,71653.000,1
Tablet,72300,84063.000,1
Desktop,94100,89194.000,1
Mobile,105400,130112.000,1
Desktop,226400,226626.000,1
Tablet,44000,39282.000,1
Mobile,146200,24865.000,1
Desktop,210900,210371.000,1
Desktop,1103300,1679460.000,1
Mobile,98800,11650.000,1
Mobile,168500,175967.000,1
Tablet,30543600,30544496.000,1
Mobile,111100,31625.000,1
Desktop,82400,92442.000,1
Mobile,68500,84195.000,1
Mobile,74600,182925.000,1
Mobile,113200,101127.000,1
Desktop,111800,165038.000,1
Desktop,184400,184619.000,1
Desktop,94500,44923.000,1
Mobile,90500,86620.000,1
Mobile,85500,50293.000,1
Desktop,208000,790972.000,1
Desktop,71600,9682.000,1
Mobile,117400,7670.000,1
Tablet,69600,96520.000,1
Tablet,148100,153004.000,1
Mobile,85200,109996.000,1
Desktop,173400,211232.000,1
Tablet,67300,34909.000,1
Mobile,89800,133308.000,1
Mobile,325000,723412.000,1
Mobile,142400,73332.000,1
Desktop,81000,167406.000,1
Desktop,100700,129090.000,1
Mobile,241100,380611.000,1
Desktop,113500,129556.000,1
Mobile,284700,284385.000,1
Mobile,153000,125759.000,1
Desktop,105000,107863.000,1
Desktop,82800,80484.000,1
Desktop,190800,94870.000,1
Desktop,255300,255317.000,1
Tablet,61600,64948.000,1
Mobile,101600,57307.000,1
,8300,11979.000,1
Mobile,133000,142893.000,1
Tablet,79900,80813.000,1
Mobile,142100,128777.000,1
Mobile,116400,123606.000,1
Tablet,49000,55946.000,1
Desktop,266000,340026.000,1
Tablet,87900,90201.000,1
Desktop,105200,103380.000,1
Tablet,47300,29855.000,1
Desktop,135700,125274.000,1
Desktop,181300,526270.000,1
Mobile,103600,106420.000,1
Desktop,360000,454107.000,1
Mobile,139100,230333.000,1
Mobile,98700,117805.000,1
Mobile,155600,121086.000,1
Tablet,123300,34677.000,1
Mobile,397700,398258.000,1
Desktop,75100,100575.000,1
Desktop,165500,187538.000,1
Tablet,240800,151563.000,1
,8200,11463.000,1
Desktop,181700,363974.000,1
Desktop,147800,145441.000,1
Desktop,182700,185103.000,1
Desktop,110100,115752.000,1
Mobile,75200,6784.000,1
Desktop,140100,517269.000,1
Mobile,1392800,4290545.000,1
Tablet,79800,39635.000,1
Desktop,477000,477613.000,1
Mobile,310200,221554.000,1
Mobile,316900,321002.000,1
Desktop,96900,241633.000,1
Tablet,75000,91078.000,1
Desktop,84500,111742.000,1
Mobile,84400,53358.000,1
Desktop,303900,305861.000,1
Desktop,100400,130528.000,1
Desktop,183300,768870.000,1
Desktop,144000,672828.000,1
Desktop,102500,77678.000,1
Mobile,134800,29880.000,1
Desktop,110700,109581.000,1
Tablet,274900,73750.000,1
Desktop,317300,382037.000,1
Mobile,96900,143323.000,1
,9200,11268.000,1
Desktop,134200,115605.000,1
Desktop,126100,169287.000,1
Tablet,83300,67337.000,1
,5600,7315.000,1
Desktop,259800,265495.000,1
Tablet,222500,223804.000,1
Tablet,85900,78840.000,1
Desktop,267000,336518.000,1
Tablet,72200,93793.000,1
Desktop,324200,3251858.000,1
Desktop,100000,102156.000,1
Tablet,67400,114434.000,1
Tablet,102300,77599.000,1
Mobile,87100,120714.000,1
Mobile,76300,93244.000,1
Desktop,143200,229470.000,1
Desktop,118500,9381.000,1
Mobile,105500,110253.000,1
Tablet,150500,1982731.000,1
Mobile,161300,76622.000,1
Desktop,127300,139040.000,1
Desktop,330700,333525.000,1
,7200,11473.000,1
Tablet,73600,79742.000,1
Desktop,105600,105500.000,1
Desktop,132800,168627.000,1
Desktop,98500,99605.000,1
Tablet,187500,76600.000,1
Mobile,310900,335441.000,1
Desktop,163000,160185.000,1
Desktop,124700,125186.000,1
Desktop,188100,288795.000,1
Tablet,120700,65994.000,1
Desktop,204400,337537.000,1
Tablet,79300,42395.000,1
Tablet,73900,56593.000,1
Desktop,155100,494446.000,1
Desktop,310800,1352910.000,1
Mobile,88600,33318.000,1
Mobile,99000,60576.000,1
Desktop,91000,93369.000,1
Desktop,169900,126758.000,1
Tablet,136300,40676.000,1
Mobile,100800,108584.000,1
Mobile,198000,257243.000,1
Mobile,292600,292258.000,1
Desktop,339300,993280.000,1
Desktop,127700,29043.000,1
Mobile,95900,103015.000,1
Mobile,153300,83482.000,1
Tablet,292400,296404.000,1
,19200,28020.000,1
Mobile,94300,88138.000,1
Tablet,47900,44346.000,1
Mobile,176500,167909.000,1
Mobile,108600,76307.000,1
Mobile,110800,119183.000,1
Mobile,223100,222637.000,1
Desktop,101000,103524.000,1
Mobile,187300,146994.000,1
Mobile,209600,127665.000,1
Tablet,104100,102839.000,1
Desktop,115300,200133.000,1
Desktop,121000,334625.000,1
Mobile,183100,86097.000,1
Desktop,128600,130969.000,1
Desktop,278200,285497.000,1
Desktop,128700,459217.000,1
Mobile,122800,57151.000,1
Mobile,99900,60304.000,1
Mobile,183400,142480.000,1
Mobile,78700,67555.000,1
Desktop,187400,77779.000,1
Mobile,120900,95438.000,1
Desktop,118900,85903.000,1
Tablet,119700,10268.000,1
Desktop,194900,51708.000,1
Mobile,167900,155334.000,1
Desktop,103000,668824.000,1
Mobile,510700,1918972.000,1
Mobile,264800,286030.000,1
Mobile,68300,71590.000,1
Mobile,79900,58514.000,1
Mobile,78300,7652.000,1
Mobile,163900,114733.000,1
Mobile,175300,42127.000,1
Mobile,115400,119542.000,1
Tablet,153900,163891.000,1
Mobile,198800,199708.000,1
Mobile,158700,129265.000,1
Desktop,114600,114710.000,1
Mobile,245800,21053.000,1
Desktop,196400,202582.000,1
Mobile,232700,231294.000,1
Mobile,86000,117690.000,1
Desktop,155800,123300.000,1
Desktop,228100,229161.000,1
Desktop,162800,498433.000,1
Mobile,197900,105766.000,1
Mobile,156500,166440.000,1
Mobile,493500,456686.000,1
Mobile,225300,231256.000,1
Mobile,255600,238794.000,1
Desktop,102900,153523.000,1
Mobile,135200,267263.000,1
Mobile,119300,133031.000,1
Tablet,60900,45724.000,1
Desktop,353700,369690.000,1
Tablet,63100,65395.000,1
Desktop,319100,333996.000,1
Mobile,104400,128560.000,1
Desktop,113800,358609.000,1
Mobile,135800,67754.000,1
Tablet,67500,92049.000,1
Desktop,71400,84361.000,1
Mobile,105600,93919.000,1
Mobile,81300,139349.000,1
Mobile,112800,75932.000,1
Desktop,96700,100752.000,1
Mobile,103800,111412.000,1
Mobile,82500,4198162.000,1
Mobile,171700,72243.000,1
Tablet,83500,26428.000,1
Mobile,1489413308600,111550.000,1
Desktop,92900,3672967.000,1
Mobile,275200,278023.000,1
Mobile,320900,344924.000,1
Mobile,76700,21669.000,1
Mobile,164000,112048.000,1
Tablet,53200,66699.000,1
Desktop,120600,121295.000,1
Desktop,103200,118558.000,1
Mobile,114000,113798.000,1
Mobile,198500,283939.000,1
Desktop,146900,167476.000,1
,5400,13688.000,1
Tablet,99600,152050.000,1
Mobile,342500,344215.000,1
Mobile,173200,147504.000,1
Tablet,57300,11364.000,1
Tablet,56000,73395.000,1
Desktop,186200,186266.000,1
Tablet,78000,79361.000,1
Mobile,229200,7258516.000,1
Desktop,172800,346490.000,1
Mobile,130700,130921.000,1
Mobile,113400,64475.000,1
Tablet,32400,39430.000,1
Mobile,165100,143671.000,1
Desktop,108300,136724.000,1
Desktop,109800,104596.000,1
Tablet,37000,36169.000,1
Tablet,53400,59771.000,1
Mobile,163500,166131.000,1
Mobile,118500,122855.000,1
Tablet,66600,65586.000,1
Mobile,230900,231362.000,1
Mobile,77900,61648.000,1
Desktop,143000,119557.000,1
Mobile,330100,331290.000,1
Desktop,93000,104341.000,1
Tablet,64100,83684.000,1
Mobile,156600,157146.000,1
Desktop,134000,127628.000,1
Mobile,139400,196467.000,1
,4700,7585.000,1
Desktop,114900,105675.000,1
Tablet,322000,217959.000,1
Desktop,79300,414919.000,1
Mobile,95000,104349.000,1
Mobile,102100,108666.000,1
Mobile,204900,203871.000,1
Desktop,1591200,1591694.000,1
Desktop,168900,15426.000,1
Mobile,78000,54503.000,1
Desktop,109700,133869.000,1
Desktop,173700,173680.000,1
Desktop,157400,77448.000,1
Mobile,166800,8928.000,1
Desktop,112400,112526.000,1
Mobile,136400,72498.000,1
Desktop,81800,86093.000,1
Desktop,216400,333167.000,1
Mobile,80600,76674.000,1
Mobile,110200,152939.000,1
Mobile,1229200,1230339.000,1
Mobile,98100,9313.000,1
Desktop,251900,579046.000,1
Desktop,83800,25161.000,1
Tablet,89900,27871.000,1
Desktop,301900,306040.000,1
Desktop,119400,127902.000,1
Tablet,210400,198087.000,1
Desktop,367900,26712.000,1
Mobile,102700,77220.000,1
Tablet,45100,54137.000,1
Desktop,167000,116614.000,1
,6800,8636.000,1
Desktop,191600,1993555.000,1
Mobile,97000,55258.000,1
Mobile,143200,143562.000,1
Tablet,59100,51156.000,1
Mobile,104800,35961.000,1
Mobile,137800,147675.000,1
Mobile,126600,131192.000,1
Tablet,143400,129860.000,1
Desktop,570500,573466.000,1
Desktop,201400,425251.000,1
Desktop,120000,120401.000,1
Desktop,78500,99619.000,1
Desktop,91100,97181.000,1
Mobile,189600,211598.000,1
Tablet,64700,92969.000,1
Mobile,152000,115054.000,1
Mobile,337300,337063.000,1
Tablet,41000,27591.000,1
Desktop,95600,94277.000,1
,18400,24330.000,1
Desktop,177500,183080.000,1
Desktop,224100,218768.000,1
Mobile,154000,154804.000,1
Mobile,157800,197431.000,1
Mobile,132900,131509.000,1
Desktop,234100,114029.000,1
Mobile,112100,113740.000,1
Mobile,154400,340276.000,1
Mobile,242300,203846.000,1
Desktop,117800,125354.000,1
Mobile,251500,51456.000,1
Mobile,191700,237915.000,1
Tablet,106200,71931.000,1
Tablet,61800,84314.000,1
Tablet,161900,58328.000,1
Mobile,115800,186382.000,1
Mobile,263800,218244.000,1
Tablet,72100,34915.000,1
Mobile,185800,190034.000,1
Desktop,128900,128704.000,1
Mobile,64200,57249.000,1
Mobile,270900,308044.000,1
Desktop,173300,68269.000,1
Mobile,127600,98328.000,1
Tablet,38800,28134.000,1
Tablet,75400,83530.000,1
Desktop,494800,126160.000,1
Mobile,219800,173978.000,1
Mobile,269400,212140.000,1
Mobile,110300,141024.000,1
Tablet,38200,36316.000,1
Desktop,98300,334726.000,1
Desktop,207800,208619.000,1
Desktop,305500,12041.000,1
Mobile,172500,700905.000,1
Mobile,138800,141486.000,1
Mobile,537800,538182.000,1
Mobile,96500,116434.000,1
Desktop,352700,351957.000,1
Mobile,521300,519585.000,1
Mobile,99500,70395.000,1
Mobile,75000,24089.000,1
Mobile,213100,137259.000,1
Mobile,314100,301182.000,1
Desktop,265900,276560.000,1
Tablet,101000,30098.000,1
Desktop,190500,189249.000,1
Desktop,302700,344273.000,1
Desktop,107800,107086.000,1
Tablet,59500,6130.000,1
Desktop,645200,1432638.000,1
Mobile,244800,251394.000,1
Desktop,104500,58981.000,1
Mobile,65800,72010.000,1
Mobile,200600,198275.000,1
Tablet,51200,8711.000,1
Tablet,41500,42167.000,1
Mobile,173800,172002.000,1
Desktop,147000,205917.000,1
Desktop,321400,360083.000,1
Desktop,159200,148573.000,1
Desktop,196000,344066.000,1
Mobile,106400,104622.000,1
Desktop,146200,148091.000,1
Desktop,246100,337814.000,1
Desktop,220900,242882.000,1
Mobile,200300,80609.000,1
Desktop,75000,79818.000,1
Tablet,64800,129968.000,1
Tablet,60600,27203.000,1
Desktop,286400,356602.000,1
Desktop,78300,86251.000,1
Mobile,89900,342651.000,1
Mobile,125200,126882.000,1
Desktop,97100,95229.000,1
Tablet,97100,126659.000,1
Mobile,135400,139702.000,1
Mobile,105700,108869.000,1
,6400,10171.000,1
Desktop,155600,161612.000,1
Tablet,70400,95514.000,1
Desktop,95100,135199.000,1
,6900,12285.000,1
Mobile,206800,75975.000,1
Tablet,69200,70322.000,1
Tablet,76200,74273.000,1
Desktop,297400,348983.000,1
Desktop,150200,445157.000,1
Mobile,96600,81501.000,1
Desktop,185000,215654.000,1
Mobile,212100,214355.000,1
Tablet,92800,123617.000,1
Mobile,82200,32953.000,1
Desktop,153300,169214.000,1
Desktop,116900,43936.000,1
Desktop,133400,140353.000,1
Desktop,91600,71927.000,1
Mobile,94900,95255.000,1
Desktop,179700,193867.000,1
Tablet,127700,129912.000,1
Mobile,185200,192242.000,1
Mobile,121400,112860.000,1
Mobile,165900,86932.000,1
Desktop,68400,70227.000,1
,11700,13038.000,1
Mobile,409900,396227.000,1
Tablet,94200,98965.000,1
Tablet,51300,59769.000,1
Mobile,101800,54525.000,1
Mobile,121300,11866.000,1
Tablet,51500,45921.000,1
Mobile,115100,87522.000,1
Tablet,60500,62165.000,1
Desktop,112700,111256.000,1
Desktop,106900,72776.000,1
Mobile,94000,91256.000,1
Mobile,130500,95030.000,1
Desktop,194100,195799.000,1
Tablet,37200,34590.000,1
Desktop,106800,134236.000,1
Mobile,128700,70821.000,1
Mobile,119200,58504.000,1
Mobile,95400,101106.000,1
Desktop,212400,145578.000,1
Mobile,208000,236092.000,1
Tablet,50800,55055.000,1
Desktop,101900,410846.000,1
Mobile,147400,350313.000,1
Mobile,95100,90752.000,1
Desktop,203900,204701.000,1
Mobile,142500,131286.000,1
,5100,5084.000,1
Tablet,93500,70191.000,1
Desktop,198500,225333.000,1
Mobile,178800,123319.000,1
,122900,128333.000,1
Mobile,94600,127704.000,1
Tablet,55300,58955.000,1
Mobile,103900,115755.000,1
Mobile,134700,94486.000,1
Mobile,153900,163732.000,1
Mobile,286800,285937.000,1
Desktop,370800,387646.000,1
Mobile,245500,486425.000,1
Mobile,314800,291748.000,1
Mobile,177200,153145.000,1
Desktop,210000,49720.000,1
Mobile,90800,101827.000,1
,6300,9467.000,1
Desktop,123300,124420.000,1
Mobile,140200,271749.000,1
Desktop,91400,109502.000,1
Desktop,89600,372587.000,1
Tablet,59000,9589224.000,1
Desktop,97400,91254.000,1
Mobile,553500,17217.000,1
Desktop,124500,15292.000,1
Desktop,221200,232264.000,1
Tablet,157600,111313.000,1
Desktop,187600,143273.000,1
Mobile,172700,232267.000,1
Mobile,210600,202616.000,1
Desktop,287100,351790.000,1
Tablet,395800,282280.000,1
Mobile,101700,125975.000,1
Desktop,160100,199767.000,1
Mobile,150700,157944.000,1
Mobile,86700,12685.000,1
Mobile,112700,113590.000,1
Mobile,116800,103796.000,1
Desktop,226100,229808.000,1
Mobile,211700,99518.000,1
Mobile,278200,363829.000,1
Mobile,209000,208145.000,1
Desktop,110900,113197.000,1
Desktop,108600,133564.000,1
Desktop,109100,61523.000,1
Tablet,54700,1386296.000,1
Mobile,176800,148776.000,1
,10600,15308.000,1
Mobile,191800,143669.000,1
Mobile,274300,274552.000,1
Mobile,81800,82352.000,1
Mobile,121900,71704.000,1
Desktop,237400,331861.000,1
Mobile,210500,214220.000,1
Desktop,99300,742968.000,1
,14500,13341.000,1
Desktop,217000,190809.000,1
Mobile,141800,351299.000,1
Tablet,60300,60465.000,1
Mobile,151500,163950.000,1
Desktop,174100,146760.000,1
Mobile,92500,93665.000,1
Mobile,79100,83704.000,1
Desktop,79700,79910.000,1
Mobile,138200,119080.000,1
Tablet,53000,73211.000,1
Mobile,116200,120585.000,1
Mobile,85800,113023.000,1
Desktop,233400,341212.000,1
Mobile,108200,65202.000,1
Mobile,159800,219106.000,1
Mobile,135500,79107.000,1
Mobile,125500,129604.000,1
Mobile,123300,125432.000,1
Desktop,417400,1323782.000,1
Desktop,70100,69734.000,1
Mobile,100200,102394.000,1
Mobile,323600,326924.000,1
Tablet,29800,30991.000,1
Desktop,111300,98591.000,1
Desktop,88700,82956.000,1
Mobile,101400,112922.000,1
Tablet,67100,93704.000,1
Desktop,108800,116044.000,1
,12000,15717.000,1
Mobile,99100,64048.000,1
Desktop,146400,67519.000,1
Mobile,218500,183093.000,1
Tablet,96500,123285.000,1
Mobile,167000,167842.000,1
Mobile,198100,260529.000,1
Mobile,74200,388082.000,1
Desktop,225500,1990894.000,1
Desktop,514300,518758.000,1
Desktop,189000,178845.000,1
Tablet,74600,54293.000,1
Desktop,223900,262751.000,1
Tablet,51100,52291.000,1
Desktop,154400,204570.000,1
Mobile,113000,154277.000,1
Desktop,225100,226953.000,1
Desktop,129500,184715.000,1
Mobile,105200,107435.000,1
Desktop,180700,165542.000,1
Tablet,62400,69141.000,1
Desktop,199200,173433.000,1
Desktop,86000,87887.000,1
Mobile,77800,36525.000,1
Desktop,240300,158108.000,1
Mobile,93000,102571.000,1
Mobile,143300,142797.000,1
Mobile,411100,427907.000,1
Desktop,163900,339545.000,1
Mobile,101000,106785.000,1
Mobile,290600,300827.000,1
Desktop,4352400,4355966.000,1
Mobile,163200,92918.000,1
Desktop,90400,333164.000,1
Mobile,81600,37179.000,1
Desktop,108400,144299.000,1
Desktop,198000,340145.000,1
Tablet,63800,68292.000,1
Desktop,115700,335453.000,1
Desktop,254100,342926.000,1
Tablet,80000,52900.000,1
Mobile,88700,89951.000,1
Tablet,36400,40661.000,1
Desktop,86500,87181.000,1
Desktop,118600,118646.000,1
Mobile,1488460526300,1373.000,1
Desktop,102800,101353.000,1
,6000,7753.000,1
Tablet,67200,72833.000,1
Mobile,116000,122594.000,1
Desktop,91500,128361.000,1
Desktop,107700,124439.000,1
Desktop,125300,133582.000,1
Desktop,115200,181469.000,1
Tablet,191900,787884.000,1
Mobile,212300,212908.000,1
Mobile,77600,191472.000,1
Desktop,95500,91702.000,1
Tablet,54300,7859.000,1
Desktop,131800,414374.000,1
Desktop,90500,82943.000,1
Mobile,75100,74112.000,1
Mobile,90100,189527.000,1
Desktop,188000,196934.000,1
Mobile,331800,332007.000,1
Mobile,111500,7553731.000,1
Desktop,139400,151936.000,1
Desktop,106300,106599.000,1
Tablet,43800,349769.000,1
Mobile,112200,110984.000,1
Mobile,102500,103061.000,1
Mobile,132800,82192.000,1
,16700,20705.000,1
Tablet,331500,333088.000,1
Mobile,121000,125949.000,1
Mobile,167200,127745.000,1
Desktop,153100,335933.000,1
Mobile,242200,79733.000,1
Mobile,124000,93531.000,1
Desktop,216300,217250.000,1
Mobile,82700,114298.000,1
Mobile,135600,140821.000,1
Mobile,320300,191578.000,1
Tablet,56200,47792.000,1
Mobile,114300,118049.000,1
Desktop,201600,284624.000,1
Mobile,189300,99726.000,1
Mobile,138100,98692.000,1
Tablet,52300,61678.000,1
Mobile,133300,151265.000,1
Desktop,219200,528964.000,1
Desktop,115400,230774.000,1
Mobile,97300,19126.000,1
Desktop,173000,177145.000,1
Mobile,954800,35032.000,1
Mobile,107600,107709.000,1
Desktop,85500,98230.000,1
Desktop,228600,171828.000,1
Desktop,174800,152116.000,1
Mobile,117600,129447.000,1
Mobile,200000,334669.000,1
,9300,13401.000,1
Mobile,151000,122436.000,1
Mobile,103100,110428.000,1
Desktop,82600,81504.000,1
Desktop,84900,85478.000,1
,9100,14414.000,1
Desktop,176700,158488.000,1
Mobile,88400,94764.000,1
Mobile,194800,60319.000,1
Desktop,116600,141671.000,1
Mobile,91900,101166.000,1
,3400,5824.000,1
Desktop,214100,9007.000,1
Mobile,106300,203234.000,1
Tablet,39900,19881.000,1
Mobile,163000,177785.000,1
Desktop,184900,156731.000,1
Tablet,76000,52924.000,1
Mobile,154300,89155.000,1
Mobile,83600,89735.000,1
Desktop,190300,190549.000,1
Desktop,74900,76467.000,1
Mobile,178300,127957.000,1
Mobile,249400,255769.000,1
Tablet,43100,48382.000,1
Mobile,103500,78929.000,1
Desktop,95300,98092.000,1
Desktop,125200,125306.000,1
Mobile,90900,39194.000,1
Mobile,142700,144421.000,1
Desktop,174500,152709.000,1
Mobile,86900,22053.000,1
Mobile,247100,251289.000,1
Desktop,328700,332298.000,1
Desktop,166200,335036.000,1
Mobile,128800,132863.000,1
Tablet,357700,356443.000,1
Desktop,145600,58147.000,1
Desktop,158600,157562.000,1
Desktop,121100,124051.000,1
Tablet,89500,107304.000,1
Mobile,131300,131863.000,1
Desktop,112000,153526.000,1
Tablet,35100,27186.000,1
Mobile,217300,35046.000,1
Desktop,163100,140348.000,1
Desktop,561200,590323.000,1
Mobile,107700,68287.000,1
Desktop,161000,173964.000,1
Desktop,137600,51295.000,1
Mobile,365700,400253.000,1
Mobile,181200,41758.000,1
Desktop,194500,147173.000,1
Mobile,2599900,3233842.000,1
Desktop,240000,1665435.000,1
Desktop,88200,175593.000,1
Mobile,105300,82548.000,1
Mobile,79700,73174.000,1
Desktop,129100,127062.000,1
Mobile,73600,10394.000,1
Desktop,89000,101961.000,1
Mobile,122200,147504.000,1
Desktop,284200,345360.000,1
Mobile,117900,33836.000,1
Mobile,195700,150360.000,1
Tablet,66500,89868.000,1
Mobile,95300,96165.000,1
Mobile,173000,101959.000,1
Tablet,55200,61530.000,1
Desktop,340800,673248.000,1
Mobile,126100,119159.000,1
Desktop,127800,128366.000,1
Mobile,179300,1778727.000,1
Desktop,2970800,2967991.000,1
Tablet,56600,381258.000,1
Mobile,304800,132207.000,1
Desktop,113400,115304.000,1
Tablet,49700,41707.000,1
Tablet,147600,148748.000,1
Mobile,96200,124256.000,1
Desktop,146300,149862.000,1
Desktop,152100,206445.000,1
,9500,13338.000,1
Desktop,102000,107633.000,1
Desktop,99500,104085.000,1
Desktop,134600,28544.000,1
Tablet,34900,36138.000,1
Tablet,96600,84808.000,1
Desktop,159400,335155.000,1
Desktop,193100,189391.000,1
Tablet,138300,147780.000,1
Mobile,468800,469317.000,1
,15700,4743.000,1
Mobile,106800,68252.000,1
Desktop,154300,156291.000,1
Desktop,123200,235421.000,1
Mobile,297800,300992.000,1
Desktop,69200,70507.000,1
Mobile,205100,237772.000,1
Mobile,997900,998675.000,1
Tablet,49200,49924.000,1
Mobile,89600,94170.000,1
Desktop,148900,25700.000,1
Desktop,125400,309390.000,1
Tablet,81000,92167.000,1
Desktop,159000,42894.000,1
Mobile,184400,814203.000,1
Mobile,162800,86779.000,1
Mobile,83300,76398.000,1
Desktop,57500,59568.000,1
Mobile,105800,26729.000,1
Desktop,103600,90732.000,1
Desktop,111700,125733.000,1
Mobile,191200,33937.000,1
Tablet,69000,76889.000,1
Tablet,67700,70628.000,1
Tablet,84400,73788.000,1
Tablet,53800,53766.000,1
Desktop,131500,124218.000,1
Tablet,106300,121152.000,1
Mobile,132100,141600.000,1
Tablet,64000,61080.000,1
Mobile,121200,134758.000,1
Mobile,87200,89018.000,1
Mobile,146700,144289.000,1
Tablet,424900,426400.000,1
Mobile,274200,350185.000,1
Desktop,109200,139951.000,1
Mobile,206900,207216.000,1
Mobile,240300,240103.000,1
Desktop,200800,2155069.000,1
Desktop,163700,154476.000,1
Desktop,151600,116703.000,1
Mobile,222300,224449.000,1
Mobile,495300,499741.000,1
Desktop,188300,172293.000,1
Desktop,313000,201870.000,1
Desktop,327800,333160.000,1
Mobile,147300,34878.000,1
Desktop,116500,2703283.000,1
Mobile,89300,111209.000,1
Mobile,107500,119976.000,1
Desktop,130500,147359.000,1
Mobile,288400,105003.000,1
Desktop,246500,246963.000,1
Tablet,96900,64154.000,1
Desktop,102100,103817.000,1
Desktop,339800,340306.000,1
Mobile,98600,48816.000,1
Tablet,52700,62045.000,1
Desktop,106100,109186.000,1
Mobile,190200,199954.000,1
Mobile,120600,124304.000,1
Mobile,191600,75476.000,1
Mobile,216800,81986.000,1
Desktop,104400,137114.000,1
Mobile,311100,339670.000,1
Mobile,130900,132354.000,1
Mobile,167600,102807.000,1
Desktop,251300,342022.000,1
Desktop,142700,94780.000,1
Mobile,294700,294940.000,1
Tablet,53100,44446.000,1
Desktop,77100,87337.000,1
Desktop,298100,338934.000,1
Tablet,78700,87851.000,1
Desktop,93200,59772.000,1
Tablet,57200,78308.000,1
Mobile,87400,92398.000,1
Desktop,149700,368541.000,1
Tablet,37600,38078.000,1
Desktop,144600,42788.000,1
Tablet,43700,29741.000,1
Desktop,336600,345030.000,1
Mobile,161800,167656.000,1
Mobile,174900,41375.000,1
Mobile,236600,237567.000,1
Mobile,130400,95727.000,1
Desktop,222400,225285.000,1
Mobile,171300,172165.000,1
Mobile,56400,68959.000,1
Mobile,135700,175256.000,1
Mobile,81500,76984.000,1
Desktop,80500,74605.000,1
Desktop,139500,139990.000,1
Mobile,148800,89082.000,1
Desktop,122300,123675.000,1
Mobile,160700,146664.000,1
Desktop,99100,111535.000,1
Mobile,62700,67885.000,1
Desktop,95900,102260.000,1
Mobile,435500,436509.000,1
Desktop,127400,106975.000,1
Tablet,94000,79178.000,1
Tablet,61300,63072.000,1
Desktop,130300,127279.000,1
Desktop,164600,169023.000,1
Desktop,211700,338037.000,1
Desktop,191900,672265.000,1
Desktop,100900,82150.000,1
Desktop,74400,373173.000,1
Mobile,68900,103637.000,1
Mobile,108000,81464.000,1
Desktop,125100,224127.000,1
Mobile,150000,225161.000,1
Mobile,92100,159064.000,1
Mobile,162700,167165.000,1
Tablet,86600,53991.000,1
Desktop,184300,345705.000,1
Desktop,196700,388180.000,1
Desktop,134700,135175.000,1
Desktop,63700,77129.000,1
Desktop,166400,140964.000,1
Mobile,93800,94377.000,1
Desktop,453200,453271.000,1
Tablet,76800,49990.000,1
Desktop,219800,230130.000,1
Mobile,59600,85817.000,1
Tablet,46100,48901.000,1
Tablet,134400,40278.000,1
Tablet,75300,81821.000,1
Desktop,97600,118095.000,1
Desktop,111600,136371.000,1
Mobile,156700,11825.000,1
Desktop,179100,205972.000,1
Desktop,133100,135633.000,1
Desktop,93900,90636.000,1
Tablet,82600,82411.000,1
Desktop,158500,148766.000,1
Mobile,57700,106967.000,1
Mobile,135900,129192.000,1
Mobile,192800,87396.000,1
Mobile,149300,167546.000,1
,9000,11480.000,1
Desktop,83700,69328.000,1
Mobile,95700,110801.000,1
Mobile,194300,123266.000,1
Desktop,97800,124451.000,1
Desktop,175400,189579.000,1
Mobile,66100,70568.000,1
Desktop,241800,248168.000,1
Mobile,147000,192402.000,1
Tablet,90000,91465.000,1
Desktop,121800,167869.000,1
Desktop,109000,344709.000,1
Mobile,74000,96291.000,1
Desktop,111100,130363.000,1
Mobile,153400,126437.000,1
Mobile,146500,148029.000,1
Mobile,196800,200475.000,1
Mobile,92600,32206.000,1
Mobile,205600,253636.000,1
Tablet,122000,131820.000,1
Tablet,103300,105945.000,1
Desktop,78200,80920.000,1
Mobile,421600,436396.000,1
Mobile,154200,72447.000,1
Mobile,119100,113019.000,1
Desktop,95400,97872.000,1
Tablet,59600,333678.000,1
Desktop,209000,246439.000,1
Desktop,249600,771725.000,1
Tablet,52800,82265.000,1
Tablet,134600,138343.000,1
Desktop,502200,513051.000,1
Mobile,204500,187299.000,1
Tablet,49600,46992.000,1
Mobile,159700,128399.000,1
Desktop,148200,310362.000,1
Mobile,85700,82124.000,1
Desktop,104300,114140.000,1
Desktop,194000,133994.000,1
Tablet,98600,90603.000,1
Mobile,341600,340717.000,1
Mobile,99300,111446.000,1
Mobile,96100,86266.000,1
Desktop,120700,124807.000,1
Tablet,57400,11088.000,1
Mobile,83000,139096.000,1
Desktop,268300,277725.000,1
Mobile,190500,141374.000,1
Mobile,482700,1055075.000,1
Mobile,91600,94357.000,1
Mobile,300300,316042.000,1
Desktop,275800,85001.000,1
Desktop,379000,391260.000,1
Mobile,106900,111827.000,1
Mobile,216300,235743.000,1
Desktop,80900,76377.000,1
Mobile,1479322700400,6947.000,1
Mobile,123900,123734.000,1
Mobile,94700,105983.000,1
Desktop,202900,230727.000,1
Desktop,98400,101914.000,1
Desktop,85200,80237.000,1
Desktop,122000,148940.000,1
Mobile,177700,205224.000,1
Mobile,108300,104343.000,1
Tablet,49300,58280.000,1
Mobile,160500,111736.000,1
Tablet,68300,64654.000,1
Desktop,179000,791165.000,1
Mobile,132700,83089.000,1
Mobile,208400,208503.000,1
Mobile,73700,28608.000,1
Desktop,556100,555557.000,1
Tablet,45200,27608.000,1
Desktop,126600,150760.000,1
Desktop,87700,378759.000,1
Mobile,110100,110858.000,1
Desktop,220400,218580.000,1
Tablet,168700,141385.000,1
Mobile,118400,118880.000,1
Desktop,85000,28982.000,1
,4900,7952.000,1
Mobile,88200,91168.000,1
Tablet,58500,62214.000,1
Tablet,77800,336847.000,1
Desktop,522200,522655.000,1
Desktop,279800,314284.000,1
Mobile,116300,119606.000,1
Mobile,569100,570981.000,1
Desktop,138000,3007118.000,1
Desktop,111900,107558.000,1
Desktop,162100,2150390.000,1
Tablet,105200,112247.000,1
Tablet,54500,57143.000,1
Desktop,154200,239270.000,1
Mobile,91300,99229.000,1
Mobile,166600,332546.000,1
Desktop,194400,337102.000,1
Mobile,137900,189324.000,1
Mobile,124600,131356.000,1
Desktop,137400,85212.000,1
Tablet,101800,24266.000,1
Desktop,79600,95808.000,1
Mobile,164700,166029.000,1
Mobile,146800,147934.000,1
Desktop,93400,53488.000,1
Mobile,82300,139486.000,1
Desktop,96600,95828.000,1
Desktop,143700,289414.000,1
Desktop,87300,103760.000,1
Desktop,125800,113698.000,1
Desktop,209700,396196.000,1
Mobile,113700,84185.000,1
Mobile,232800,246549.000,1
Tablet,73100,66394.000,1
Mobile,298800,34481.000,1
Mobile,89500,105286.000,1
Tablet,84500,48093.000,1
Desktop,66800,76719.000,1
Desktop,191500,190449.000,1
Desktop,125600,160623.000,1
,23600,30804.000,1
Mobile,100700,129027.000,1
,6600,14464.000,1
Tablet,97500,105063.000,1
Mobile,133200,134806.000,1
Desktop,120100,124701.000,1
Mobile,104700,41070.000,1
,5800,12118.000,1
Desktop,154800,178004.000,1
Tablet,117100,93427.000,1
Desktop,300800,669974.000,1
Tablet,40000,40656.000,1
Tablet,46300,46817.000,1
Desktop,148600,151274.000,1
Desktop,171700,125327.000,1
Desktop,123400,133092.000,1
Mobile,261700,7359.000,1
Tablet,58800,63457.000,1
Tablet,100600,87500.000,1
Mobile,103400,95892.000,1
Tablet,61700,55101.000,1
Desktop,102600,5313.000,1
Desktop,56100,59898.000,1
Tablet,473800,474954.000,1
Mobile,74100,89957.000,1
Tablet,64300,75266.000,1
Mobile,134000,143277.000,1
Desktop,171600,334453.000,1
Desktop,128200,67360.000,1
Mobile,125800,87866.000,1
Tablet,51600,35933.000,1
Mobile,101100,165511.000,1
Desktop,82100,71688.000,1
Mobile,121800,167025.000,1
Mobile,93100,103961.000,1
Desktop,80400,93254.000,1
Desktop,164800,178480.000,1
Mobile,141900,1831521.000,1
Mobile,100900,89867.000,1
Desktop,86900,99409.000,1
Mobile,159900,150855.000,1
Mobile,109800,59521.000,1
Mobile,182900,154085.000,1
Tablet,91500,94116.000,1
Tablet,65900,55687.000,1
,10400,23624.000,1
Mobile,257600,260075.000,1
Desktop,73100,124745.000,1
Mobile,169600,153139.000,1
Desktop,136400,136991.000,1
Mobile,189200,271715.000,1
Tablet,72700,82774.000,1
Desktop,105800,103873.000,1