DEVICETYPENAME,TTFB,TTI,FREQ
Mobile,0,2181.000,27353071
Desktop,10,2167.000,23200143
Desktop,0,2281.000,17694677
Mobile,20,3193.000,15867705
Mobile,10,2580.000,11593068
Mobile,180,2176.000,11310002
Mobile,170,2137.000,11262655
Mobile,190,2222.000,11176462
Mobile,160,2106.000,11174303
Mobile,200,2269.000,11125997
Mobile,150,2073.000,11026681
Mobile,210,2324.000,10977168
Mobile,220,2377.000,10820114
Mobile,30,3514.000,10773103
Mobile,140,2053.000,10708485
Mobile,230,2443.000,10603293
Mobile,130,2033.000,10467433
Mobile,240,2506.000,10318601
Mobile,120,2015.000,10098997
Mobile,250,2571.000,10086591
Mobile,260,2617.000,9908735
Mobile,110,1983.000,9813353
Mobile,270,2679.000,9633465
Mobile,280,2738.000,9378330
Mobile,100,2017.000,9191220
Mobile,290,2784.000,9140105
Mobile,300,2821.000,8990657
Mobile,310,2855.000,8814942
Mobile,90,2025.000,8730372
Mobile,320,2883.000,8686054
Mobile,330,2908.000,8578683
Mobile,340,2932.000,8446833
Mobile,350,2959.000,8376365
Mobile,80,2076.000,8286866
Mobile,360,2988.000,8254847
Mobile,370,3014.000,8168631
Mobile,380,3046.000,8078881
Mobile,390,3076.000,7924344
Desktop,20,2755.000,7845788
Mobile,400,3106.000,7837170
Desktop,130,1746.000,7770223
Desktop,140,1826.000,7740272
Desktop,120,1687.000,7728603
Mobile,410,3135.000,7717119
Desktop,150,1912.000,7663336
Mobile,40,3350.000,7662750
Desktop,110,1636.000,7623080
Mobile,420,3161.000,7604026
Desktop,160,1997.000,7603043
Mobile,70,2239.000,7575048
Desktop,100,1587.000,7539716
Desktop,170,2076.000,7535339
Desktop,90,1547.000,7502894
Mobile,430,3187.000,7500253
Desktop,180,2138.000,7462663
Desktop,80,1559.000,7421385
Mobile,440,3220.000,7368188
Desktop,190,2212.000,7348943
Mobile,450,3243.000,7295338
Desktop,200,2259.000,7235622
Mobile,460,3266.000,7188181
Desktop,210,2295.000,7111331
Mobile,470,3291.000,7103979
Desktop,70,1677.000,7037784
Desktop,220,2334.000,7028769
Mobile,480,3319.000,7017863
Desktop,230,2382.000,6919352
Mobile,60,2535.000,6911662
Mobile,490,3349.000,6901303
Mobile,500,3383.000,6835534
Desktop,240,2407.000,6827979
Mobile,510,3401.000,6777780
Mobile,50,2922.000,6767281
Desktop,250,2435.000,6745378
Mobile,520,3422.000,6693790
Desktop,260,2460.000,6675413
Desktop,270,2480.000,6624673
Mobile,530,3451.000,6589054
Desktop,60,1863.000,6548121
Desktop,280,2515.000,6523860
Mobile,540,3479.000,6463485
Desktop,290,2540.000,6433963
Mobile,550,3501.000,6385751
Desktop,300,2570.000,6372965
Desktop,310,2591.000,6292718
Desktop,50,1976.000,6292522
Mobile,560,3528.000,6270421
Desktop,320,2630.000,6217207
Mobile,570,3549.000,6170406
Desktop,330,2664.000,6150981
Desktop,40,2110.000,6088776
Desktop,340,2690.000,6076706
Mobile,580,3577.000,6075082
Desktop,30,2388.000,6032156
Desktop,350,2716.000,5987261
Mobile,590,3607.000,5945330
Desktop,360,2749.000,5903877
Mobile,600,3634.000,5848431
Desktop,370,2766.000,5841449
Desktop,380,2777.000,5812002
Desktop,390,2795.000,5737777
Mobile,610,3664.000,5724363
Desktop,400,2810.000,5674179
Mobile,620,3686.000,5620297
Desktop,410,2822.000,5616905
Desktop,420,2844.000,5570862
Mobile,630,3715.000,5516748
Desktop,430,2857.000,5513370
Desktop,440,2871.000,5481712
Desktop,450,2897.000,5437373
Mobile,640,3743.000,5385574
Desktop,460,2926.000,5375836
Desktop,470,2954.000,5333052
Mobile,650,3766.000,5298592
Desktop,480,2969.000,5290629
Tablet,0,3340.000,5208705
Desktop,490,2986.000,5203976
Mobile,660,3794.000,5176892
Desktop,500,3014.000,5137087
Mobile,670,3819.000,5075756
Desktop,510,3050.000,5017220
Mobile,680,3848.000,4985509
Desktop,520,3076.000,4937330
Mobile,690,3877.000,4867945
Desktop,530,3092.000,4860857
Mobile,700,3905.000,4782442
Desktop,540,3110.000,4779229
Desktop,550,3121.000,4713120
Mobile,710,3935.000,4674026
Desktop,560,3134.000,4646361
Mobile,720,3965.000,4586549
Desktop,570,3142.000,4571305
Desktop,580,3156.000,4528458
Mobile,730,3987.000,4508102
Desktop,590,3160.000,4465809
Desktop,600,3165.000,4424306
Mobile,740,4020.000,4403993
Mobile,750,4043.000,4344760
Desktop,610,3192.000,4341955
Desktop,620,3204.000,4268928
Mobile,760,4069.000,4244786
Desktop,630,3217.000,4216976
Mobile,770,4090.000,4173816
Desktop,640,3232.000,4156018
Mobile,780,4111.000,4107086
Desktop,650,3250.000,4089838
Desktop,660,3263.000,4047328
Mobile,790,4141.000,4017076
Desktop,670,3285.000,3981773
Mobile,800,4167.000,3950960
Desktop,680,3305.000,3927401
Desktop,690,3317.000,3868922
Mobile,810,4198.000,3868090
Desktop,700,3337.000,3812637
Mobile,820,4217.000,3800008
Desktop,710,3354.000,3744586
Mobile,830,4242.000,3733912
Desktop,720,3376.000,3699306
Mobile,840,4264.000,3657482
Desktop,730,3394.000,3643776
Mobile,850,4284.000,3606237
Desktop,740,3410.000,3578772
Desktop,750,3441.000,3542962
Mobile,860,4309.000,3535926
Mobile,870,4335.000,3474698
Desktop,760,3458.000,3470994
Desktop,770,3474.000,3421062
Mobile,880,4353.000,3420273
Desktop,780,3498.000,3375269
Mobile,890,4372.000,3347734
Desktop,790,3520.000,3310748
Mobile,900,4401.000,3303576
Desktop,800,3533.000,3278282
Mobile,910,4428.000,3236925
Desktop,810,3562.000,3212819
Mobile,920,4451.000,3185964
Desktop,820,3579.000,3159458
Mobile,930,4464.000,3133382
Desktop,830,3603.000,3114427
Mobile,940,4492.000,3076219
Desktop,840,3628.000,3069640
Mobile,950,4510.000,3033473
Desktop,850,3647.000,3026410
Desktop,860,3677.000,2996247
Mobile,960,4537.000,2973567
Mobile,1030,4297.000,2965440
Desktop,870,3686.000,2955554
Mobile,970,4561.000,2916826
Desktop,880,3718.000,2916571
Mobile,1020,4426.000,2897768
Mobile,980,4580.000,2872764
Desktop,890,3714.000,2864908
Mobile,990,4602.000,2819220
Desktop,900,3721.000,2815724
Mobile,1000,4627.000,2771196
Desktop,910,3729.000,2763013
Mobile,1010,4651.000,2725963
Desktop,920,3747.000,2714305
Desktop,930,3756.000,2665562
Mobile,1040,4630.000,2655084
Desktop,940,3771.000,2629925
Mobile,1050,4669.000,2594027
Desktop,950,3785.000,2585214
Mobile,1060,4682.000,2551831
Desktop,960,3796.000,2540296
Desktop,970,3810.000,2503402
Mobile,1070,4731.000,2487080
Desktop,1010,3776.000,2482336
Desktop,980,3822.000,2466215
Mobile,1080,4751.000,2444619
Desktop,990,3836.000,2420204
Mobile,1090,4783.000,2392476
Desktop,1000,3844.000,2390946
Mobile,1100,4818.000,2344718
Desktop,1020,3862.000,2332552
Mobile,1110,4848.000,2296978
Desktop,1030,3904.000,2260219
Mobile,1120,4883.000,2252756
Desktop,1040,3925.000,2219093
Mobile,1130,4907.000,2211450
Desktop,1050,3938.000,2179872
Mobile,1140,4933.000,2174636
Desktop,1060,3950.000,2140718
Mobile,1150,4944.000,2137328
Desktop,1070,3968.000,2105779
Mobile,1160,4963.000,2105622
Mobile,1170,4961.000,2085667
Desktop,1080,3982.000,2074351
Mobile,1180,4985.000,2051275
Desktop,1090,3993.000,2035927
Mobile,1190,4994.000,2021553
Desktop,1100,4009.000,2009407
Mobile,1200,5002.000,1993348
Desktop,1110,4031.000,1972474
Mobile,1210,5016.000,1965437
Desktop,1120,4043.000,1941651
Mobile,1220,5030.000,1936378
Mobile,1230,5045.000,1909117
Desktop,1130,4058.000,1905706
Mobile,1240,5056.000,1881315
Desktop,1140,4075.000,1877205
Mobile,1250,5064.000,1856249
Desktop,1150,4095.000,1844178
Mobile,1260,5072.000,1829823
Desktop,1160,4111.000,1812438
Mobile,1270,5100.000,1797913
Desktop,1170,4101.000,1792410
Mobile,1280,5121.000,1767389
Desktop,1180,4135.000,1753869
Mobile,1290,5144.000,1730945
Desktop,1190,4146.000,1725424
Mobile,1300,5160.000,1713794
Desktop,1200,4158.000,1699819
Mobile,1310,5180.000,1682612
Desktop,1210,4174.000,1667532
Mobile,1320,5205.000,1650875
Desktop,1220,4201.000,1639646
Mobile,1330,5224.000,1624706
Desktop,1230,4220.000,1610149
Mobile,1340,5251.000,1597385
Desktop,1240,4240.000,1583407
Mobile,1350,5265.000,1577155
Desktop,1250,4279.000,1568121
Mobile,1360,5286.000,1550011
Desktop,1260,4288.000,1531211
Mobile,1370,5296.000,1528013
Desktop,1270,4298.000,1511857
Mobile,1380,5317.000,1506301
Desktop,1280,4333.000,1491853
Mobile,1390,5323.000,1482247
Desktop,1290,4371.000,1468835
Desktop,1300,4429.000,1464147
Mobile,1400,5338.000,1462815
Mobile,1410,5359.000,1438318
Desktop,1310,4409.000,1425850
Mobile,1420,5384.000,1413999
Desktop,1320,4433.000,1403412
Mobile,1430,5396.000,1394811
Mobile,1440,5407.000,1372853
Desktop,1330,4422.000,1370804
Mobile,1450,5430.000,1353220
Desktop,1340,4421.000,1343752
Mobile,1460,5440.000,1331194
Mobile,1470,5453.000,1315111
Desktop,1350,4439.000,1313628
Mobile,1480,5465.000,1297946
Desktop,1360,4449.000,1297458
Desktop,1370,4440.000,1279896
Mobile,1490,5480.000,1278970
Tablet,200,3336.000,1272191
Tablet,210,3426.000,1268936
Mobile,1500,5481.000,1262842
Tablet,180,3143.000,1260381
Tablet,220,3545.000,1256029
Desktop,1380,4464.000,1251579
Tablet,190,3221.000,1247450
Mobile,1510,5501.000,1244009
Tablet,170,3051.000,1236097
Tablet,230,3667.000,1235667
Desktop,1390,4481.000,1231933
Mobile,1520,5524.000,1227163
Tablet,160,2975.000,1216314
Desktop,1400,4489.000,1211878
Mobile,1530,5534.000,1211170
Tablet,150,2929.000,1198779
Mobile,1540,5559.000,1193326
Desktop,1410,4504.000,1192970
Tablet,240,3750.000,1178111
Mobile,1550,5558.000,1177536
Desktop,1420,4516.000,1174417
Mobile,1560,5569.000,1160581
Desktop,1430,4529.000,1154509
Tablet,250,3871.000,1152947
Mobile,1570,5579.000,1151150
Tablet,140,2845.000,1145865
Desktop,1440,4547.000,1138545
Tablet,130,2823.000,1137755
Mobile,1580,5594.000,1135593
Tablet,260,3946.000,1122646
Desktop,1450,4552.000,1122349
Mobile,1590,5620.000,1118304
Tablet,120,2773.000,1105981
Desktop,1460,4572.000,1104628
Mobile,1600,5626.000,1103166
Tablet,110,2692.000,1102858
Desktop,1470,4580.000,1094137
Mobile,1610,5635.000,1089252
Desktop,1480,4607.000,1079308
Tablet,270,4044.000,1077778
Mobile,1620,5662.000,1074697
Desktop,1490,4594.000,1064142
Mobile,1630,5665.000,1060008
Desktop,1500,4615.000,1052667
Mobile,1640,5684.000,1043559
Tablet,280,4156.000,1040078
Desktop,1510,4626.000,1036043
Mobile,1650,5701.000,1032695
Desktop,1520,4631.000,1023675
Mobile,1660,5705.000,1017075
Desktop,1530,4655.000,1009968
Mobile,1670,5727.000,1004534
Tablet,290,4233.000,995470
Desktop,1540,4662.000,994969
Mobile,1680,5731.000,990754
Desktop,1550,4681.000,985619
Tablet,300,4302.000,983883
Mobile,1690,5761.000,976879
Desktop,1560,4685.000,974655
Mobile,1700,5766.000,970226
Tablet,310,4318.000,967543
Desktop,1570,4703.000,961480
Desktop,1580,4699.000,960831
Tablet,320,4350.000,960558
Tablet,330,4381.000,959966
Tablet,380,4446.000,957919
Tablet,350,4395.000,957016
Mobile,1710,5776.000,956207
Tablet,360,4415.000,952926
Tablet,100,2795.000,952824
Tablet,370,4426.000,952516
Tablet,340,4388.000,950749
Mobile,1720,5794.000,943640
Desktop,1590,4735.000,943130
Tablet,410,4488.000,938132
Tablet,90,2669.000,937602
Tablet,390,4466.000,937169
Tablet,400,4496.000,935263
Desktop,1600,4745.000,932790
Mobile,1730,5814.000,930908
Tablet,420,4496.000,929773
Desktop,1610,4762.000,925637
Tablet,430,4524.000,924461
Mobile,1740,5835.000,917175
Tablet,80,2664.000,915968
Desktop,1620,4777.000,914927
Mobile,1750,5844.000,908424
Tablet,450,4553.000,907051
Desktop,1630,4781.000,905100
Tablet,440,4539.000,905005
Tablet,460,4543.000,898027
Mobile,1760,5855.000,895841
Desktop,1640,4798.000,892771
Tablet,470,4540.000,891066
Tablet,480,4551.000,889299
Mobile,1770,5871.000,884438
Desktop,1650,4816.000,882092
Desktop,1660,4857.000,880644
Mobile,1780,5877.000,873581
Tablet,490,4558.000,870588
Tablet,500,4580.000,869587
Tablet,510,4581.000,864129
Desktop,1670,4840.000,863743
Mobile,1790,5905.000,861272
Tablet,520,4561.000,859089
Tablet,530,4576.000,856888
Tablet,70,2749.000,855958
Desktop,1680,4846.000,854079
Mobile,1800,5902.000,852646
Desktop,1690,4863.000,845131
Mobile,1810,5920.000,840499
Desktop,1700,4867.000,837806
Tablet,540,4586.000,837345
Mobile,1820,5929.000,829608
Tablet,550,4635.000,828799
Tablet,560,4605.000,825841
Desktop,1710,4882.000,823673
Mobile,1830,5953.000,821437
Desktop,1720,4883.000,816335
Tablet,570,4607.000,813528
Mobile,1840,5967.000,812069
Desktop,1730,4901.000,807814
Tablet,580,4657.000,802904
Mobile,1850,5975.000,800330
Tablet,60,2901.000,797319
Desktop,1740,4913.000,796083
Mobile,1860,5998.000,788838
Desktop,1750,4920.000,788289
Mobile,1870,6011.000,780063
Tablet,590,4655.000,779455
Desktop,1760,4939.000,779448
Tablet,50,3139.000,779079
Tablet,40,3578.000,775932
Tablet,600,4696.000,774760
Tablet,30,4738.000,773360
Desktop,1770,4949.000,771376
Mobile,1880,6019.000,768515
Desktop,1780,4956.000,765059
Mobile,1890,6036.000,762250
Tablet,610,4718.000,757131
Mobile,1900,6051.000,753236
Desktop,1790,4976.000,752477
Tablet,20,5749.000,748513
Desktop,1800,4988.000,745788
Mobile,1910,6070.000,741409
Tablet,620,4725.000,740956
Desktop,1810,5000.000,737770
Tablet,630,4760.000,735799
Mobile,1920,6085.000,731053
Desktop,1820,5015.000,728940
Mobile,1930,6097.000,723698
Desktop,1830,5028.000,720460
Mobile,1940,6117.000,713968
Tablet,640,4763.000,711234
Desktop,1840,5046.000,708322
Tablet,650,4783.000,705336
Mobile,1950,6139.000,702771
Desktop,1860,5035.000,701011
Desktop,1850,5054.000,698630
Mobile,1960,6151.000,694693
Mobile,1970,6155.000,689080
Tablet,660,4814.000,688552
Desktop,1870,5086.000,684135
Mobile,1980,6182.000,680087
Tablet,670,4803.000,676852
Desktop,1880,5097.000,675828
Tablet,680,4849.000,669128
Mobile,1990,6193.000,668857
Desktop,1890,5115.000,666694
Mobile,2010,6171.000,661111
Mobile,2000,6202.000,660935
Desktop,1900,5120.000,658013
Mobile,2020,6210.000,651694
Desktop,1910,5131.000,650504
Tablet,690,4861.000,648712
Desktop,1920,5139.000,644996
Mobile,2030,6234.000,642652
Tablet,700,4901.000,641780
Desktop,1930,5153.000,635288
Mobile,2040,6260.000,633950
Tablet,710,4910.000,628877
Desktop,1940,5173.000,625344
Mobile,2050,6265.000,625234
Desktop,1950,5177.000,619169
Mobile,2060,6294.000,618024
Tablet,720,4929.000,615482
Mobile,2070,6302.000,610151
Desktop,1960,5192.000,609958
Tablet,730,4953.000,609754
Mobile,2080,6315.000,604764
Desktop,1970,5203.000,602671
Desktop,1990,5184.000,596686
Mobile,2090,6333.000,596412
Desktop,1980,5212.000,595778
Mobile,2100,6347.000,592002
Tablet,740,4956.000,591736
Tablet,750,4973.000,588110
Mobile,2110,6335.000,584417
Desktop,2000,5236.000,583100
Mobile,2120,6352.000,576458
Desktop,2010,5242.000,575794
Tablet,760,4998.000,574555
Desktop,2020,5262.000,570378
Mobile,2130,6352.000,570279
Tablet,770,5002.000,566848
Mobile,2140,6383.000,564984
Desktop,2030,5281.000,563666
Tablet,780,5023.000,562059
Mobile,2150,6406.000,557196
Desktop,2040,5290.000,555571
Mobile,2160,6412.000,551149
Desktop,2050,5308.000,547281
Mobile,2170,6421.000,545304
Tablet,790,5054.000,545261
Desktop,2060,5334.000,541687
Mobile,2180,6431.000,541214
Tablet,800,5074.000,540974
Mobile,2190,6429.000,533844
Desktop,2070,5337.000,533178
Mobile,2200,6460.000,529243
Tablet,810,5100.000,528706
Desktop,2080,5358.000,528167
Desktop,2090,5328.000,526771
Mobile,2210,6469.000,524541
Tablet,820,5107.000,520092
Mobile,2220,6488.000,516695
Desktop,2100,5374.000,516414
Desktop,2110,5347.000,515628
Tablet,830,5150.000,514905
Mobile,2230,6489.000,512579
Mobile,2240,6504.000,506117
Desktop,2120,5394.000,502696
Tablet,840,5150.000,501078
Mobile,2250,6533.000,499500
Tablet,850,5168.000,497906
Desktop,2130,5404.000,497133
Mobile,2260,6540.000,493511
Desktop,2140,5419.000,491130
Mobile,2270,6542.000,488972
Tablet,860,5195.000,486927
Desktop,2150,5427.000,485216
Mobile,2280,6569.000,483251
Tablet,870,5191.000,479744
Mobile,2290,6584.000,479112
Desktop,2160,5452.000,478050
Tablet,880,5228.000,476115
Mobile,2300,6599.000,473943
Desktop,2170,5461.000,473120
Desktop,2180,5477.000,468968
Mobile,2310,6612.000,467427
Mobile,2320,6627.000,462502
Desktop,2190,5486.000,461959
Tablet,890,5250.000,461474
Tablet,900,5291.000,459112
Mobile,2330,6649.000,459055
Desktop,2200,5502.000,457271
Mobile,2340,6652.000,452940
Desktop,2210,5517.000,452178
Tablet,910,5304.000,448302
Desktop,2220,5527.000,447897
Mobile,2350,6665.000,447583
Desktop,2230,5542.000,442345
Tablet,920,5315.000,441113
Mobile,2360,6680.000,441098
Mobile,2370,6696.000,439983
Desktop,2240,5553.000,437178
Tablet,930,5345.000,436255
Mobile,2380,6699.000,435497
Mobile,2390,6727.000,430854
Desktop,2250,5573.000,430364
Desktop,2260,5593.000,426234
Mobile,2400,6745.000,425818
Tablet,940,5360.000,425314
Mobile,2410,6747.000,421841
Desktop,2270,5594.000,421692
Tablet,950,5360.000,421402
Mobile,2420,6774.000,418878
Tablet,1030,5130.000,417524
Desktop,2280,5608.000,416859
Tablet,1020,5194.000,414845
Mobile,2430,6776.000,413625
Tablet,960,5387.000,411269
Desktop,2290,5625.500,410588
Mobile,2440,6793.000,410578
Desktop,2300,5627.000,407360
Mobile,2450,6801.000,406252
Tablet,970,5437.000,404101
Desktop,2310,5649.000,403286
Mobile,2460,6836.000,401480
Mobile,2470,6829.000,398136
Desktop,2320,5652.000,398104
Tablet,980,5463.000,396968
Desktop,2330,5676.000,393879
Mobile,2480,6862.000,393321
Tablet,990,5463.000,390010
Mobile,2500,6890.000,389261
Desktop,2340,5682.000,388923
Mobile,2490,6882.000,388845
Mobile,2510,6899.000,383221
Tablet,1000,5507.000,383180
Desktop,2350,5699.000,382398
Tablet,1010,5487.000,382054
Mobile,2520,6904.000,381901
Desktop,2360,5702.000,381557
Mobile,2530,6903.000,376859
Desktop,2370,5717.000,375096
Desktop,2380,5736.000,371987
Mobile,2540,6948.000,371963
Tablet,1040,5474.000,371276
Desktop,2390,5754.000,369050
Mobile,2550,6968.000,368926
Mobile,2560,6984.000,366110
Desktop,2400,5761.000,366052
Desktop,2410,5762.000,361965
Mobile,2570,6993.000,361178
Desktop,2420,5776.000,359731
Mobile,2580,7008.000,358518
Tablet,1050,5606.000,356683
Desktop,2430,5785.000,356211
Mobile,2590,7039.000,354191
Desktop,2440,5793.000,352242
Mobile,2600,7047.000,350601
Desktop,2450,5826.000,349221
Tablet,1060,5601.000,347484
Mobile,2610,7055.000,346669
Desktop,2460,5821.000,344315
Mobile,2620,7073.000,343256
Mobile,2630,7087.000,341654
Desktop,2470,5843.000,339848
Tablet,1070,5622.000,339837
Mobile,2640,7099.000,338147
Desktop,2480,5861.000,337434
Tablet,1080,5634.000,334845
Desktop,2490,5859.000,334034
Mobile,2650,7155.000,332837
Desktop,2500,5870.000,331482
Mobile,2660,7145.000,328773
Tablet,1090,5633.000,328441
Desktop,2510,5882.000,327346
Mobile,2670,7157.000,326254
Mobile,2680,7170.000,324313
Desktop,2520,5894.000,323954
Tablet,1100,5677.000,323199
Desktop,2530,5910.000,321181
Mobile,2690,7209.000,319376
Tablet,1110,5691.000,316911
Desktop,2540,5926.000,316424
Mobile,2700,7208.000,315829
Tablet,10,4780.000,313543
Desktop,2550,5927.000,313149
Tablet,1120,5719.000,312737
Mobile,2710,7235.000,312732
Desktop,2560,5953.000,309841
Mobile,2720,7245.000,309761
Mobile,2730,7262.000,307953
Desktop,2570,5945.000,307281
Tablet,1130,5743.000,305860
Mobile,2740,7270.000,303662
Desktop,2580,5976.000,303406
Mobile,2750,7325.000,300942
Desktop,2590,5997.000,300243
Tablet,1140,5753.000,299712
Desktop,2600,6011.000,297273
Mobile,2760,7336.000,296396
Tablet,1150,5793.000,295580
Mobile,2770,7333.000,294908
Desktop,2610,6013.000,294441
Mobile,2780,7362.000,291979
Desktop,2620,6041.000,291703
Tablet,1160,5804.000,290606
Mobile,2790,7376.000,288720
Desktop,2630,6052.000,288176
Tablet,1170,5826.000,286903
Mobile,2800,7406.000,285563
Desktop,2640,6058.000,285070
Tablet,1180,5835.000,283928
Mobile,2810,7411.000,282369
Desktop,2650,6079.000,281904
Mobile,2820,7423.000,280399
Desktop,2660,6108.000,278952
Tablet,1190,5863.000,277494
Mobile,2830,7426.000,277307
Desktop,2670,6112.000,276352
Mobile,2840,7450.000,274406
Desktop,2680,6130.000,273771
Tablet,1200,5884.000,273022
Mobile,2850,7484.000,272528
Desktop,2690,6136.000,270466
Tablet,1210,5899.000,268864
Mobile,2860,7481.000,268745
Desktop,2700,6148.000,268703
Mobile,2870,7520.000,265662
Desktop,2710,6163.000,265310
Tablet,1220,5904.000,264345
Desktop,2720,6171.000,262512
Mobile,2880,7543.000,261712
Desktop,2730,6191.000,260274
Tablet,1230,5910.000,259683
Mobile,2890,7553.000,259090
Mobile,2900,7549.000,257979
Desktop,2740,6205.000,257704
Mobile,2910,7588.000,255194
Tablet,1240,5943.000,254245
Desktop,2750,6215.000,254235
Mobile,2920,7592.000,252184
Desktop,2760,6230.000,251110
Tablet,1250,5982.000,250915
Mobile,2930,7588.000,250608
Desktop,2770,6247.000,248685
Mobile,2940,7636.000,247302
Desktop,2780,6249.000,246977
Tablet,1260,6001.000,246338
Mobile,2950,7651.000,244932
Desktop,2790,6267.000,243590
Mobile,2960,7653.000,242114
Desktop,2800,6287.000,241208
Tablet,1270,6005.000,241031
Desktop,2810,6295.000,239920
Desktop,2820,6291.000,239597
Mobile,2970,7672.000,239379
Tablet,1280,6055.000,238352
Mobile,2980,7671.000,237257
Mobile,2990,7697.000,235865
Desktop,2840,6364.000,235682
Desktop,2830,6334.000,235564
Mobile,3000,7737.000,233229
Tablet,1290,6067.000,232988
Mobile,3010,7725.000,231038
Desktop,2850,6354.000,230057
Tablet,1300,6062.000,229809
Mobile,3020,7755.000,228712
Desktop,2860,6373.000,228485
Tablet,1310,6077.000,226860
Mobile,3030,7747.000,226692
Desktop,2870,6390.000,225988
Mobile,3040,7748.000,224569
Tablet,1320,6100.000,223468
Desktop,2880,6390.000,223089
Mobile,3050,7774.000,222634
Desktop,2890,6410.000,221686
Mobile,3060,7817.000,220211
Tablet,1330,6160.000,219870
Desktop,2900,6436.000,219515
Mobile,3070,7810.000,217770
Desktop,2910,6437.000,217205
Mobile,3080,7828.000,216059
Desktop,2920,6452.500,215976
Desktop,2930,6435.000,214169
Tablet,1340,6143.000,214113
Mobile,3090,7849.000,213723
Desktop,2940,6470.000,212483
Mobile,3100,7841.000,212182
Tablet,1350,6165.000,211551
Desktop,2950,6475.000,210128
Mobile,3110,7843.500,210084
Mobile,3120,7881.000,209203
Tablet,1360,6178.000,209097
Mobile,3130,7862.000,207659
Desktop,2960,6486.000,207268
Mobile,3140,7859.000,206579
Desktop,2970,6512.000,206014
Tablet,1370,6209.000,205126
Desktop,2980,6538.000,204287
Mobile,3150,7879.000,203412
Mobile,3160,7917.000,202058
Desktop,2990,6540.000,201805
Tablet,1380,6223.000,201107
Mobile,3170,7915.000,201041
Desktop,3000,6558.000,200939
Mobile,3180,7910.000,199188
Desktop,3010,6571.000,198379
Tablet,1390,6247.000,198244
Desktop,3020,6559.000,197767
Desktop,3030,6591.000,196527
Mobile,3190,7905.000,196444
Mobile,3200,7945.000,195255
Desktop,3040,6584.000,194543
Tablet,1400,6264.000,194383
Mobile,3210,7941.000,193817
Desktop,3050,6615.000,192575
Mobile,3220,7972.000,192547
Tablet,1410,6266.000,191784
Mobile,3230,7967.000,191132
Desktop,3060,6608.000,190810
Mobile,3240,7977.000,189044
Tablet,1420,6313.000,188369
Desktop,3070,6650.000,188352
Desktop,3080,6653.000,187505
Mobile,3250,7985.000,187356
Tablet,1430,6303.000,186577
Desktop,3090,6659.000,186398
Mobile,3260,8015.000,185655
Desktop,3100,6682.000,184777
Tablet,1440,6286.000,183810
Mobile,3270,8062.000,183755
Desktop,3110,6685.000,183680
Desktop,3120,6710.000,182610
Mobile,3280,8069.000,182114
Tablet,1450,6309.000,181481
Mobile,3290,8077.000,180434
Desktop,3130,6684.000,180302
Desktop,3140,6689.000,179449
Mobile,3300,8079.000,179141
Desktop,3150,6689.500,178104
Tablet,1460,6319.000,177747
Mobile,3310,8063.000,176890
Desktop,3160,6725.000,176135
Mobile,3320,8116.000,175581
Desktop,3170,6754.000,175242
Tablet,1470,6343.000,174325
Desktop,3180,6765.000,174035
Desktop,3190,6749.000,173814
Tablet,1480,6331.000,173466
Mobile,3330,8127.000,173346
Desktop,3200,6734.000,172873
Mobile,3340,8124.000,172251
Mobile,3350,8138.000,169984
Tablet,1490,6352.000,169889
Desktop,3210,6799.000,169449
Desktop,3220,6778.000,168944
Mobile,3360,8183.000,168766
Tablet,1500,6367.000,167784
Desktop,3230,6790.000,167763
Mobile,3370,8190.000,166881
Mobile,3380,8208.000,166452
Desktop,3240,6822.000,165901
Tablet,1510,6391.000,165896
Desktop,3250,6847.000,165445
Mobile,3390,8230.000,164322
Desktop,3260,6867.000,163040
Tablet,1520,6371.500,162976
Mobile,3400,8237.000,162703
Desktop,3270,6843.000,162514
Mobile,3410,8249.000,161431
Tablet,1530,6407.000,161125
Desktop,3280,6885.000,160066
Mobile,3430,8314.000,159178
Mobile,3420,8268.000,159002
Tablet,1540,6389.000,158860
Desktop,3290,6900.000,158473
Desktop,3300,6918.000,157676
Mobile,3440,8303.000,157266
Desktop,3310,6921.000,156427
Tablet,1550,6430.000,156206
Mobile,3450,8316.000,156161
Desktop,3400,7155.000,155644
Desktop,3320,6930.000,155273
Mobile,3460,8334.000,154583
Desktop,3330,6955.000,154251
Tablet,1560,6429.000,154166
Tablet,1570,6426.000,153466
Desktop,3340,6943.000,153355
Desktop,3350,6984.000,152535
Mobile,3470,8371.000,152424
Tablet,1580,6442.000,152231
Desktop,3360,6995.000,151285
Mobile,3480,8400.000,150802
Mobile,3490,8405.000,150273
Desktop,3370,7026.000,150261
Mobile,3500,8408.000,148855
Tablet,1590,6463.000,148736
Desktop,3380,7032.000,148723
Desktop,3390,7038.000,147486
Tablet,1600,6455.000,147089
Mobile,3510,8439.000,147076
Mobile,3520,8441.000,146258
Desktop,3460,7328.000,145954
Desktop,3410,7077.000,145416
Tablet,1610,6437.000,145048
Desktop,3420,7089.000,144524
Mobile,3530,8472.000,144195
Tablet,1620,6466.000,143873
Tablet,1630,6478.000,143097
Mobile,3540,8446.000,142771
Desktop,3430,7094.000,142501
Desktop,3440,7118.000,141927
Mobile,3550,8481.000,141288
Desktop,3450,7139.000,140569
Tablet,1640,6476.000,139934
Mobile,3560,8525.000,139683
Mobile,3570,8507.500,139046
Desktop,3470,7156.000,138612
Tablet,1650,6491.000,138570
Mobile,3580,8552.000,137414
Desktop,3480,7169.000,136678
Tablet,1660,6501.000,136355
Mobile,3590,8567.000,135492
Desktop,3500,7206.000,135331
Tablet,1670,6548.000,135299
Desktop,3490,7162.000,135246
Mobile,3600,8556.000,135161
Mobile,3610,8631.000,133724
Tablet,1680,6530.000,133701
Desktop,3510,7213.000,133626
Mobile,3620,8625.000,132804
Desktop,3520,7211.000,132424
Desktop,3530,7224.000,132159
Mobile,3630,8629.000,132084
Tablet,1690,6546.000,130682
Desktop,3540,7232.000,130502
Tablet,1700,6532.000,130393
Desktop,3550,7242.000,130368
Mobile,3640,8644.000,130004
Mobile,3650,8658.000,129233
Tablet,1710,6559.000,128985
Desktop,3560,7235.000,128467
Mobile,3660,8680.000,128369
Desktop,3570,7240.000,128284
Tablet,1720,6518.000,127755
Mobile,3670,8694.000,127405
Desktop,3580,7296.000,126460
Mobile,3680,8744.000,125560
Tablet,1730,6523.000,125388
Desktop,3590,7309.000,125310
Mobile,3690,8725.000,124711
Mobile,3700,8763.000,123845
Desktop,3610,7307.500,123750
Desktop,3600,7312.000,123728
Tablet,1740,6578.000,123620
Mobile,3710,8788.000,123542
Desktop,3620,7329.000,122611
Desktop,3630,7342.000,122318
Tablet,1750,6603.000,121764
Mobile,3720,8825.000,121623
Mobile,3730,8842.000,120971
Desktop,3640,7359.000,120522
Tablet,1760,6579.000,120495
Desktop,3650,7360.000,120278
Mobile,3740,8813.000,119562
Mobile,3750,8845.000,119425
Desktop,3660,7357.000,119115
Desktop,3670,7406.000,118864
Tablet,1770,6603.000,118759
Tablet,1780,6623.000,117821
Mobile,3760,8844.000,117754
Desktop,3680,7366.000,117282
Mobile,3770,8882.000,117134
Mobile,3780,8905.000,116754
Desktop,3690,7428.000,116746
Tablet,1790,6639.000,115995
Desktop,3700,7426.000,115223
Mobile,3800,8959.000,114726
Tablet,1800,6677.000,114677
Desktop,3710,7424.000,114470
Mobile,3790,8946.000,114179
Tablet,1810,6656.000,113043
Mobile,3810,8966.000,112982
Desktop,3720,7453.000,112952
Desktop,3730,7467.000,112786
Mobile,3820,8983.000,112265
Desktop,3740,7477.000,111575
Tablet,1820,6703.000,111423
Mobile,3830,8999.000,111060
Desktop,3750,7483.000,110817
Tablet,1830,6683.000,110727
Mobile,3840,8989.000,110715
Desktop,3770,7490.000,109427
Mobile,3850,9044.000,109363
Tablet,1840,6707.000,109289
Desktop,3760,7496.000,109028
Mobile,3860,9041.000,109001
Desktop,3780,7531.000,108710
Mobile,3870,9029.000,107741
Desktop,3790,7535.000,107484
Tablet,1850,6718.000,107189
Desktop,3800,7561.000,106780
Mobile,3880,9069.000,106085
Desktop,3810,7560.000,105950
Tablet,1860,6751.000,105465
Mobile,3890,9099.000,105457
Tablet,1870,6718.000,105073
Mobile,3900,9139.000,104913
Desktop,3820,7559.000,104776
Desktop,3830,7563.000,104444
Mobile,3910,9150.000,103840
Desktop,3840,7601.000,103693
Mobile,3920,9130.000,103638
Desktop,3860,7597.000,103473
Desktop,3850,7594.000,103047
Tablet,1880,6755.000,103013
Mobile,3940,9178.000,102405
Mobile,3930,9168.000,101991
Tablet,1890,6772.000,101356
Desktop,3870,7646.000,101082
Desktop,3880,7611.000,101042
Mobile,3950,9175.000,100258
Mobile,3960,9210.000,99911
Tablet,1900,6791.000,99905
Desktop,3890,7664.000,99582
Mobile,3970,9240.500,99444
Desktop,3900,7669.000,99137
Mobile,3980,9290.000,98958
Desktop,3920,7662.000,98303
Tablet,1910,6818.000,98290
Mobile,3990,9308.000,97906
Desktop,3910,7669.000,97642
Tablet,1920,6830.000,97139
Tablet,1930,6830.000,96753
Desktop,3930,7712.000,96701
Desktop,3940,7678.000,96239
Mobile,4000,9299.000,96056
Mobile,4010,9326.000,95807
Mobile,4020,9339.000,95731
Desktop,3950,7722.000,95717
Desktop,3960,7709.000,95128
Mobile,4030,9343.000,94932
Mobile,4040,9328.000,94717
Tablet,1940,6833.000,94576
Desktop,3970,7708.000,94506
Mobile,4050,9383.000,94017
Desktop,3980,7741.000,93485
Tablet,1950,6870.000,93225
Mobile,4060,9366.000,93097
Desktop,3990,7776.000,92452
Desktop,4000,7782.000,92119
Mobile,4070,9387.500,92026
Tablet,1960,6921.000,91925
Desktop,4010,7798.000,91512
Tablet,1970,6872.000,91333
Mobile,4080,9401.000,90859
Mobile,4090,9421.000,90619
Desktop,4020,7800.000,90452
Mobile,4100,9502.000,89970
Tablet,1980,6908.000,89731
Desktop,4030,7806.000,89570
Desktop,4040,7840.000,89277
Mobile,4110,9515.000,89258
Mobile,4120,9482.000,88639
Mobile,4130,9526.000,88613
Desktop,4050,7864.000,88589
Tablet,2010,6879.000,88552
Desktop,4060,7838.000,87928
Mobile,4140,9521.000,87385
Tablet,1990,6921.000,87371
Tablet,2000,6983.000,87025
Desktop,4070,7835.000,87015
Desktop,4080,7885.000,87012
Tablet,2020,6923.500,86848
Mobile,4150,9541.500,86752
Desktop,4090,7863.000,86210
Mobile,4160,9540.000,86019
Mobile,4170,9589.000,85592
Tablet,2030,6945.500,85240
Mobile,4180,9631.500,84830
Desktop,4100,7919.000,84813
Desktop,4110,7921.000,84566
Mobile,4190,9590.000,84080
Desktop,4120,7917.000,83944
Desktop,4130,7943.000,83726
Mobile,4200,9669.000,83711
Tablet,2040,6977.000,83327
Mobile,4210,9659.000,82564
Desktop,4150,7974.000,82408
Mobile,4220,9657.500,82254
Desktop,4140,7947.000,82202
Mobile,4230,9702.000,81905
Tablet,2050,7005.000,81850
Desktop,4170,7973.000,81825
Desktop,4160,7955.000,81773
Mobile,4240,9697.000,81363
Desktop,4180,7964.500,81270
Mobile,4250,9658.000,80990
Desktop,4190,8016.000,80766
Tablet,2060,7003.000,80627
Mobile,4260,9767.000,80153
Mobile,4270,9728.500,79800
Tablet,2070,7016.500,79792
Desktop,4200,8009.000,79630
Mobile,4280,9758.000,79210
Mobile,4290,9719.000,79197
Desktop,4210,8003.000,78966
Desktop,4220,8020.000,78643
Tablet,2080,7084.000,78589
Mobile,4300,9791.000,78359
Desktop,4230,8038.000,78002
Tablet,2090,7037.000,77859
Mobile,4310,9735.000,77509
Desktop,4240,8059.000,77353
Mobile,4320,9754.000,77236
Mobile,4330,9752.000,77086
Tablet,2100,7081.000,76985
Desktop,4250,8070.000,76687
Tablet,2110,7050.000,76451
Mobile,4340,9849.000,76294
Desktop,4280,8085.000,76243
Desktop,4260,8058.500,76082
Mobile,4350,9806.000,76027
Desktop,4270,8079.000,75912
Mobile,4360,9779.000,75460
Mobile,4370,9811.000,75404
Desktop,4290,8085.000,75177
Tablet,2120,7082.000,74821
Mobile,4390,9874.000,74428
Tablet,2130,7123.000,74266
Mobile,4380,9893.000,74210
Desktop,4300,8139.000,74006
Desktop,4310,8138.000,73721
Mobile,4400,9880.000,73220
Desktop,4320,8158.000,73095
Mobile,4410,9898.000,72963
Tablet,2140,7095.500,72808
Desktop,4330,8154.000,72439
Mobile,4420,9945.000,72391
Desktop,4340,8164.000,72056
Mobile,4430,9940.000,71985
Tablet,2150,7122.000,71684
Desktop,4350,8208.000,71500
Mobile,4440,9954.000,71400
Mobile,4450,9969.000,71301
Desktop,4360,8176.000,71172
Desktop,4370,8178.000,71016
Tablet,2160,7138.000,70987
Mobile,4460,10035.000,70740
Tablet,2170,7175.000,70609
Desktop,4390,8204.000,70261
Desktop,4380,8233.000,70169
Mobile,4470,10008.000,70067
Mobile,4480,10040.000,69824
Mobile,4490,10040.500,69480
Tablet,2180,7200.000,69083
Desktop,4400,8251.000,68813
Desktop,4410,8250.000,68535
Tablet,2190,7189.000,68508
Mobile,4500,10043.000,68439
Mobile,4510,10065.000,68129
Desktop,4420,8262.000,67924
Mobile,4520,10118.000,67790
Tablet,2200,7200.000,67625
Desktop,4430,8307.000,67366
Desktop,4450,8366.000,67212
Desktop,4440,8319.000,67164
Mobile,4530,10097.000,67082
Mobile,4550,10119.000,66866
Mobile,4540,10143.000,66786
Tablet,2210,7224.000,66621
Tablet,2220,7257.000,65958
Desktop,4460,8308.500,65756
Mobile,4560,10156.000,65717
Desktop,4470,8397.000,65520
Mobile,4570,10170.000,65476
Tablet,2230,7259.000,65303
Desktop,4480,8363.000,65279
Desktop,4490,8385.000,65180
Mobile,4580,10187.000,65113
Tablet,2240,7219.000,64665
Mobile,4590,10184.000,64292
Desktop,4500,8387.000,64209
Mobile,4600,10206.000,64155
Tablet,2250,7262.000,63750
Mobile,4610,10237.500,63448
Mobile,4620,10264.000,63364
Desktop,4510,8394.000,63333
Desktop,4520,8406.000,63265
Mobile,4630,10284.500,63178
Tablet,2260,7251.000,62914
Desktop,4530,8406.000,62864
Mobile,4640,10230.000,62859
Desktop,4540,8465.000,62449
Mobile,4650,10313.000,62395
Tablet,2270,7300.000,62386
Desktop,4550,8438.000,62341
Tablet,2280,7332.000,61611
Mobile,4660,10296.000,61569
Mobile,4670,10309.000,61505
Mobile,4680,10334.000,61399
Desktop,4560,8475.000,61281
Desktop,4570,8497.000,60951
Mobile,4690,10345.000,60839
Desktop,4590,8496.000,60779
Tablet,2290,7260.000,60713
Desktop,4580,8467.000,60609
Mobile,4700,10376.000,60495
Mobile,4710,10412.000,60338
Tablet,2330,7301.000,60197
Tablet,2300,7364.000,60193
Tablet,2310,7309.000,59952
Tablet,2320,7329.000,59871
Desktop,4600,8496.000,59369
Mobile,4720,10420.000,59318
Desktop,4610,8547.000,59240
Mobile,4730,10380.000,59004
Mobile,4740,10416.500,58686
Tablet,2340,7316.500,58668
Desktop,4620,8542.000,58633
Mobile,4750,10415.000,58591
Desktop,4630,8528.000,58585
Desktop,4640,8582.500,58544
Tablet,2350,7336.000,58298
Mobile,4760,10477.000,58150
Mobile,4770,10470.000,58123
Tablet,2370,7315.000,57786
Mobile,4790,10494.000,57567
Mobile,4780,10456.000,57536
Tablet,2360,7362.000,57341
Desktop,4650,8617.000,57247
Desktop,4660,8610.000,57189
Mobile,4800,10489.000,56951
Tablet,2380,7296.000,56913
Desktop,4670,8632.000,56793
Desktop,4680,8645.000,56487
Mobile,4810,10498.000,56486
Desktop,4690,8670.500,56062
Mobile,4820,10541.000,55944
Tablet,2390,7337.000,55837
Mobile,4830,10542.500,55658
Desktop,4700,8662.000,55649
Tablet,2400,7351.000,55469
Mobile,4840,10530.000,55237
Desktop,4710,8681.000,55225
Mobile,4850,10566.000,55182
Tablet,2410,7366.000,54945
Tablet,2420,7338.500,54844
Desktop,4720,8718.000,54613
Mobile,4870,10641.000,54473
Mobile,4860,10625.000,54340
Desktop,4740,8749.000,54241
Mobile,4880,10623.500,54234
Tablet,2430,7399.000,54225
Tablet,2440,7371.000,54053
Mobile,4900,10676.000,54039
Desktop,4730,8717.500,53730
Tablet,2450,7350.000,53656
Mobile,4890,10626.000,53610
Desktop,4750,8713.000,53473
Desktop,4770,8735.000,53279
Mobile,4910,10687.000,53217
Mobile,4920,10674.000,52933
Desktop,4780,8795.000,52843
Mobile,4930,10743.500,52816
Desktop,4760,8747.000,52725
Tablet,2460,7379.000,52576
Tablet,2470,7390.000,52506
Mobile,4950,10704.000,52392
Mobile,4940,10740.500,52300
Tablet,2480,7408.000,52025
Mobile,4960,10636.000,51977
Desktop,4790,8810.000,51954
Tablet,2500,7430.500,51746
Mobile,4970,10719.000,51580
Tablet,2490,7393.000,51540
Desktop,4800,8803.000,51424
Mobile,4980,10766.000,51148
Tablet,2510,7443.500,51100
Mobile,4990,10767.500,51044
Desktop,4820,8826.000,50858
Desktop,4810,8846.500,50774
Tablet,2520,7405.000,50735
Desktop,4830,8854.000,50503
Desktop,4840,8898.500,50446
Desktop,4850,8924.500,50262
Tablet,2540,7427.000,50020
Tablet,2530,7461.000,49983
Desktop,4870,8888.000,49531
Tablet,2550,7443.000,49436
Desktop,4860,8874.000,49422
Desktop,4900,8840.000,49070
Desktop,4880,8892.000,48918
Desktop,4890,8940.000,48459
Tablet,2560,7412.000,48452
Tablet,2570,7513.000,48032
Desktop,4910,8953.000,48020
Tablet,2580,7450.000,47844
Desktop,4920,9014.000,47333
Desktop,4930,8978.000,47318
Tablet,2590,7487.000,47279
Desktop,4940,9076.000,47007
Tablet,2600,7528.500,46816
Desktop,4950,9070.000,46804
Tablet,2610,7500.000,46357
Desktop,4960,9008.000,46301
Desktop,4970,9045.000,46091
Tablet,2620,7570.000,45624
Desktop,4990,9065.000,45513
Desktop,4980,9070.000,45503
Tablet,2640,7499.000,45349
Tablet,2630,7537.000,45289
Tablet,2650,7571.000,44859
Tablet,2660,7534.000,44153
Tablet,2670,7526.500,43580
Tablet,2680,7564.000,43463
Tablet,2700,7620.000,42269
Tablet,2690,7613.000,42156
Tablet,2710,7665.500,42016
Tablet,2720,7631.000,41316
Tablet,2730,7706.000,41115
Tablet,2740,7699.000,40854
Tablet,2750,7695.500,40340
Tablet,2770,7666.000,39669
Tablet,2760,7672.000,39595
Tablet,2780,7686.000,39059
Tablet,2790,7689.000,38511
Tablet,2800,7762.000,38208
Tablet,2810,7776.000,38039
Tablet,2820,7768.000,37727
Tablet,2830,7745.500,37600
Tablet,2840,7753.000,36900
Tablet,2850,7795.000,36796
Tablet,2860,7786.000,36285
Tablet,2880,7836.000,35850
Tablet,2870,7845.500,35470
Tablet,2900,7918.500,35118
Tablet,2910,7830.000,35099
Tablet,2890,7918.000,35079
Tablet,2920,7853.000,34762
Tablet,2930,7854.000,34475
Tablet,2940,7842.000,33916
Tablet,2950,7857.000,33808
Tablet,2960,7893.000,33397
Tablet,2970,7946.000,33291
Tablet,2980,7899.000,33079
Tablet,2990,7929.000,32387
Tablet,3000,7903.000,32294
Tablet,3030,7985.000,31864
Tablet,3040,7949.500,31820
Tablet,3010,7937.000,31726
Tablet,3020,7901.000,31699
Tablet,3050,7988.000,31568
Tablet,3060,8053.000,30785
Tablet,3070,8014.000,30471
Tablet,3080,7990.000,30121
Tablet,3090,7987.000,29733
Tablet,3100,7970.500,29492
Tablet,3110,8107.000,29368
Tablet,3140,7987.000,29265
Tablet,3120,8019.000,29210
Tablet,3130,8041.500,29006
Tablet,3150,8091.000,28804
Tablet,3170,8009.000,28634
Tablet,3180,8060.000,28618
Tablet,3190,8147.000,28396
Tablet,3160,8065.000,28339
Tablet,3200,8062.000,28033
Tablet,3230,8110.000,27842
Tablet,3210,8101.000,27764
Tablet,3240,8136.000,27495
Tablet,3220,8091.000,27337
Tablet,3250,8069.000,27271
Tablet,3270,8158.000,26866
Tablet,3260,8094.000,26805
Tablet,3290,8239.000,26443
Tablet,3280,8201.000,26306
Tablet,3310,8251.000,26147
Tablet,3300,8235.000,26086
Tablet,3320,8254.000,25899
Tablet,3330,8262.500,25248
Mobile,5000,10772.000,25172
Tablet,3340,8294.000,25016
Tablet,3350,8292.000,24526
Tablet,3360,8452.000,23902
Tablet,3370,8450.000,23823
Tablet,3380,8475.000,23460
Tablet,3390,8482.000,23273
Tablet,3400,8587.000,22957
Tablet,3410,8524.000,22954
Tablet,3420,8527.000,22592
Desktop,5000,9067.000,22551
Tablet,3430,8588.000,22263
Tablet,3440,8622.000,22182
Tablet,3450,8578.000,21744
Tablet,3460,8603.500,21326
Tablet,3470,8641.000,21307
Tablet,3490,8587.000,21087
Tablet,3480,8707.500,21058
Tablet,3500,8678.000,20455
Tablet,3510,8682.000,20361
Tablet,3520,8783.000,20284
Tablet,3540,8747.500,19986
Tablet,3550,8806.000,19820
Tablet,3530,8793.000,19743
Tablet,3560,8732.500,19458
Tablet,3570,8759.000,19333
Tablet,3580,8842.000,19227
Tablet,3590,8900.000,19030
Tablet,3610,8921.000,18657
Tablet,3630,8900.000,18634
Tablet,3600,8844.000,18537
Tablet,3640,8939.500,18530
Tablet,3620,8880.000,18329
Tablet,3650,8937.000,18136
Tablet,3660,9070.000,17845
Tablet,3670,8948.500,17802
Tablet,3680,8994.000,17552
Tablet,3710,9007.000,17403
Tablet,3690,9073.000,17396
Tablet,3700,9150.000,17292
Tablet,3740,9106.000,16927
Tablet,3720,9065.000,16927
Tablet,3750,9122.000,16863
Tablet,3730,9035.000,16689
Tablet,3760,9114.000,16481
Tablet,3780,9217.500,16384
Tablet,3800,9240.000,16294
Tablet,3770,9241.000,16283
Tablet,3790,9228.000,16123
Tablet,3810,9213.000,15743
Tablet,3820,9339.000,15689
Tablet,3830,9211.000,15640
Tablet,3840,9316.000,15496
Tablet,3850,9198.000,15469
Tablet,3860,9316.000,15293
Tablet,3870,9372.500,15254
Tablet,3880,9305.500,15064
Tablet,3900,9396.000,14948
Tablet,3890,9339.000,14918
Tablet,3910,9310.000,14833
Tablet,3920,9431.500,14504
Tablet,3930,9495.000,14375
Tablet,3940,9463.000,14354
Tablet,3960,9472.000,14207
Tablet,3950,9426.000,14203
Tablet,3980,9457.000,14151
Tablet,3990,9453.000,13937
Tablet,3970,9504.000,13898
Tablet,4000,9484.000,13892
Tablet,4010,9495.500,13620
Tablet,4020,9479.000,13571
Tablet,4030,9496.000,13535
Tablet,4040,9518.500,13284
Tablet,4050,9596.000,13273
Tablet,4060,9717.000,13123
Tablet,4070,9632.000,13112
Tablet,4080,9710.000,13072
Tablet,4090,9608.500,12946
Tablet,4100,9800.500,12700
Tablet,4120,9633.000,12591
Tablet,4110,9729.000,12552
Tablet,4130,9733.000,12400
Tablet,4160,9869.500,12316
Tablet,4140,9718.500,12240
Tablet,4150,9732.500,12146
Tablet,4170,9811.000,12119
Tablet,4180,9778.500,11834
Tablet,4210,9827.000,11765
Tablet,4190,9804.500,11664
Tablet,4240,9891.000,11618
Tablet,4230,9929.000,11604
Tablet,4220,9912.500,11582
Tablet,4200,9957.000,11451
Tablet,4250,9983.500,11406
Tablet,4260,9836.000,11263
Tablet,4270,9955.000,11261
Tablet,4280,9977.000,11156
Tablet,4290,9964.000,10812
Tablet,4320,10097.500,10794
Tablet,4300,10044.000,10743
Tablet,4310,9912.500,10722
Tablet,4340,10126.000,10617
Tablet,4330,10113.000,10600
Tablet,4360,10206.000,10481
Tablet,4350,10083.000,10427
Tablet,4370,10179.000,10335
Tablet,4380,10133.500,10184
Tablet,4390,10325.500,10028
Tablet,4400,10098.000,9995
Tablet,4420,10194.000,9972
Tablet,4410,10282.000,9967
Tablet,4430,10338.000,9825
Tablet,4440,10306.000,9668
Tablet,4450,10281.000,9581
Tablet,4460,10387.500,9400
Tablet,4470,10154.000,9329
Tablet,4480,10470.000,9323
Tablet,4490,10378.000,9255
Tablet,4500,10560.500,9208
Tablet,4510,10432.000,9025
Tablet,4550,10412.000,8984
Tablet,4530,10533.500,8952
Tablet,4540,10421.000,8876
Tablet,4520,10534.000,8861
Tablet,4560,10674.500,8670
Tablet,4600,10620.500,8582
Tablet,4580,10662.000,8535
Tablet,4570,10571.000,8529
Tablet,4590,10658.000,8427
Tablet,4610,10568.500,8410
Tablet,4630,10593.000,8309
Tablet,4650,10741.000,8192
Tablet,4640,10637.000,8165
Tablet,4660,10912.000,8107
Tablet,4620,10630.000,8043
Tablet,4670,10624.000,7943
Tablet,4690,10697.000,7861
Tablet,4680,10733.000,7821
Tablet,4720,10736.000,7737
Tablet,4730,10853.000,7585
Tablet,4700,10888.500,7578
Tablet,4710,10715.000,7499
Tablet,4740,10713.000,7361
Tablet,4750,10898.000,7338
Tablet,4760,10813.000,7329
Tablet,4800,10876.000,7279
Tablet,4780,10962.000,7249
Tablet,4770,10763.500,7144
Tablet,4790,10925.000,7055
Tablet,4810,11058.000,7044
Tablet,4820,10818.000,6928
Tablet,4830,10864.000,6877
Tablet,4880,10914.000,6827
Tablet,4840,10851.000,6819
Tablet,4850,11008.000,6809
Tablet,4860,10872.000,6802
Tablet,4890,11133.500,6684
Tablet,4870,11060.000,6628
Tablet,4930,10944.000,6555
Tablet,4900,10919.000,6539
Tablet,4910,10975.000,6536
Tablet,4940,10924.000,6512
Tablet,4920,11022.000,6473
Tablet,4950,11055.500,6404
Tablet,4970,10978.500,6378
Tablet,4990,11172.000,6338
Tablet,4980,10913.000,6314
Tablet,4960,10948.500,6280
Tablet,5000,10800.500,3154
,0,7173.000,811
,10,4921.000,204
,30,4008.000,197
,20,4155.000,183
,370,4160.000,167
,380,4535.000,162
,290,4015.000,161
,230,3624.000,158
,310,3732.000,155
,250,3809.500,154
,350,3683.000,149
,260,3986.000,147
,340,4147.500,144
,360,4164.000,143
,40,4211.000,141
,280,4371.000,141
,400,4666.000,141
,270,4198.000,139
,410,4756.000,137
,240,3595.000,136
,210,3872.500,136
,460,4763.000,135
,200,3887.500,134
,330,3697.500,134
,220,3377.000,132
,420,4392.500,124
,390,4798.500,124
,450,4372.000,119
,300,3701.500,118
,320,3853.000,118
,440,4339.000,117
,430,3951.500,114
,190,3689.000,111
,160,3296.000,108
,480,3825.000,104
,180,3433.500,104
,490,4228.000,103
,470,4901.000,102
,500,4456.000,101
,530,4166.000,101
,170,2907.000,101
,510,4002.500,100
,560,4217.000,99
,700,4927.000,98
,600,4222.000,94
,570,4609.500,94
,590,4137.000,93
,630,4753.000,93
,580,4514.500,92
Other,0,6727.500,92
,540,4231.000,87
,520,4327.000,86
,650,4416.000,85
,620,4524.000,85
,740,3986.000,85
,550,4208.500,82
,720,4737.000,81
,680,4537.000,77
,750,4708.000,76
,640,4662.000,76
,690,4762.000,75
,710,4514.000,74
,610,4240.000,74
,760,4723.500,74
,730,4269.000,72
,800,4370.000,71
,860,5022.000,71
,50,4015.000,69
,790,4655.500,68
,670,4398.500,66
,820,4378.000,65
,870,4683.000,65
,930,5712.000,65
,1000,5210.000,61
,890,4790.000,59
,140,3299.000,59
,660,4006.000,59
,880,5318.000,59
,940,5256.500,58
,770,5425.000,58
,850,4719.000,57
,990,6267.000,57
,900,5151.500,54
,830,4885.500,54
,1020,5515.000,54
,150,3978.500,52
,840,4196.000,51
,780,5008.500,50
,810,5461.500,50
,910,4854.500,50
,1280,6758.000,49
,960,5631.500,48
,1110,6266.500,48
,130,3701.000,47
,1010,5335.500,46
,980,4702.500,46
,920,5926.500,44
,1060,5552.000,44
,1040,5282.000,44
,1050,5496.500,42
,1100,5653.500,42
,1160,6458.500,42
,950,6362.000,42
,970,6020.000,42
,1080,5774.000,41
,1070,6210.500,40
,60,4376.000,40
,1240,6038.500,40
,1140,6105.000,39
,1130,5926.000,36
,1090,6401.000,34
,1320,8079.000,34
,70,4162.500,34
,1180,7671.000,33
,1150,5870.000,33
,1220,6280.000,33
,1030,6552.500,32
,1190,5400.500,32
,1230,5930.000,32
,80,3731.000,32
,110,4373.000,32
,1340,8617.000,31
,1420,7810.000,29
,1250,7352.000,29
,1440,6341.500,28
,1290,6069.500,28
,1530,8140.000,28
,1120,6410.000,28
,1450,6300.000,27
,1200,5642.000,27
,1270,6851.000,27
,1170,6476.000,27
,1470,7498.500,26
,1310,7189.500,26
,1490,9550.000,26
,1370,5851.500,26
,1410,7046.500,26
,120,3191.000,26
,1460,7632.000,25
,1210,5780.000,25
,1350,7622.000,25
,1390,7178.000,25
,1590,6137.000,24
,1260,8008.000,24
,100,4356.500,24
,1540,7228.500,24
,1510,6488.000,23
,1330,6277.000,23
,1660,7460.500,22
,1720,7745.000,22
,1910,10676.500,22
,1400,6447.000,21
,1430,6981.000,21
,1630,8286.000,21
,1500,6748.000,21
,1360,7295.000,21
,1710,8656.000,19
,1610,5497.000,19
,1800,7119.000,19
,1770,7744.000,19
,1300,7265.000,18
,1980,8421.500,18
Desktop,-10,4045.000,18
,1480,9081.000,17
,1520,7218.000,17
,1750,5680.000,17
,1740,9616.000,17
,1380,6756.000,17
,90,4551.000,17
,1950,10308.500,16
,1550,10172.500,16
,1680,7748.500,16
,1860,7071.000,15
,1940,9254.000,15
,1570,6821.000,14
,2110,8597.000,14
,1880,9102.000,14
,1730,7009.500,14
,1640,6455.000,14
,1760,5733.500,14
,1700,6111.000,14
,2000,10263.000,13
,2120,7656.000,13
,1650,7520.000,13
,1890,6692.000,13
,1620,10586.000,13
,1790,7257.000,13
,1970,6712.000,13
,1990,9758.000,13
,1850,7184.000,13
,2060,9405.000,12
,1820,8037.500,12
,1930,8538.500,12
,1560,6317.000,12
,2400,6026.000,12
,2050,12125.500,12
,2160,8799.000,12
,2100,7309.500,12
,2030,9437.000,12
,1830,6959.000,11
,1840,6958.000,11
,2210,9016.000,11
,1780,11546.000,10
,1670,5475.000,10
,2020,5919.500,10
,2200,9007.500,10
,2550,9713.500,10
,1810,8826.000,10
Other,10,3490.000,10
,2230,9693.000,10
,2380,7636.500,10
,1690,7888.000,10
,2080,9182.000,9
,2290,9154.000,9
,1580,6978.000,9
,2330,7192.000,9
,2600,9751.000,9
,1920,6795.000,9
,1900,6906.000,9
Mobile,-2147483650,10868.000,9
,2270,7825.000,9
,2220,12694.000,9
,2090,7184.000,9
,1600,10150.500,8
,1870,10855.000,8
,2350,6938.500,8
,2010,10677.500,8
,2040,6358.500,8
,2320,7977.500,8
,2500,8950.000,8
,2170,7853.000,8
,2390,8199.500,8
,2510,9566.500,8
,2360,10102.000,8
Other,410,6859.000,7
,2260,7953.000,7
,2310,7692.000,7
,2630,12208.000,7
,2140,7703.000,7
,2250,10226.000,7
,2190,11809.000,7
,2530,10881.000,7
,2450,10623.000,7
,2610,11888.500,6
,2740,9538.000,6
,2410,16052.000,6
,2720,8178.500,6
,2280,7725.000,6
,2620,10563.000,6
,2650,10614.000,6
,3000,11495.000,6
,2180,10677.500,6
,2540,10261.500,6
,2240,7012.500,6
,2820,7555.500,6
,2590,5489.500,6
,2130,4804.000,6
,2660,6882.500,6
,2680,10941.000,6
,2070,8118.000,6
,2810,13051.000,6
,3970,14205.500,6
,3010,5083.000,5
,2970,6785.000,5
,3110,9471.000,5
Other,420,6474.000,5
,2690,9697.000,5
,2750,11020.000,5
,2470,12083.000,5
Other,490,9313.000,5
Other,350,9705.000,5
,3580,10118.000,5
,2640,7650.000,5
,2870,9832.000,5
,2300,16376.000,5
,2880,7814.000,5
,2950,12170.000,4
,1960,9896.000,4
Other,330,4489.500,4
,2910,9673.000,4
,3140,7413.000,4
,3680,8708.500,4
,3280,11017.000,4
Desktop,-20,10785.000,4
,3250,9733.500,4
,2440,7699.000,4
Other,550,2743.000,4
,2370,7800.000,4
,3030,9855.000,4
,3080,9936.500,4
,2830,11619.000,4
,2460,11692.500,4
,2430,7079.000,4
,2580,10045.500,4
,4010,12185.000,4
Other,500,7579.000,4
,3480,9631.000,4
,2420,7763.000,4
,3160,25148.500,4
,3380,8774.000,4
,3810,13074.000,4
,3210,10690.000,4
,3600,13113.000,3
,2930,13422.000,3
,2480,15308.000,3
Other,370,2086.000,3
,3910,10245.000,3
,2700,14007.000,3
,2790,9889.000,3
,2890,11710.000,3
,2340,7009.000,3
Other,390,9845.000,3
Other,870,11425.000,3
,3150,11660.000,3
,2860,9851.000,3
,3120,7846.000,3
,3880,11464.000,3
,2940,13011.000,3
Other,1510,23395.000,3
Other,100,2836.000,3
,3750,8903.000,3
,2670,8000.000,3
Other,2080,11850.000,3
,2780,10531.000,3
,3340,11855.000,3
Other,260,9219.000,3
Other,740,5061.000,3
,3040,7830.000,3
Other,1220,4174.000,3
,3800,10921.000,3
,2150,8207.000,3
Other,530,2716.000,3
,2710,8651.000,3
Other,1340,16409.000,3
,3620,8721.000,3
,2520,7340.000,3
,4390,24295.000,3
,3780,10455.000,3
,2850,14974.000,3
,4030,14038.000,3
Other,840,4669.000,3
,3830,5519.000,3
Other,650,8120.000,3
,3550,6721.000,3
Other,880,4674.000,3
,2980,11204.000,3
Other,610,4335.000,3
Other,510,13185.000,3
Other,20,4872.000,3
Other,620,9229.000,3
,3090,12553.000,3
,4800,14761.000,3
,4490,27358.000,3
Other,930,8957.000,3
,3130,9943.000,3
,3290,15613.000,3
,2960,12878.000,3
,3190,11944.000,3
,3260,16338.000,3
,2920,7432.000,3
,3640,9443.000,3
Other,540,2122.000,3
,3890,12219.000,2
,3400,9477.500,2
,4190,15086.000,2
Other,580,6562.500,2
Other,1410,35341.000,2
,4670,8978.500,2
,4180,8656.000,2
Other,470,7250.500,2
Other,1020,7543.000,2
Other,140,2910.500,2
Other,190,6395.500,2
Other,290,9889.500,2
Other,1390,5650.500,2
,4400,15365.000,2
Other,1140,10263.000,2
,3590,12553.500,2
,4280,21928.000,2
,3540,9228.500,2
,2770,6950.500,2
,2840,12173.500,2
,3610,12281.500,2
Desktop,-330,5498.000,2
Other,90,10861.500,2
,3760,13646.000,2
,3330,12072.000,2
,4200,11160.000,2
Other,1820,135600.000,2
Other,150,24955.000,2
Other,1100,8150.000,2
Other,680,3675.500,2
Other,960,11686.500,2
Other,1200,9997.500,2
,3990,9804.500,2
Other,2210,26494.500,2
,4860,19039.500,2
Other,810,22115.000,2
Other,770,9817.500,2
,4290,9721.000,2
,3390,5730.000,2
,2900,8804.500,2
,3270,9859.000,2
,3510,5407.000,2
,3360,10673.000,2
Other,600,5583.000,2
Other,1230,11234.500,2
,3860,15364.500,2
Other,70,5215.500,2
,4440,12202.500,2
Other,640,13438.500,2
Other,1550,23512.000,2
,2760,15686.500,2
,3220,10647.000,2
Other,480,11333.500,2
Other,760,4538.000,2
,4410,13027.000,2
,4940,10062.000,2
Other,720,13743.500,2
Other,1500,10079.500,2
,3840,11570.500,2
,4610,46311.000,2
Other,710,7807.500,2
,4870,11833.500,2
,4080,18600.500,2
,4300,16333.000,2
Other,850,6868.000,2
,3740,19568.000,2
,3960,18396.500,2
Other,780,17088.500,2
,2730,8634.500,2
,3410,11437.500,2
,3440,9595.000,2
,3790,17765.000,2
Other,900,12319.000,2
Other,1050,5233.000,2
,2490,13539.500,2
Other,980,13889.000,2
,2800,7340.500,2
,3940,11994.500,2
Other,1610,8907.000,2
Other,700,6426.000,2
,3660,11386.000,2
Other,240,5326.000,2
,3070,8491.000,2
,3060,8527.000,2
Other,1580,18395.000,2
Other,2340,12551.500,2
,4100,15365.000,2
,2990,7222.000,2
Other,970,7402.000,2
,3980,10679.500,2
Other,1790,12983.000,2
,3200,33351.500,2
,3870,14031.000,2
Other,1600,11384.000,2
,3420,7354.000,2
,3230,9070.000,2
Other,1120,7806.500,2
,3630,12236.500,2
Other,790,9942.000,2
,3670,12717.500,2
,3170,12043.000,2
,4110,19425.000,2
,2570,5001.000,2
Mobile,-23040,2801.000,1
Other,1630,40013.000,1
Other,80,1504.000,1
Tablet,-355980,8749.000,1
,3460,12373.000,1
,4340,7103.000,1
Other,3260,52853.000,1
Tablet,-61060,1943.000,1
Tablet,-120,5226.000,1
Other,120,3080.000,1
Other,2050,21886.000,1
Desktop,-3410,1867.000,1
Other,340,6728.000,1
Mobile,-22580,5187.000,1
Mobile,-137960,1185.000,1
Other,1920,5827.000,1
Mobile,-145590,3555.000,1
,3690,9686.000,1
Mobile,-8590,2318.000,1
Other,690,1451.000,1
Mobile,-47950,3406.000,1
Mobile,-30050,2335.000,1
Other,1040,7540.000,1
,4040,8091.000,1
,4730,7960.000,1
Mobile,-35430,1313.000,1
Other,1730,16487.000,1
,4780,11777.000,1
Other,1570,12327.000,1
Other,1190,21753.000,1
Other,590,8822.000,1
Other,4920,13847.000,1
Other,1690,9568.000,1
,3500,10662.000,1
Mobile,-37790,1669.000,1
,3320,19121.000,1
Other,2440,6986.000,1
Other,660,1470.000,1
,5000,20636.000,1
Other,1370,4379.000,1
Mobile,-20520,6505.000,1
Other,3390,38371.000,1
,3820,7753.000,1
,4640,14833.000,1
Other,380,2462.000,1
,3720,7102.000,1
Mobile,-11490,5758.000,1
Tablet,-31190,3329.000,1
,4920,10569.000,1
Other,3880,5938.000,1
Other,1590,9792.000,1
Mobile,-22960,2564.000,1
Mobile,-321450,5027.000,1
,4540,13900.000,1
Other,2120,7053.000,1
Other,750,4038.000,1
,4770,13349.000,1
,3100,16181.000,1
,4480,13248.000,1
Mobile,-47050,2308.000,1
,4680,8633.000,1
Mobile,-42580,17346.000,1
Other,1310,4421.000,1
Other,3760,15869.000,1
Mobile,-64490,3896.000,1
Mobile,-28120,12041.000,1
Mobile,-23680,205.000,1
Mobile,-5735960,7219.000,1
Other,940,41814.000,1
Other,1780,7013.000,1
Mobile,-133980,5216.000,1
Other,1490,16583.000,1
Other,3420,10035.000,1
Other,1540,4626.000,1
,3020,8578.000,1
Other,1650,9056.000,1
,4500,54669.000,1
,4600,8502.000,1
Other,1890,2688.000,1
Mobile,-504050,4310.000,1
Other,2460,14611.000,1
Mobile,-12600,2677.000,1
,1170,14379.000,1
Other,4590,6549.000,1
Mobile,-22350,656.000,1
,4220,12414.000,1
Other,180,3398.000,1
Other,1850,9906.000,1
,3700,21899.000,1
Mobile,-74870,2569.000,1
Mobile,-8500,2586.000,1
Other,2400,16561.000,1
Mobile,-28380,302.000,1
Other,200,4262.000,1
,4240,16095.000,1
,1790,5942.000,1
Other,3090,9295.000,1
,3920,19778.000,1
Other,1270,7139.000,1
,4560,14748.000,1
,3760,6386.000,1
,3710,11123.000,1
Tablet,-72040,1016.000,1
Other,2130,6100.000,1
Mobile,-20170,1292.000,1
Mobile,-11190,1817.000,1
Other,1300,9983.000,1
Mobile,-71590,8458.000,1
Mobile,-49540,1547.000,1
Mobile,-8320,2984.000,1
Mobile,-14850,3425.000,1
,4360,13333.000,1
Other,2190,6175.000,1
,4350,21756.000,1
Other,450,83977.000,1
Mobile,-9580,1134.000,1
Desktop,-50,1530.000,1
Other,1860,7422.000,1
Other,170,2736.000,1
,4330,14461.000,1
,3430,20010.000,1
Mobile,-122920,6306.000,1
,3310,8789.000,1
Other,4820,17381.000,1
Other,160,4318.000,1
Mobile,-55510,1818.000,1
Other,1090,18353.000,1
Mobile,-78680,3816.000,1
,4510,25467.000,1
Other,2700,310157.000,1
Mobile,-41450,3295.000,1
Other,4230,30195.000,1
Other,630,1403.000,1
Other,570,8238.000,1
Other,1420,4678.000,1
Mobile,-19460,899.000,1
Mobile,-59860,2476.000,1
Other,520,9029.000,1
Desktop,-160,2695.000,1
Other,730,9146.000,1
Mobile,-30340,726.000,1
,4270,5831.000,1
Other,3870,14926.000,1
Mobile,-45450,1849.000,1
Desktop,-170,3789.000,1
,2700,5888.000,1
Mobile,-45320,640.000,1
Mobile,-23480,1221.000,1
Mobile,-11070,2260.000,1
Other,2070,50069.000,1
,3520,24805.000,1
Other,3080,19000.000,1
Mobile,-141350,2722.000,1
,4380,14350.000,1
,4370,9606.000,1
,4650,5882.000,1
Mobile,-52850,12760.000,1
,3050,6693.000,1
Desktop,-30,6537.000,1
,4070,20003.000,1
Other,1930,5595.000,1
Other,2570,3364.000,1
Mobile,-77990,265.000,1
Other,2300,12130.000,1
Other,40,7716.000,1
Mobile,-64240,6635.000,1
Other,4970,20969.000,1
Mobile,-44710,3833.000,1
,4660,7496.000,1
Other,2140,10952.000,1
Tablet,-220,2624.000,1
,3370,6933.000,1
,4310,8736.000,1
Other,60,24901.000,1
Other,2790,18869.000,1
Mobile,-20830,820.000,1
Other,3900,10762.000,1
Mobile,-49340,3838.000,1
Mobile,-30020,3624.000,1
Mobile,-43390,554.000,1
,3730,23284.000,1
Other,670,10692.000,1
,140,2844.000,1
Mobile,-80030,8173.000,1
Other,2690,17972.000,1
Mobile,-15470,2698.000,1
,4790,7534.000,1
,4430,9892.000,1
,3180,6513.000,1
Other,2740,5887.000,1
Other,430,19938.000,1
,3530,14001.000,1
Other,560,14272.000,1
Desktop,-605160,5148.000,1
Other,1010,13510.000,1
,4160,19665.000,1
,3300,12724.000,1
Other,860,7545.000,1
Other,2250,3123.000,1
,4520,8937.000,1
Mobile,-229170,7132.000,1
Other,910,2170.000,1
Mobile,-24220,1128.000,1
Other,2220,12874.000,1
,3350,53367.000,1
Other,1990,16480.000,1
Other,220,5409.000,1
Desktop,-150,4604.000,1
Tablet,-59080,2576.000,1
,4170,3977.000,1
,4210,9109.000,1
Mobile,-17200,5354.000,1
Other,1110,7739.000,1
Mobile,-2042270,25588.000,1
Desktop,-350,1022.000,1
Desktop,-2460,4909.000,1
Mobile,-59600,8435.000,1
Other,4840,8138.000,1
Mobile,-56850,378.000,1
Mobile,-403580,3422.000,1
,2560,9351.000,1
Other,1940,5498.000,1
,4990,16035.000,1
Other,50,4264.000,1
Mobile,-24710,1141.000,1
Mobile,-13520,2149.000,1
Other,3630,8418.000,1
Desktop,-1670,7525.000,1
Other,3500,12510.000,1
Other,950,7448.000,1
,4970,14851.000,1
,4830,16098.000,1
Other,2940,38507.000,1
Other,2860,12112.000,1
Mobile,-4920,2617.000,1
Mobile,-24400,3380.000,1
,4690,10241.000,1
,3490,11843.000,1
Tablet,-27750,735.000,1
,270,4074.000,1
Other,3370,86632.000,1
Other,2610,11031.000,1
Mobile,-63880,45128.000,1
Mobile,-10090,2194.000,1
Other,990,5536.000,1
Other,4320,7164.000,1
Other,3250,26419.000,1
Mobile,-155280,1139.000,1
Mobile,-40650,1548.000,1
Other,2580,18770.000,1
,4620,11281.000,1
,4710,9301.000,1
Mobile,-12290,1864.000,1
,4960,34741.000,1
Other,1350,5974.000,1
,3560,16156.000,1
Other,1450,14424.000,1
,4760,20930.000,1
Tablet,-119430,3786.000,1
Other,4450,17941.000,1
Desktop,-220,1621.000,1
Mobile,-35660,774.000,1
Mobile,-37940,2340.000,1
Desktop,-180,3036.000,1
,3240,11045.000,1
Other,1770,6707.000,1
Mobile,-53380,1233.000,1
,3850,6521.000,1
Mobile,-271690,7691.000,1
Tablet,-123550,3938.000,1
Other,1520,2393.000,1
,4140,14999.000,1
Tablet,-1654960,2284.000,1
Tablet,-540960,1550.000,1