JS_SIZE,TTI,FREQ
75148,3213,617255
111,3138,561556
17885,2791,393475
104,3527,317045
378,3683,176025
75151,2797,167639
171,3095,145628
419645,3144,123763
1024,4963,107660
18069,2936,103907
5206,2980,99063
554,3818,90277
342,6094,86793
344551,3534,82528
283,2772,81259
22037,1636,80066
1054,4399,79810
20032,5189,79753
707774,16082,78608
420319,2958,76951
67134,4619,75866
433870,3409,72517
175,4108,70231
9632,3139,63381
267,3275,63274
284,3308,61071
419776,3276,57064
1025,4566,54895
20033,5179,51175
433850,3931,49809
113,3357,48063
375,4241,47843
421,6041,47712
419703,4381,46713
344555,2653.5,46062
112,3264,45340
652,5310,45218
437869,1385,45121
17860,3924.5,44690
24149,3480,44527
20031,5226,43691
345542,4371,43518
80426,6455,42664
357,4869,42544
1087,3702,41116
64,3163,40361
1998,2401,39363
22277,1770,39273
182,6650,39015
472,6426,38525
75130,3621,37468
910853,24252.5,37340
15690,21311,37161
106,3492,36858
867,9691,36847
15657,3662,36467
377,4161,36388
335,646.5,36326
911298,41951.5,36250
1053,4522,36203
433847,2410,35077
658,4280,33908
20206,4908,33841
1364,4844,33807
2694,5138,33705
2695,5082,33474
35826,5086,33434
527,4757,32895
388,4527,32500
545,3719,32406
110,3317,32071
2009,2299,31958
962,5527.5,31552
27526,4367,31275
419599,2574,31193
75154,2728,30868
2032,5314,30282
2033,5129,30136
18071,2722,29800
661,4350,28978
105,3590,28577
2031,5306,28558
943,4492,28045
379,3951,28016
473,5780,27885
15598,3995,27786
68,3578,27665
481,4357,27590
22010,1959,27323
670,4309.5,27166
532,4945,27059
989,2862,26789
1095,4756,26673
2978,5915,26656
15873,7624,25994
2696,5063,25986
707868,14801.5,25940
1086,3754,25394
2979,5967,25329
249,4086.5,25052
15550,4247,24747
582,4777,24642
2693,5131,24515
259,3838,24296
71589,2662,24241
371,3778.5,24166
172,3205.5,24026
15663,5253,24009
778,5658,24001
17887,2900,23805
1107,4804,23617
153,2933,23478
10287,6329,23397
345358,4687.5,23262
34289,4485,23018
11715,4704,22889
536,4445.5,22788
420,5940,22665
493633,9729,22628
533,5251,22617
291,3920,22547
419678,2571,22536
185,2856,22501
557,4500,22259
103,3422,22213
203,2797,22149
708024,17262.5,22148
496,4815,22090
11091,3245,22001
559341,5679,21997
11089,3184,21857
1072,4397.5,21778
11090,3196,21659
977,5364,21627
2977,5876.5,21584
11092,3213,21567
66676,2688.5,21504
2034,5287,21465
11093,3235,21459
866,8167,21417
11088,3223.5,21410
762,2187,21407
493672,10393,21310
71571,2692.5,21286
419625,3424,21154
11087,3217,21086
184,3371,21053
585,3586,20884
493652,9155,20869
567,4050,20836
11094,3214,20782
187477,3212,20732
2008,2236,20720
11095,3218,20651
707995,14237,20593
11086,3167,20464
345541,4404,20413
256,3837,20377
990,3186,20375
15559,4023,20216
1096,4627,20195
11096,3250,20187
238168,1538,20186
419651,3068,20141
485,4665,20066
11077,3194,19939
2030,5259.5,19888
11076,3175,19807
275,4945,19723
11078,3195,19666
11079,3185,19645
457,4036,19637
420307,2928,19572
347740,3631,19551
777,4783,19515
11351,3582,19505
344602,2730,19499
452,3216,19476
11353,3556,19454
11085,3213,19277
1038,5311,19255
58391,7331,19253
11354,3565.5,19242
11101,3245,19212
11097,3240,19193
11075,3201,19181
326850,5252,19164
146394,5658,19143
471,4691,19131
566,4102,19115
11080,3189,19107
11098,3226,19091
11352,3534,19056
78843,3886,19043
9641,3673,19020
419683,5010.5,18866
456,4394,18841
344,5459.5,18812
419730,2686.5,18686
2980,5944,18678
18070,2894,18676
387,4459,18674
21983,2019,18630
11084,3221.5,18622
11349,3561,18584
402,5450,18579
11355,3546,18576
11074,3188.5,18512
11350,3531,18468
35742,6007,18431
202,4009,18422
11081,3221,18418
1253,4920,18387
355,4484.5,18382
11356,3575,18370
11082,3228,18344
418,5549.5,18316
707855,15737.5,18278
11102,3231.5,18248
11099,3274,18247
11100,3251,18197
11083,3219,18189
1750,2498,18171
776,4731,18139
11103,3254,18108
11348,3556,18059
493653,10945,17996
67916,5182,17949
9752,3805,17937
21981,1950,17911
684,6331,17904
1106,4513,17847
331,4866,17843
326851,5264,17837
560,3874,17809
419709,3624,17798
594474,2356,17795
468,5547.5,17748
1962,1766,17742
707775,13799,17725
186,3420,17650
11358,3586,17583
11357,3571,17524
299898,3926,17458
11104,3267,17453
18152,3851,17446
51111,1952,17405
16187,3852,17400
30561,14383,17379
433861,3475.5,17342
419834,4561.5,17270
11073,3235,17235
346,3890,17221
11576,4569,17175
11347,3545,17169
17886,3112,17159
11364,3541,17032
11105,3255,16986
10557,3192,16972
3063,5168.5,16912
553,3422,16889
11360,3574,16821
11359,3580,16784
51006,1825,16747
11365,3545,16741
2697,5061,16736
11346,3608,16721
339,2924,16679
564,4352,16642
11339,3530,16628
11362,3570,16606
398,4317.5,16602
11072,3209,16580
11106,3278,16556
11363,3570,16554
1363,5061,16547
11337,3620,16521
11366,3554,16506
2280,2895,16501
493635,8814,16489
307955,4103,16478
344818,2766,16469
1071,4629,16455
520,1988,16453
419724,3481.5,16450
11107,3280,16391
15634,1208,16378
15626,4904,16304
15864,7466,16296
11342,3593,16266
534,5916,16255
1058,4451,16237
11338,3585,16231
146548,5630,16222
28246,2763,16218
11340,3615,16201
11361,3591,16131
22012,1854,16122
11108,3303,16112
11341,3660,16107
1165,5388,16070
11071,3263,16030
71535,2344,15915
469,5148,15905
171302,2047,15895
11367,3544,15894
2590,4881.5,15864
2961,16248,15847
10558,3143,15790
22341,1409,15783
261,4519,15781
10556,3189,15780
11343,3620,15767
11109,3287,15748
497,4635,15711
33995,5178,15705
11368,3574,15689
10559,3177.5,15680
10813,3689,15675
1997,2716,15657
11345,3567,15653
51178,1714,15624
345543,4351.5,15606
326849,5195,15594
568,4230,15582
1052,4633,15577
558,4604,15570
772,4212,15548
565,4249,15543
17884,2910,15538
10814,3696,15514
466,4226,15459
10568,3171,15441
50997,2077,15439
15625,2548,15436
11369,3587,15425
10560,3149,15414
11370,3589,15397
204,2586,15389
71607,2695,15386
10567,3186,15342
500,4698.5,15340
344550,3469,15297
10566,3216,15261
11336,3606,15259
1026,5111,15257
11111,3269.5,15254
499,4617,15225
10561,3171,15215
720,2846,15211
11344,3563,15202
10569,3170,15200
11110,3241,15190
494,4471,15171
10553,3163,15147
10555,3171,15119
631,4562,15108
422,5877,15077
419,5518,15071
10554,3154.5,15044
467,4541,15043
1104,4515,15033
345359,4632,15025
10570,3164,15015
498,4628,14980
326870,5288.5,14958
470,4973,14951
10565,3133,14944
669,942,14942
1164,3911,14931
11112,3286,14917
2591,4957,14917
10563,3199,14906
563,4371.5,14900
10564,3191,14897
260,3921,14883
11335,3630,14880
649,4213,14851
10820,3477,14839
10571,3181,14817
10552,3183,14798
10551,3130,14788
10562,3191,14773
15658,3782,14765
1927,8489,14763
10572,3192,14750
11113,3279,14726
40521,612,14704
351,3219,14651
523,4711,14649
248,4034,14574
369,3454,14550
721,4269,14536
763,4591,14526
11371,3550,14526
495,4511.5,14504
290,3917.5,14502
779,5148,14492
10573,3185.5,14490
396,5250,14470
3312,4984,14467
11070,3251,14453
2604,1676,14448
1090,4432,14403
419633,3348,14397
775,4781,14384
11372,3590,14379
10574,3174,14373
11114,3298.5,14370
62272,20838.5,14320
10575,3173,14302
501,4274,14302
10550,3158,14289
531,5616,14282
434548,3005.5,14274
11066,3552,14266
389,4805,14247
453,6651,14223
1188,5262,14191
235610,4647,14182
474,5114,14154
373,4197,14151
10549,3145,14109
173,3851,14108
11334,3640.5,14090
1070,4313,14079
2692,5348,14074
186336,2462,14063
417,4700,14045
535,5531,13993
462,3545.5,13984
394,3668,13961
300,3313,13944
186335,2469,13884
22250,2143,13851
367,8602,13832
326871,5292.5,13828
11064,3500,13822
662,4740,13817
2020,2495.5,13808
261930,3935,13793
67135,4562,13772
1114,4435,13766
493576,10678,13762
71553,2957.5,13752
2740,13482,13751
556,4493,13749
380,3848.5,13736
313,5951,13735
36351,2267,13732
1108,4166,13731
1094,4585,13708
10548,3133,13705
11115,3310,13701
1105,4654.5,13616
157364,2785,13612
10547,3206,13580
437870,1479,13578
11069,3300,13571
10576,3210,13563
10836,3596,13561
354,5033,13536
11373,3556,13527
11068,3367,13517
2976,5859,13478
5690,3344,13468
10819,3551,13453
139514,1712,13405
344674,2906,13387
1913,2233,13380
2702,5591,13378
17800,12048,13377
2279,2941,13363
3311,5119,13359
11374,3621,13356
3332,1569,13347
10821,3573,13342
10845,3628.5,13302
11333,3659,13297
20034,5308,13283
11377,3565,13274
197,4464.5,13274
433841,3879,13272
299905,3970.5,13236
792,3970,13235
10830,3541,13235
706,4127,13230
75139,3640,13223
11376,3614,13207
164737,3967,13198
10825,3581,13193
10822,3619,13182
10835,3588,13180
433934,3455,13136
230083,3083,13135
11399,3408,13122
804,4496,13121
10834,3548,13114
433911,2362,13102
11375,3573,13099
10824,3564,13091
156755,5400,13077
165,4633,13068
397,4265,13053
1103,4395,13040
10546,3131,13018
63905,5252,12995
1075,3720,12986
10828,3564,12985
10827,3560,12982
10837,3653,12967
2035,4727,12947
11116,3338,12940
10826,3567,12882
550,5036,12869
806,4715.5,12836
638,5218,12805
2701,5529,12796
11332,3610,12795
10831,3577,12794
326852,5283,12779
206,3240,12776
10829,3603,12762
10545,3166,12755
2592,5055.5,12742
196336,4550,12725
10833,3518,12675
492,4255,12671
2589,4896,12666
30570,14798,12654
10839,3637,12649
1064,4065,12649
1073,4526,12641
1066,4266,12622
10832,3566,12612
10815,3606,12577
2278,2999,12577
10577,3189,12562
10823,3548,12561
10812,3663,12551
1085,3491.5,12546
10544,3144,12509
883,3905,12491
18100,3259,12470
493,4381,12453
399,4135.5,12446
17668,1225,12427
2703,5786,12427
11067,3335,12393
528,6691,12381
186337,2447,12369
11218,4408,12355
10817,3565,12354
2981,6012,12353
71625,2653,12352
186334,2445,12321
562,4557,12319
1063,4316,12315
11065,3361,12252
463,3272,12215
11378,3645,12206
1055,4626,12198
257,3663,12181
942,4871.5,12162
1097,4378,12145
486,4565,12130
10578,3241,12119
10844,3654,12090
35835,4988,12074
326869,5266,12051
10842,3676,12004
1379,5191,11998
10816,3569,11981
1065,4406.5,11972
10841,3636,11951
11057,3335,11948
1155,4733,11942
10818,3505,11924
10543,3130,11924
455,4983,11923
1067,4473.5,11922
1057,4715,11921
480600,11843,11911
10838,3680.5,11888
530,5547,11868
419697,4066,11862
433852,3551,11861
988,5167,11859
49372,1746,11858
15629,6660.5,11854
11117,3322,11853
1074,4272,11847
22035,1501,11845
345618,4426.5,11842
465,4525.5,11808
1174,7883,11808
146393,5688,11803
36369,2278,11799
416,3343,11799
15617,3595,11797
1456,4250,11787
10843,3698,11769
11331,3599,11751
774,4600.5,11740
525,6071,11738
600,4145,11720
420450,2993,11718
11063,3370,11679
802,4476,11679
10580,3257,11655
2029,5410,11634
87538,5785,11608
537,5847,11591
62488,5860,11591
793,4543,11585
10928,3019,11583
1056,4928,11578
10579,3223,11575
10847,3591,11573
20041,4631,11573
347743,3369.5,11566
378779,5268,11545
157,3808,11525
10581,3215,11524
10840,3662,11519
1189,4874,11511
2944,3575,11509
1076,4220,11506
714,4588.5,11500
83,2224,11497
10582,3238,11491
39363,1703,11491
11056,3351,11483
11330,3636,11480
868,8163,11459
176,4495,11412
526,5468,11384
11061,3397.5,11374
552,4626,11374
544,3851,11368
548,4147,11363
11062,3436,11349
11379,3594.5,11338
10542,3161,11331
2943,3525,11321
325403,6685,11317
464,3841,11303
10583,3199,11298
551,4560,11287
1252,5204,11274
345000,5534,11253
559510,5450.5,11248
350,2820,11205
1069,4436,11171
1079,3848,11155
81324,8952.5,11144
857,6123.5,11138
2281,3131,11123
163639,6427,11108
1061,4481,11099
708744,11283.5,11092
2093,5554,11089
10584,3184,11083
482,4531.5,11080
539,5965,11072
1102,4319,11071
36267,2551.5,11064
15701,13628,11053
1039,5176.5,11044
549,4499,11029
54,2733,11027
1049,4707,11019
1115,4518,11019
312,2910.5,10992
484,4740,10987
325404,6567.5,10986
790,3909,10977
1077,3953.5,10972
1088,4053,10969
1392,6888,10957
10807,3582,10936
1393,6916,10921
2252,5264,10915
10810,3566,10903
1452,3914,10900
419767,4446,10897
10811,3559,10895
2698,5191,10885
529,6394,10881
561,4864,10874
794,4925.5,10852
11058,3300,10842
1060,4626,10823
10848,3604,10815
569,4495,10808
58390,7606,10802
10846,3662,10798
20263,2015,10798
384,4421,10795
538,6029.5,10788
1161,3602,10775
10809,3564,10769
20042,3253,10766
1166,4836.5,10764
458,5183,10756
1314,3606,10754
1050,4617.5,10754
98666,4537,10753
10541,3160,10751
11059,3305.5,10750
1154,5000,10739
1162,3800.5,10732
390,4728.5,10712
1051,4757,10703
459,4485,10691
11055,3288,10690
640,5201,10679
166,4186,10677
67139,4499,10661
11329,3600,10659
11323,3488,10657
1156,4939,10657
1062,4213,10638
11060,3331,10634
11380,3568,10631
1268,5017.5,10628
294705,6834,10624
2704,5870,10618
915,4221,10593
559,4478.5,10582
11118,3413,10575
264,4246,10573
1059,4668,10561
2501,2892,10559
10585,3230.5,10556
2251,5356,10549
1113,4136,10547
2700,5544,10541
10852,3644.5,10540
438131,1340,10532
303,2685,10528
1153,4936,10508
10808,3537.5,10506
419680,3124,10505
1476,5690,10489
475,4954,10485
547,4289,10483
1080,3704,10471
1457,5342,10461
10797,3468,10457
84,4716.5,10454
11575,4549.5,10452
524,5539.5,10448
1163,4553,10447
1089,3991,10447
4127,3070,10445
1167,4348.5,10442
1394,6614,10433
945,5404,10431
1109,4412,10429
10536,3162,10418
1181,5005,10415
4889,947,10393
1635,4625,10392
198041,1100,10392
10806,3587,10388
1448,4741,10379
11319,3602.5,10378
10589,3329.5,10374
52988,3585,10349
10540,3184,10346
10535,3172,10340
10789,3381.5,10314
1472,5831.5,10306
261931,3933,10304
1091,4262,10303
299,6531,10282
10534,3151,10279
10538,3180,10264
1391,6736.5,10258
1473,5536.5,10244
559377,5776,10243
1475,5508,10240
10586,3251,10235
660,4259,10233
725,4320.5,10230
51119,2235,10227
11328,3604.5,10224
692,3880,10218
912106,27647,10215
10849,3655,10213
299900,3976,10206
52997,3382,10196
1926,8036,10187
1477,5879,10180
2253,5109,10179
10539,3193,10179
1474,5515,10169
10537,3171,10164
20030,5474,10159
157363,2697,10154
4888,945,10154
352,3678,10150
1301,5370,10147
591,4180.5,10124
483,4753.5,10124
75145,3476,10119
1368,4867,10109
1440,5342,10104
510,4713,10104
1138,4558,10103
10588,3321,10098
419691,4670,10098
51167,2249,10096
10590,3268,10095
11322,3596,10090
1078,4015,10089
817,3559,10083
149,3309,10075
1185,4199,10060
2250,5644,10055
1101,4210,10048
1478,5806.5,10024
1454,4571,10020
1048,4473,10019
487,4631.5,10010
388179,755,10010
261910,3718,9996
555,4523,9993
39364,1717,9989
71831,3862,9987
404,4602,9975
912551,44130.5,9974
51177,2261,9974
1227,4629,9973
3062,5195,9969
1469,5815,9969
344554,2585.5,9946
11119,3378,9915
715,3695,9913
10591,3256,9910
56738,2047.5,9908
1068,4578,9904
1453,4429,9888
11381,3606,9884
1968,5470,9869
14431,3411,9866
1479,5924,9865
326872,5258,9864
1083,3655,9860
1133,4554,9851
353,4356.5,9848
11318,3683,9844
10533,3197,9842
1092,4348,9840
654,5335.5,9838
420325,3016.5,9834
10587,3202,9827
1179316,2797,9826
10805,3616,9819
345545,4416,9812
348,3649,9811
3094,4588,9809
1459,5767,9809
11054,3291,9805
419689,3300,9799
1134,4584,9788
1152,4665,9784
22039,1630,9781
1471,5753,9778
460,5316,9777
262,3727,9764
1140,4681,9755
11325,3660,9753
11327,3580,9745
765,4899,9734
49373,1289,9733
1043,4306.5,9726
1433,5021,9725
51168,2080,9719
2705,6118,9718
1119,4678,9713
1116,4489,9711
10592,3258,9711
10853,3686.5,9698
1132,4692,9697
493654,10472,9696
488,4688,9696
32689,2310,9694
702,3988,9682
286,3320,9679
1700,3495,9670
1131,4294,9659
187454,2961,9651
10850,3634,9649
1447,4893,9640
1458,5753,9638
53001,3362,9635
1111,3909,9633
294703,6966,9627
186338,2461,9626
11321,3612,9621
2019,3034.5,9616
186333,2466.5,9600
325402,6700,9599
566456,4130,9597
11326,3629,9596
1184,4619,9595
791,4471,9592
22309,2233,9588
1112,3996,9587
1390,6401,9585
1449,4782.5,9572
1172,4903.5,9570
1387,6191,9569
571,4593.5,9564
1556,5425.5,9564
1158,3854,9557
1100,4256,9550
269670,2627,9543
345539,4615.5,9536
727,4513,9525
780,4907,9521
1093,4288.5,9518
3324,5392,9517
1562,5152,9517
1686,3565,9505
1137,4713,9505
326848,5250,9497
344628,2798,9496
1170,4586.5,9492
1084,4144,9485
11324,3648,9481
376047,3885,9479
1432,5199,9476
10953,3647,9467
1470,5727.5,9466
2942,3608,9455
174,3616,9451
911893,28601,9450
11320,3677,9450
345171,2704.5,9446
10851,3611,9441
1120,4534,9438
11382,3596,9437
1445,4918,9433
1439,5223,9431
11317,3594.5,9424
1125,4653.5,9412
489,4480.5,9408
1168,4815,9398
2593,5137.5,9390
2588,5064,9389
686,4571,9371
912338,44396,9369
1040,4967.5,9368
22223,2208,9357
11120,3416,9355
22221,2162,9352
10532,3183.5,9352
405763,3668,9351
1460,5834,9333
62498,3414,9332
540,6073,9329
1126,4536,9327
493671,10932,9314
9633,3181,9307
1455,4991,9305
961,4652,9303
184995,1923,9303
1180,4731,9299
52992,3387,9288
1461,5865,9283
748,4982,9279
11384,3630,9277
1446,4923,9276
75334,5163,9273
157385,2799,9271
1099,4219,9267
1557,5684,9265
433838,2586,9265
805,4599,9259
1171,4730,9249
401,5198,9245
1118,4463,9245
1157,4739.5,9242
359,4530,9241
1462,5937.5,9238
1555,5327,9237
10788,3435,9236
490,4532,9229
10804,3545,9221
1563,5348.5,9220
1564,5265,9219
10801,3398.5,9204
1128,4541,9195
766,4919,9194
171813,6805.5,9194
2249,5777.5,9190
1463,5792,9177
1685,3136,9173
576,4235.5,9170
78844,3860.5,9162
10593,3271,9157
1169,4747,9150
716,3718,9143
1257,4572,9138
1436,4959,9135
1464,5863,9131
1041,4500.5,9130
803,4488,9129
846675,10128,9123
1444,4727,9119
450700,3434.5,9114
184327,7174,9111
1524,5076.5,9110
1450,4492.5,9110
407,3308.5,9108
1544,5369,9105
2945,3606,9104
1389,6100,9093
1147,4825,9084
1468,5932,9071
10854,3714,9068
767,4937,9065
2254,5213,9062
1149,4501,9062
1554,5410.5,9058
460420,3568,9057
321443,2259,9055
150991,1753,9049
1523,5047,9048
1553,5170,9044
1525,5335,9037
11383,3535,9035
521,4756.5,9022
1023,4681,9019
2992,6481.5,9018
882,4433,9013
493595,9673,9010
1480,5794.5,9006
4890,972,9005
11123,3418,9005
254758,3290,9001
9154,6694,8996
10856,3652,8993
187519,3121,8989
22252,2066,8986
795,5007,8986
11398,3490.5,8972
11387,3648,8963
10855,3652,8952
1481,5714,8947
570,4922,8944
420308,3069,8939
771,4400,8938
1558,5631,8933
1467,5969,8932
8192,7773,8917
1341,4620,8915
2706,6272,8913
1127,4510,8908
546,4334,8907
395,3951.5,8902
750,4679,8897
11122,3458,8895
9601,3743,8892
30571,14523,8887
12025,5194,8875
491,4311,8868
33854,3947.5,8862
11385,3628.5,8860
768,4924.5,8850
325423,6619,8849
301,6456,8847
1546,5495,8847
1141,4786,8841
10760,3110,8834
1378,5354,8831
1561,5445,8829
11121,3456,8823
1124,4406,8822
2699,5396,8820
345357,4749,8817
1551,5312,8814
10796,3570,8812
1047,4335.5,8808
1441,5191,8808
1150,4615,8804
1701,4104,8799
1129,4561,8794
2613,3535.5,8792
1466,5860.5,8790
2874,5539,8789
1046,4055,8786
1543,5552,8785
10803,3634,8780
10594,3314.5,8780
1082,3940,8779
80427,6683,8776
3573,4739.5,8776
10798,3588,8770
1151,4751,8769
454,5160,8769
665,4472,8767
90173,5114,8762
56737,2006,8762
1121,4452,8759
1465,5761,8756
1395,6162,8751
433832,3686,8749
10531,3184,8743
542,5175,8740
423,4911,8734
11124,3410.5,8720
3159,4525,8719
1081,3971,8716
731,4776,8712
1042,4457,8697
1565,5272,8697
1117,4494,8697
94799,2940,8690
1130,4497,8689
51120,2113,8683
1136,4612,8674
1914,2400,8673
1545,5611,8673
250,4507,8673
1139,4607,8669
2993,6432,8665
493616,10665,8661
431,3608,8660
1142,4778,8651
1552,5317,8651
344497,2955,8646
11148,3002,8639
3136,4578.5,8622
1676,4637.5,8612
1338,5081.5,8610
587,4522.5,8608
1571,5421,8597
1482,5679,8594
345356,4943,8589
10900,3073,8583
1098,4314,8580
1526,5558.5,8576
1566,5207.5,8572
1146,4734,8571
10800,3542,8570
1135,4803,8561
11053,3296,8559
478,5434,8558
787,4956.5,8556
2982,5888,8553
2282,3685,8545
1143,4820,8538
10802,3553,8535
11125,3403,8527
1122,4700,8525
737,4259,8525
1366,5558,8521
10795,3565,8518
1110,4192,8515
522,5740.5,8510
1283,5660,8509
325424,6593,8501
1550,5400,8500
1506,5762.5,8500
10799,3598,8489
1504,6030.5,8482
2007,3560,8480
736,4427.5,8480
1145,4740.5,8478
856,5569,8478
808,4861.5,8474
1572,5403.5,8470
1144,4736,8468
11388,3682,8465
947,4885,8462
265,3525,8459
334,993,8459
761,4903,8457
1123,4553,8451
1687,3492,8451
1568,5372.5,8450
2248,5808,8447
1549,5383,8447
1591,5042,8443
1442,5064.5,8442
1359,5040,8439
2092,6873.5,8428
1581,5280.5,8424
1548,5372,8419
10857,3647.5,8414
16291,4654,8412
11477,4523.5,8406
1173,4972,8403
1583,5673,8399
11316,3606,8396
1014,3787,8384
2295,4135.5,8370
263,3796,8367
11391,3465,8365
1547,5602.5,8362
1443,4960,8357
657,4307,8357
1182,4575,8357
1494,5943,8354
1451,4648,8353
360,3476,8351
1403,5655,8341
1535,5265,8337
1493,5842,8332
1505,6017,8331
10791,3342,8330
622,5941,8329
1037,4841.5,8328
1021,4601.5,8322
1431,5170,8317
1560,5581,8317
1690,3459,8314
1388,6077,8313
1516,5338.5,8304
1570,5601,8297
1688,3787.5,8296
773,4746,8290
75133,3607.5,8286
1258,4704,8286
1522,5266,8283
228,4299,8282
299904,4135,8274
912,5018,8274
738,4431,8262
461,4572,8261
852,4625,8260
1530,5286,8259
966,4204.5,8258
62086,5691,8257
1179,4746,8255
1582,5318,8255
419627,3518,8254
1567,5225,8234
1492,5809,8233
51169,2099,8233
1573,5468.5,8230
668,4049,8225
1011,3761.5,8224
807,4803,8222
327584,4451,8215
1483,5554,8210
1430,5394.5,8206
325405,6600,8199
1559,5560,8193
11386,3554.5,8192
541,5770,8192
1434,5174,8191
493636,10132,8187
3572,4744,8186
9970,1430,8186
1044,4486,8185
1542,5570.5,8184
2624,3622,8182
547341,4042,8177
17458,6731,8176
3227,3893,8174
2091,6896,8171
480,3726,8169
903,7975,8167
509,5234.5,8166
94797,3575,8161
788,4666.5,8152
572,4633,8151
717,4035.5,8150
1429,5129,8148
1499,5180,8147
305122,3468,8146
11126,3501,8145
1816,4639,8141
67136,4924,8119
1593,4970,8117
1503,5887,8117
1501,5228,8113
1267,5115,8104
336,858,8104
1517,5432,8103
58417,7201,8102
1365,5359.5,8102
15998,6639,8095
10595,3346.5,8094
2603,6736,8089
944,5787,8088
1272,4948,8088
1012,3461,8088
1969,7766,8081
1402,5829,8080
1178,4700,8077
1186,4451,8073
1495,5885,8069
1404,5538,8069
1590,5372,8059
656,4420.5,8058
2873,5787,8054
1419,6696,8052
10858,3697,8052
2707,6273,8051
69635,3240,8051
1435,5141,8049
3095,4451,8047
2036,4942,8047
796,4904.5,8044
382,6624,8043
1749,4629.5,8040
211,3889,8038
25191,4697,8037
1689,3396,8035
157386,2779,8031
451,4942,8031
880,5325,8023
1527,5631,8019
2000,3543,8019
749,5128,8002
155,3874,8001
1539,5479,8000
73364,5319,7997
1427,4654.5,7994
11127,3516,7985
1015,4202.5,7984
764,4570.5,7984
432,4201,7975
1148,4660,7971
1528,5708,7969
789,4606,7969
577,4429,7969
116991,3831,7965
1502,5687.5,7960
4887,973.5,7952
502,4549,7952
420380,4173,7949
1266,4606,7944
1372,5316,7933
1496,5694,7931
2617,4463,7930
1569,5459.5,7928
48262,2253,7909
1438,5210,7907
1538,5469,7906
344559,2564,7903
1250,5274,7901
1350,4624,7901
11392,3550,7893
2950,4708,7893
1386,5302.5,7892
573,4727.5,7888
1646,6084,7888
1353,4723,7888
1574,5625,7887
1585,5622,7877
1515,5346,7875
1033,4284,7875
146364,5568,7872
626,4533,7867
713,4147.5,7864
1418,6688,7863
1534,5567.5,7862
386,4426.5,7858
1541,5613,7855
10794,3561,7853
1329,5463,7851
10530,3179,7849
701,3756,7843
238,3337,7843
1513,5445,7843
4128,3382.5,7842
1417,6264,7829
1540,5557,7829
375326,4064,7829
503,3914,7827
71643,2285,7821
67133,4540,7816
1159,4247,7813
11315,3593,7813
1485,5672,7811
15621,1317.5,7810
581,3958,7807
1317,4250,7806
1514,5532,7804
1437,5047,7801
1230,4402,7797
592,4749,7784
1484,5637,7783
1575,5632,7774
1507,5833,7772
247,4715,7771
1304,6298,7770
555643,4375,7764
1500,5226,7763
1251,4989,7761
268625,6272,7753
1016,4799.5,7752
2691,5458,7743
781,4897,7740
315,5373.5,7738
1405,5341,7737
1045,4528,7735
855,5301,7735
10860,3753,7732
11052,3372,7731
1428,5079,7730
1531,5294,7728
1512,5399,7724
430,3812,7724
1491,5665,7723
964,5312.5,7722
2247,5559,7718
11045,3461,7711
1244,4897,7708
700,3284,7703
1511,5508,7700
848,5240,7700
345451,4324,7700
1533,5401.5,7698
2951,4658,7698
1486,5656.5,7696
10501,10908,7695
1194,4532,7695
52995,3544,7694
508,5231.5,7690
15997,6520,7688
1343,5366,7686
75610,2682,7685
15999,6586.5,7684
760,4904,7676
115781,755,7675
1537,5485,7674
1510,5558,7671
3241,6881,7671
2875,5777.5,7670
11044,3533,7668
511,4898,7668
10859,3616,7667
356,4722,7666
1490,5659,7657
1498,5162,7657
549231,4086,7651
734,4457,7648
258,4053.5,7640
1022,4542.5,7636
1276,5203,7635
2991,6395,7635
618,3705.5,7634
641,5158,7634
1812,3256,7628
1518,5441,7626
2090,5981.5,7624
874,5632,7621
1160,4379,7620
1376,5435,7616
1175,5193,7611
94796,3475,7611
1231,4365,7611
1183,4592.5,7610
1521,5277,7609
1508,5668.5,7606
3226,3959,7603
1416,5906,7603
1190,4516.5,7602
2994,6209,7593
1256,4663,7591
1580,5472.5,7586
2255,5413,7586
663748,4422,7584
704,4486.5,7582
2839,4759,7579
1532,5509.5,7560
1957,2919,7555
1529,5798,7549
1520,5432,7546
11390,3588,7545
707797,13771,7540
2028,5467.5,7532
854,5341,7530
707,4607,7529
3228,3961,7528
62750,2628,7526
1579,5353,7521
10596,3320,7521
910362,44861.5,7518
126521,7678,7518
1497,5371,7517
2615,4445,7509
1351,4548,7507
2975,5895,7506
1249,5521,7503
1592,5108,7491
1594,5339,7482
9971,1389,7482
1349,4528,7480
1421,5447,7479
1034,4400,7476
642,5612.5,7470
1928,6511,7465
1177,4948,7464
11128,3443,7458
2608,6061,7454
15618,3347,7453
1271,5216,7453
11389,3696.5,7452
2244,5072.5,7446
34029,5029,7444
1362,5378,7442
3001,5957,7441
1270,5879,7439
2133,4796,7437
114356,4674,7437
3953,9709,7432
2838,5220,7429
419715,3800,7425
10793,3557,7424
52735,2286,7422
1308,5196,7421
1413,4780.5,7418
5224,951,7417
730,4508,7417
800,4722.5,7416
405,3970,7411
78947,4075,7410
1259,5009,7409
2714,5080,7402
96963,4405,7402
1577,5629.5,7400
11129,3394,7400
318486,6349,7399
418589,5073,7398
11886,5005,7398
751,4838,7396
411,4553.5,7396
1377,5169,7396
504,3937,7394
583,4136,7394
1336,5909,7387
1255,4953,7384
1420,6367,7373
1487,5699,7373
3240,6436.5,7372
1342,5088,7365
1489,5524,7365
1589,5375,7364
36360,2367,7363
261929,4021,7363
419712,3342,7361
1187,4569,7357
1601,5521,7355
1335,4897,7354
2479,5237,7354
1576,5667,7353
1586,5561,7347
2713,4900,7347
1584,5650.5,7346
1344,5208,7345
372,5373,7344
740,4559,7340
1396,5804,7334
1488,5599,7333
261911,3864,7332
3000,5630,7331
1588,5462,7329
1229,4348.5,7328
703,6375,7320
50998,2052,7317
786,4805,7317
975,4960.5,7314
343,3532,7311
1347,4841.5,7302
493614,8474,7301
1595,5412.5,7294
1519,5531,7288
1020,4302,7287
30560,15211,7285
11314,3659,7283
2399,4999,7281
1228,4690,7279
326868,5250.5,7274
1334,5937,7265
14344,2934,7260
1587,5668,7257
156,4533,7249
11043,3519,7248
2594,5295,7247
59924,7825,7246
10925,5427.5,7242
1536,5624,7239
274,4115,7235
2246,5323,7232
1176,5014,7229
2552,5426,7220
1214,4157,7218
2840,4989,7215
2620,4997,7214
493577,10919,7214
847,4865.5,7212
325422,6624,7211
1192,4540,7211
1207,4252,7205
1232,4611,7203
744,4903,7202
2999,5655.5,7202
75319,5442,7199
10790,3575,7191
98769,4861.5,7190
428,4457,7189
195971,4638,7185
1509,5577,7185
2941,4055,7184
2228,5891,7181
2715,5443,7179
1367,5640,7177
30767,2835,7171
1254,4772.5,7156
1191,4365,7155
1578,5641,7152
11131,3541,7149
358,6455.5,7146
1218,4824,7143
1352,5106,7139
2655,5146,7135
1401,5894,7132
1735,6708,7131
10861,3733,7131
574,4662.5,7126
11051,3392,7122
3678,4015.5,7122
909917,28267.5,7118
2612,4411.5,7118
3197,3630,7118
11132,3540,7111
2888,5010,7111
2872,5985.5,7110
5223,944,7101
11130,3516,7099
18284,3515,7099
1382,5313,7097
345449,4393.5,7096
2654,5187,7095
872,4031,7093
35827,5511.5,7088
50941,2582,7085
35829,5177,7085
1196,4595,7081
728,4169,7078
11134,3523.5,7076
8183,3346,7070
11046,3453,7069
1017,4556,7069
2587,5317,7068
27670,4547,7065
480581,11677,7057
543,5425,7055
575,4555,7050
836,5278,7043
282,4164,7041
672,3849,7040
5225,1008,7039
1013,3487,7038
1415,5603,7035
933,5170,7034
2551,5472.5,7032
11133,3504,7030
3242,6853,7027
837,5004,7023
10865,4011,7015
651,3872,7013
15869,6906,7013
255581,5764,7012
659,4130,7011
1811,3476,7001
946,4973,7000
2550,5553,6996
476,4905,6996
11040,3371.5,6992
445,4119,6987
685,4403.5,6986
726,4120,6984
1211,4908.5,6976
1734,6942,6967
443,4116,6966
1345,5394,6963
1414,5110,6963
2277,4290.5,6962
326853,5212,6953
15769,5518.5,6950
1348,4680,6950
835,4925,6946
1206,4612,6945
11313,3705,6940
51992,13697,6938
865,5252,6937
1242,5468.5,6936
10792,3562.5,6934
1745,4677,6931
1370,5185,6930
1275,4982.5,6928
1596,5561,6927
52680,1638,6926
3677,3802,6925
1631,5979,6924
285,3779,6923
375369,2985.5,6922
16178,3963,6920
327473,4584,6919
507,5242.5,6918
2623,4454,6917
558976,5667.5,6916
477,5104,6915
42176,8190,6911
213,4737,6909
566457,4333,6903
1597,5619,6903
1607,5664,6903
1326,5295,6902
2656,5228,6898
1629,6017,6896
1422,5190,6891
1406,5454,6890
1248,5333,6887
512,5187,6887
269403,3345,6887
10862,3722,6882
801,4798.5,6880
1603,5507,6879
345540,4521,6878
753,4619,6872
51110,2401,6869
691,4019,6868
1300,5464,6865
2949,4711.5,6864
17815,11074,6864
11047,3452.5,6856
1226,5086,6855
1346,5340,6855
1637,5888,6845
1263,4946,6845
2946,4059.5,6842
1600,5673,6841
2549,5377,6839
627,4026,6839
1340,5562,6838
2558,5709.5,6838
10597,3369,6837
78293,3159,6836
2227,5818.5,6836
1337,5432,6836
15664,4500.5,6834
3283,5503,6833
1610,5736.5,6824
225,4195,6822
2022,4313.5,6820
1638,6043,6820
637,4759,6817
1626,5937,6811
1269,4665,6809
11538,3617,6808
415,3225.5,6808
1813,3325,6807
3002,5960.5,6806
1614,5619,6805
1195,4534,6804
830,4724,6803
816,4694.5,6802
11394,3726,6798
759,4859,6794
1621,5648,6794
1628,5829.5,6794
157002,2549,6790
2559,5876,6789
1608,5738,6788
10864,3879,6787
1598,5700,6787
238167,1559,6784
1612,5918,6783
1599,5645,6782
3310,5390.5,6780
158684,2702,6778
555642,4286.5,6776
10529,3227,6771
864,5377,6771
20254,5762,6770
2503,4783,6768
1743,4935,6768
299903,4168.5,6768
11309,3726,6766
2616,4628,6756
2553,5230,6756
10863,3832,6755
10598,3358,6753
11048,3440,6753
2712,5095,6747
1213,4909,6745
696466,2176,6742
301180,4455,6740
639,5396,6735
2464,5034,6735
1018,4514,6735
936,5488,6733
52745,2299,6733
3096,4751,6733
603,4387,6733
11306,3673.5,6732
11393,3678.5,6730
495571,5490.5,6724
1656,6170,6723
65773,3871,6723
1636,6053,6720
1032,4345,6717
15627,5035.5,6716
11042,3557,6713
1632,5732,6711
1650,6238,6709
7891,8237,6705
419685,4317.5,6704
1220,5002,6702
519,5271.5,6702
198050,1245,6701
2492,4886,6695
214702,3474,6693
797,4701,6691
2563,6069.5,6690
674,2258,6690
3263,5662,6688
2557,5606,6686
831,4675.5,6684
52804,1802,6684
1243,5164,6683
1199,3798,6677
690,4249,6675
1247,5327,6675
2708,6259.5,6674
39362,1770,6672
1744,4769,6670
1645,5750,6664
1617,5670,6662
688,4446,6662
1627,5943.5,6658
479,3781,6657
2459,5366,6654
2237,5026,6653
1652,6002.5,6652
1035,4443,6649
11050,3400,6646
2837,5523,6646
1323,4741.5,6646
1260,5066,6645
834,4487.5,6644
11305,3681,6643
1036,4709,6639
1215,4437,6638
1277,4949,6637
1200,3634,6637
2510,5016,6635
1630,5845,6634
1609,5697,6632
1278,5084,6629
42728,13138,6623
1622,5583,6619
94798,4128,6615
186339,2545.5,6614
55349,4005,6609
1606,5520.5,6608
433854,4208,6605
1625,5808.5,6604
299463,3930,6602
2564,6015.5,6602
858,5820,6600
1653,6230,6598
2716,5451,6598
2463,4997.5,6598
1736,6524,6596
1830,3957,6596
1691,5358,6596
11308,3730,6593
1339,5423,6588
1328,5531,6587
1624,5766.5,6586
2561,5997,6585
1648,6093,6583
10877,3744,6579
2224,5515,6575
2562,5892,6575
1400,5819,6574
1605,5573,6570
1602,5648.5,6570
2094,6716.5,6570
1380,5237,6569
2023,4610,6568
299467,4060,6562
269695,6535,6560
1615,5612,6558
2836,5589,6557
1639,6045,6554
2040,6266,6553
1426,5171.5,6552
1265,5185,6551
2478,5398,6551
43246,3319,6546
1613,5900,6546
299902,4136,6545
2039,5961,6541
4891,1045,6539
970,4972,6537
1616,5630,6536
568402,4370,6533
2021,4369,6533
1633,5953,6532
2245,5255,6529
1611,6015,6529
11307,3686.5,6528
299901,4100,6524
27528,5325,6523
11312,3647.5,6522
1245,5240,6521
2609,5153,6520
1383,5505.5,6518
2610,5213,6518
1657,5970,6517
2222,5735.5,6514
3137,4961,6514
853,5370,6513
1623,5685,6513
330583,2759.5,6512
146704,5845,6509
2044,5009,6507
1859,6129.5,6504
183,3264.5,6502
2653,5295,6500
2554,5369,6499
11049,3434,6499
1604,5589.5,6498
427,4519,6497
419756,3612,6497
2177,6760.5,6496
682,4322,6493
2560,5903.5,6492
2213,4720.5,6492
1031,4415,6484
1823,3617,6481
1655,6239,6480
186332,2536,6480
2816,5422,6477
3679,4707,6475
3323,5533.5,6472
1634,6056.5,6470
1284,5060,6467
1733,6906.5,6464
758,4687.5,6462
1703,4831,6462
2556,5524,6459
1858,6464,6458
1397,5641,6457
798,4696,6457
2555,5492,6454
2221,5673,6453
419666,2603,6453
593,4558,6453
1273,5072.5,6452
2176,6512,6451
2259,5651,6451
75591,3400,6451
34393,4807,6449
1824,4074,6448
1407,5353,6445
425,5266,6444
429,4522,6443
1822,3668,6441
344817,3225,6441
10759,3196,6440
810,4190,6439
1384,5807,6437
1654,6484,6434
2256,5310,6426
11310,3658,6425
643,5639,6419
1693,5385,6418
617,2940,6416
2024,4568,6415
495572,5608,6414
675,4258.5,6412
1019,4190.5,6412
983,5129.5,6408
1425,5071,6408
268709,4529.5,6404
1618,5768,6403
647,4629,6403
2223,5575,6401
1668,5772,6399
152,2915.5,6398
1371,5231.5,6398
1193,4580,6397
1651,6063.5,6396
2952,4816.5,6396
2260,5645,6395
650,5485,6393
833,4156,6390
1354,5241,6389
2639,4677,6388
1702,4717,6382
11876,1776.5,6382
1217,4764.5,6380
1423,5048,6380
1369,5395,6377
2611,5312,6375
385,4790,6373
2983,5697.5,6372
1619,5749,6371
1647,5937,6371
1814,3584,6369
11288,3601,6368
419663,2742.5,6364
420279,2630,6361
433858,3971.5,6360
2257,5356,6359
1659,6083,6356
10770,2961,6353
2906,3613,6352
344816,5477,6351
2276,4609,6350
849,5249,6350
1815,3741,6344
22373,2258,6344
2220,5524,6343
5226,1091.5,6340
400,4095,6338
28276,2988,6335
445546,5791,6335
719,3839.5,6332
20077,5812,6331
612,5490,6331
1222,4770,6329
859,5795,6328
325425,6555,6324
11135,3623,6322
2226,5511,6322
344678,3957,6321
2212,4568,6321
345355,4867,6320
1658,6042,6319
2465,5172,6318
2995,6101,6316
10867,4023,6314
276,4762.5,6314
10599,3386,6311
338,1054.5,6310
10866,3942.5,6310
1620,5796,6309
1332,5167,6309
1641,5889,6309
1642,5941,6308
2225,5527,6308
1233,4867,6307
1330,6196,6305
1684,4970,6305
18044,4260,6304
1274,5074,6303
10893,4493,6303
2324,3597,6301
403,4709,6301
840,5206.5,6300
2829,7899,6296
2016,4750,6295
419692,3786,6291
784,4767,6287
2876,5612,6287
1640,6142,6283
1299,5366,6278
2239,5288,6277
2595,5540,6269
1649,6042,6269
2586,5276,6268
41285,5791,6268
2258,5601,6266
902,6886.5,6260
2210,4365,6260
11304,3717,6259
2871,6213,6258
11303,3707.5,6256
3365,4629.5,6256
1424,5063,6256
2211,4347,6252
1699,5040,6252
2548,5515.5,6250
66,3288,6249
1398,5498.5,6236
15648,3997,6234
1385,5724,6229
3229,4134,6224
344533,4215,6223
2467,5176,6222
2721,5941,6222
27672,5628.5,6218
13966,4171,6218
1224,4489,6215
844,4870,6215
2547,5393.5,6210
506,5206,6209
1732,6641,6205
31390,4281,6202
370,4246.5,6202
2835,5732,6201
2579,5491,6201
644,5435,6200
770,4600.5,6196
1322,5063,6189
1179334,2883,6185
673,2691,6182
89876,1665,6179
127,3726,6179
67137,5069,6178
1210,5110,6178
1290,5158.5,6176
1704,4777.5,6176
1009,3804,6174
1298,5582.5,6174
306,3888.5,6174
991,4291,6173
2155,4154,6170
2570,5854,6168
10600,3435.5,6168
846,4899,6166
718,4258,6166
2025,4685.5,6166
1219,4913,6164
333,2454.5,6164
2841,5161,6161
838,5446.5,6160
11041,3468,6159
2607,5319,6156
1246,5392,6156
2359,4288.5,6156
960,4800.5,6154
2577,5508,6154
69627,3276.5,6154
2546,5573,6152
2580,5392.5,6152
1857,6378,6150
832,4365.5,6148
2494,5467,6148
752,4930,6147
11136,3531,6143
30536,13925,6143
8648,3394.5,6142
255,3431,6141
1644,5938,6141
1262,5220.5,6140
1999,6494,6135
2719,5825,6132
1239,4683,6131
2262,5597,6131
2581,5423,6127
441456,7321,6127
2203,5143,6125
635,3614.5,6124
2261,5624,6124
1660,5995.5,6124
299460,4079.5,6122
1731,5880,6122
879,5169.5,6118
493596,10661,6116
1197,4562,6116
1673,6248.5,6114
2466,5484,6114
2718,5837,6112
2709,5925,6111
1662,5922,6111
1730,5475.5,6110
1381,5623,6109
1355,5664,6107
80432,5888,6105
2038,6216.5,6104
1221,4839.5,6104
31100,4103,6103
2574,5579,6097
1669,5909,6097
1264,5459.5,6096
11397,3761,6096
622288,8643,6094
11311,3692,6093
1820,4651,6090
2458,5480,6090
34746,6479,6089
2578,5577,6087
705,4884,6087
1821,4007,6085
3225,4281,6085
2037,6228,6085
2125,3774,6085
1010,3736.5,6084
67156,4377,6082
998,4870.5,6080
733,4331,6079
987,5060,6079
2014,6005.5,6074
1661,5975,6071
2175,5920,6071
35844,4927,6069
2576,5458,6068
1408,4998,6065
144176,7953.5,6064
35930,4396,6063
71545,4893,6063
529484,6229,6062
280,3552.5,6062
2565,5980,6061
992,4701.5,6060
2717,5793,6055
2600,5287.5,6054
1410,5151,6050
2575,5468,6049
2601,5363.5,6048
828,4162,6047
1003,3472,6046
1030,4584,6043
1279,5280.5,6042
489676,3969,6038
601,4313.5,6036
52803,1957,6033
2657,5167,6032
1358,5493,6030
2720,5919.5,6028
2711,5240,6025
2602,5407,6025
2487,4981.5,6024
252,4139,6024
56739,2100,6023
1285,5016,6023
2566,5815,6021
2075,7526,6021
2638,4948.5,6020
2536,5161.5,6012
1399,5774,6012
2219,5236,6010
1216,4746.5,6010
1723,5705,6009
1694,5159,6007
769,5034,6006
2178,6570,5998
1710,4359,5997
2582,5422.5,5996
2614,5157.5,5992
1697,5283.5,5992
1683,5144,5991
10528,3256,5991
1409,5114.5,5990
359578,3582,5989
2202,4935,5989
2240,5259,5987
2572,5757,5987
1357,5588,5987
1356,5527.5,5986
1643,6011,5985
2870,6245,5984
2744,5677,5981
676,3063.5,5980
2606,5438.5,5980
2243,5314,5978
2027,5418,5977
994,6337,5977
592441,2392,5975
62396,6016.5,5972
2263,5581,5971
10787,3630,5971
1296,5799.5,5970
1682,5278,5967
1724,5613,5965
11875,1792,5961
2269,5289,5961
2401,5891.5,5960
2270,5346,5959
31391,4308,5958
2229,5394,5957
2286,5847,5955
254,4126.5,5954
2596,5525.5,5952
101717,4662.5,5952
1705,4856,5951
2998,5769.5,5950
671,3358,5949
2584,5366,5949
374,4685,5948
1748,5171,5947
2493,5461,5946
735,4340.5,5946
1281,5392.5,5944
2599,5592,5943
2218,5061,5941
416210,6104,5941
424,4511,5939
1925,7105.5,5936
1374,5478,5936
1027,4890,5935
22275,1563,5932
2360,4152,5930
1302,5767,5922
3072,6425,5921
1237,4871,5921
2264,5563.5,5920
513,6236,5920
2241,5374.5,5920
2076,7410,5915
3201,5171,5914
782,4682,5913
2242,5309,5913
878,5325.5,5912
2209,4549,5911
3243,6728.5,5910
2204,5299.5,5910
2652,5420,5907
2598,5528.5,5902
2174,5354,5901
1361,5788,5901
2583,5320,5901
785,4833,5899
2635,5507.5,5898
2471,5605,5898
2585,5349,5897
819,3860,5897
20040,5097,5896
53005,3523,5895
157003,2446.5,5894
2824,7220.5,5890
2569,5975,5889
1375,5413,5889
2285,5698,5889
2990,6147.5,5888
2201,4925.5,5884
997,5145,5883
1967,7072.5,5882
2272,5413.5,5882
1280,5330,5879
2233,5488.5,5878
605,4199,5878
2948,4727,5877
597,3892,5877
1695,5417,5875
416209,6200.5,5874
839,5420,5874
881,5223,5873
15729,5178,5869
2545,5611.5,5868
559546,5437,5867
1412,5047,5863
2402,6133,5860
1204,5060,5860
419634,3505.5,5860
1282,5222,5859
2947,4369,5858
2573,5771.5,5854
2110,4064.5,5854
2605,5449,5853
1212,4783,5853
34290,4583,5853
712,4301.5,5852
648,4697.5,5852
814,4685.5,5852
2208,4761,5851
1234,5186.5,5850
1236,5246.5,5850
2571,5787,5850
11302,3750,5849
123773,20493,5846
1325,5717.5,5846
815,5097.5,5840
2214,4751,5837
2266,5428,5836
5222,1018,5832
493615,9492,5830
1261,5305.5,5828
419786,3285,5827
433827,2764,5827
2273,5320.5,5826
2567,5700,5825
2568,5826,5823
1664,6043,5821
299907,4163,5821
1692,5318,5820
1974,4684,5815
2236,5308,5810
11395,3717,5810
3305,2615,5810
1333,5670,5809
1879,6295,5807
433853,4946,5806
11137,3532,5802
2658,5497,5800
1303,5680,5799
11396,3714,5798
2293,4100,5798
1373,5333.5,5796
871,3936.5,5796
3149,5847,5795
876,4830,5794
1225,4629,5793
2041,5914,5793
1698,5357.5,5792
3003,6008,5789
1327,5461,5789
447,5340,5788
2015,5680.5,5786
1719,4730.5,5782
2271,5499.5,5782
2089,6163,5780
1411,5025,5779
518,5467,5778
986,5552,5772
433831,2749,5769
10892,4408,5769
2268,5379,5769
2618,5087,5767
10868,3974,5765
1696,5431,5760
2231,5467,5759
1817,4541,5757
1209,4848.5,5756
2597,5524.5,5756
3239,6721,5753
1706,4755.5,5750
2637,5430,5750
37761,3829,5747
307956,4231,5745
2660,5357.5,5742
827,4181.5,5742
52794,2092,5742
2207,4862,5741
783,5312,5740
1746,5522,5740
24150,3774.5,5736
2088,6466,5735
979,5546,5735
2267,5398,5733
2234,5301,5733
15996,6594.5,5732
2710,5690.5,5732
2619,5096,5730
2400,5698,5730
590,4920,5729
2469,5214.5,5728
23470,7874.5,5728
667,3995,5725
2996,5911,5725
2622,5397,5723
2543,5334,5723
2077,7432,5723
2193,5701,5722
1198,4438,5720
311,3639,5719
170,2494.5,5718
2625,5442,5718
2217,4956.5,5718
1360,5954,5718
157365,2917,5713
39365,1848,5713
2232,5441.5,5712
1971,4880,5709
2834,6049,5708
1315,5403,5708
2520,5514,5707
433,4539.5,5704
10601,3465.5,5702
2626,5447,5701
2659,5366.5,5700
16000,6697,5699
2215,4658,5698
2735,5182,5698
1722,5333,5697
1666,5968,5697
2534,5563.5,5696
479143,4366.5,5696
1007,3492,5695
2468,5405,5693
3606,4731,5689
2284,5749,5689
1235,5166.5,5688
2491,5229.5,5686
2519,5598.5,5686
2640,5453,5683
246,3828.5,5680
2235,5276,5679
2462,5107,5675
2283,5834,5674
1208,4887,5673
2488,4980,5671
2074,7134,5671
3680,5435,5667
2490,5064.5,5666
2621,5210,5664
2642,5494,5664
634,4266,5663
2647,5673,5660
1289,5176,5659
1318,5042,5656
2776,6870.5,5656
1836,5308,5655
2238,5262,5655
1238,4958,5653
1995,6141,5653
2650,5369,5650
1324,5472.5,5650
2530,5815,5649
2026,5102,5645
1663,5964.5,5644
419603,2715,5644
2690,5571,5643
11138,3631.5,5634
87537,6486,5631
5568,2483,5631
1825,3998,5630
1791,5443,5630
450,4697.5,5630
266,3661,5629
1674,5706.5,5628
2486,5171,5626
2535,5649.5,5622
921,5090,5621
3676,4321,5621
15584,5009,5618
2631,5496,5618
1205,4620.5,5618
448,4980,5617
1319,5209,5613
2403,5921.5,5612
2636,5370,5612
2265,5585,5609
2538,5066,5609
1740,5646,5607
15608,3744,5605
1805,4522,5605
845,5090,5605
922,5210,5605
2230,5371,5604
2541,5169,5603
1707,4647,5602
3777,4970,5601
645,5580,5601
3064,5567,5601
843,4842,5601
235721,7281,5598
1996,6701,5596
1223,4664,5595
15702,5788,5593
739,4306,5593
426,4647,5591
2483,4918.5,5588
1665,5966.5,5586
2537,5436,5585
2199,4705,5585
2628,5346,5581
2173,5228,5581
2472,5157,5580
2410,4626,5579
1804,4216,5578
251,4123,5577
43022,497,5575
969,4840,5574
2518,5699,5569
809,5058,5569
11402,3679,5568
1737,6311,5568
2627,5591.5,5566
1720,4909,5565
655,5996,5563
2495,5460.5,5562
2470,5337,5561
2641,5452,5555
2643,5500,5555
14218,2163,5553
2489,4972.5,5550
433699,3782,5550
2358,4445,5550
10784,3674.5,5548
4886,1095.5,5546
2629,5409,5545
406,4193,5545
1288,4951,5545
931,4586,5544
1305,5416.5,5544
929,4608,5543
410,5044,5540
2540,5262,5539
2742,5448,5537
10924,5301,5537
2544,5569,5536
281,4123,5536
224784,2474,5535
1321,5440,5531
2542,5313,5531
3971,9097,5530
2274,5473,5530
97533,4156,5529
2940,4974,5529
2126,4362,5529
405396,6167.5,5528
2634,5641,5528
2292,4491.5,5520
15691,15140,5519
2997,5758,5517
586,4163.5,5516
2632,5395.5,5514
2361,4419.5,5512
2860,7219,5511
2633,5439,5511
2485,5132,5508
2206,5081,5506
1810,4220,5504
1711,4463,5504
2216,4719,5503
2200,4952.5,5502
2673,5528,5501
22245,2511,5499
1826,4296,5499
2539,5336,5498
1320,5449.5,5498
696,4316,5495
2651,5348.5,5494
2743,5662.5,5494
164560,4007.5,5490
2140,4801,5490
1293,5148,5487
974,4971,5486
1313,5379,5486
2789,5762,5486
2045,5605,5486
813,4772.5,5484
2287,5784,5483
1709,4685,5483
2161,5588,5483
1297,5613,5483
433846,4214,5481
1819,4910,5477
1980,5057,5477
2869,6364,5476
167,4388,5476
1675,5898,5476
87539,5625,5475
2722,5869,5475
2409,4661.5,5472
3605,5397,5471
2010,5905.5,5470
2532,5710,5469
2533,5719,5464
2649,5351,5464
729,4390.5,5464
17819,3829,5464
757,4649,5463
1829,4351,5463
851,4985,5463
877,5311,5461
326873,5331,5459
2529,5937.5,5458
850,4894,5458
1880,6309,5457
214,4847,5454
818,4269,5453
2648,5637,5451
300009,4486,5450
1742,5534,5449
101798,4865,5448
2013,5950,5448
80425,6643,5447
2112,4065.5,5446
2832,6099,5445
2645,5398,5443
88963,6628,5442
255582,5747,5441
3776,6452,5439
1294,5260.5,5438
253495,7791.5,5436
2842,5799.5,5436
2205,5160,5435
517,5560,5434
799,4783.5,5434
38558,4573,5433
10527,3226,5430
633,5013.5,5430
2179,6005.5,5428
235720,7627,5427
1670,5972,5426
2496,5479,5425
1883,6130.5,5424
1828,4363.5,5424
1881,6111,5423
829,4455,5420
2745,5630.5,5420
168,3651.5,5418
1309,5354,5417
566455,3835.5,5416
1316,5116,5415
2646,5465,5415
1839,5656.5,5414
30604,3831,5413
11009,3260,5411
846674,9870,5411
589,4477,5409
664,4259.5,5408
2141,4969,5407
2630,5324,5405
1287,5260,5405
3050,6249,5405
2523,5280.5,5404
2275,5291,5399
325401,6820,5398
1751,4822,5397
1680,5574,5395
514,6024.5,5394
862,5237,5393
1307,5494,5393
10780,3549.5,5392
1306,5546,5392
2299,5150,5391
1827,4536,5391
1028,4779,5391
18828,4511,5390
2111,4292,5389
66878,6513,5387
80428,6952,5385
1677,5731,5385
1240,5081,5383
11714,4775,5383
2661,5434,5383
88946,6571.5,5382
1721,5236,5381
1291,5004,5380
938,5080.5,5380
1203,4954.5,5380
2473,5377,5377
1718,4844,5374
1860,5876,5373
2043,5490,5373
2011,6050,5371
3178,5818,5369
11401,3693.5,5368
2968,5371.5,5368
1681,5526,5365
588,4927,5365
1331,5847.5,5362
959,4465,5361
2484,5123.5,5360
11039,3551,5359
2644,5576,5358
2732,5599,5357
39361,1857,5355
2681,5511.5,5354
2046,5539,5352
45,2789,5351
3958,4446.5,5350
2777,6809.5,5350
92697,2111,5350
3508,5940.5,5346
820,4114.5,5344
33820,4277.5,5344
78954,4266,5343
1678,5626,5341
1818,4717.5,5340
2377,4898,5337
5566,2423.5,5334
214642,5255.5,5334
13901,3290,5334
632,4650,5333
340,4727,5332
344998,5557,5330
2683,5464,5328
51176,2241.5,5326
1667,6014,5325
863,5394,5323
2521,5571,5323
663,4784,5323
2833,6149,5321
1286,5280,5321
2517,5689,5317
2042,5637,5317
2434,6389.5,5316
1856,6217,5315
2859,7068,5315
2953,4827,5311
2196,5034,5309
12703,5803,5304
178,7860,5303
1292,5247,5301
754,4682,5299
11287,3559,5298
419674,3318,5297
2430,4003,5293
2435,6400,5293
1241,5154,5293
2682,5234.5,5292
2528,5716.5,5292
11301,3661,5291
2132,5369.5,5290
930,4585.5,5290
2073,7269,5289
344690,2545.5,5288
2861,7310,5286
1882,6203.5,5286
2831,6163,5283
860,5606.5,5282
345572,4740,5281
13990,2717,5281
10874,4025.5,5278
2297,5085.5,5276
2674,5775,5273
327,6311,5273
10872,3912,5272
2531,5995,5271
3890,6851,5271
1784,5662,5269
446,4915,5269
164,3364,5267
2775,6649,5266
1970,6482,5265
10769,3095,5264
1004,3364,5262
1878,6419.5,5260
2723,5647.5,5260
976,4726,5259
2120,4341,5257
2326,4376.5,5256
10946,4192,5251
2143,5065,5251
2724,5503,5251
10781,3532.5,5250
345704,4132,5250
3250,4928,5249
1679,5470.5,5248
2516,5472,5248
1201,4582,5247
1989,5389,5246
440,5062.5,5244
3230,4748,5241
932,4790,5239
1672,5884,5237
2376,4619,5233
2675,5746.5,5232
10737,3382,5230
2482,4938.5,5226
1202,4733,5225
937,4906,5224
2197,4918.5,5224
841,5130,5223
1671,5574,5223
683,4331,5221
708743,11233.5,5216
1708,4944,5216
2187,5662,5214
2662,5468.5,5214
5317,3237,5213
224,4910,5207
2095,6414.5,5204
11877,1675,5204
2526,5575,5203
2788,6031,5201
419660,3158.5,5200
11139,3664,5200
1008,3084,5200
578,5019,5199
10786,3696,5199
2017,5231,5199
505,4837,5195
11400,3760.5,5192
606,4419,5191
2160,5687.5,5190
2198,4841.5,5190
2480,4890,5189
2393,5177.5,5186
490186,4636,5186
1976,5483,5183
1764,5852.5,5182
1984,5981.5,5178
2725,5526,5177
62393,5674,5177
636,4875,5177
11427,3740,5173
2680,5245,5173
2734,5372,5171
2877,5675,5165
2527,5775.5,5164
941,5193.5,5164
2298,5346,5163
981,4272,5163
2151,5003.5,5162
345450,4461.5,5162
2746,5643,5161
2672,5544,5161
920,4957.5,5160
1831,4401,5155
2109,4661,5153
1782,6001,5153
2172,5575,5153
3249,5037.5,5152
2830,6150.5,5150
493597,10985,5149
2512,5377,5149
2522,5434,5149
10602,3446,5144
11270,3550.5,5144
1877,6260,5142
2018,5347,5142
630,4963,5141
2726,5649,5137
1029,4714,5134
2667,5474,5133
711,4044,5131
2679,5452.5,5128
1310,5755,5127
2790,6165.5,5126
2676,5672,5124
22282,2265,5124
1977,5438,5118
2189,5608,5117
2103,6036,5115
2524,5412,5115
2156,4908,5113
2475,5465,5113
261909,3817.5,5112
11261,3703,5111
375651,4312,5111
2180,5746,5111
2677,5619.5,5110
2159,5473.5,5110
167385,911,5109
3251,5189,5107
693,4100,5107
2736,5418,5107
2939,5687,5105
2984,5806,5105
2815,5982,5103
2511,5278,5102
2433,6201,5101
11260,3757,5101
884,4971,5099
433859,4884.5,5098
10870,3925,5097
2188,5649,5094
5227,1214,5091
62392,5628,5091
1311,5663.5,5090
842,5024,5087
940,5219,5087
2741,5682,5087
2181,5646,5086
1741,5714,5082
687,3859.5,5082
2858,6745,5081
2525,5544,5080
3071,6171,5079
1867,6145,5077
2668,5579,5076
2671,5528,5073
996,5004.5,5072
2135,5138,5070
11907,1459,5070
2012,6086,5069
227774,2114,5068
3244,6633,5068
2481,5004.5,5068
2406,4653.5,5064
2186,5718,5062
2408,4773,5061
755,4707,5059
2078,7123,5057
2678,5423,5057
2887,5411,5056
826,4172,5056
97471,4488,5055
1983,5944,5055
2289,5537,5053
293,6235,5052
2477,5201,5051
1975,5542,5048
10782,3695,5047
2474,5330.5,5046
2791,6106.5,5044
62487,5958.5,5044
11140,3631,5043
724,3769,5042
2136,5023,5042
2938,5757,5040
10785,3654,5039
2185,5744.5,5038
1738,5997,5038
2378,5243.5,5038
2006,5561,5036
923,4872.5,5036
3148,5858,5035
927,4907,5032
268710,4600.5,5032
3681,6074,5032
2787,5760,5029
2505,5591,5026
345360,4956,5025
2294,4649.5,5022
2514,5341,5021
2900,5065,5021
2515,5543,5019
2502,5242,5019
3160,5518.5,5018
240,4017,5016
1866,5684,5015
11141,3705,5015
1898,5921,5014
2165,4893.5,5014
433856,3695,5012
2513,5424,5009
1986,5911,5007
1295,5547,5006
1808,4496.5,5006
707958,14230,5004
1781,6326,5003
2192,5427,5001
2774,6514,4999
2450,4794,4999
861,5409,4995
1747,5862,4994
27671,5478,4991
1725,5635,4991
15633,3645,4990
1806,4602.5,4990
381,3970.5,4986
2499,5263.5,4986
2162,5872,4986
2048,5623,4985
446561,20096,4983
1799,5056,4982
2375,4663,4982
30636,3844,4981
1739,5867,4979
2412,5109,4979
62391,5422,4979
1761,5510,4977
2868,6300.5,4974
1992,6130.5,4974
229791,3573,4972
1783,6232,4970
2498,5335,4969
10526,3295,4969
622306,9314.5,4968
1865,5791,4967
2497,5592,4967
2157,5411,4967
2411,5138,4967
11263,3756,4967
2731,5571,4966
710,4268,4966
2002,5565,4963
11032,3624,4961
2087,5991.5,4960
2663,5470,4959
948,5089,4959
49379,1473.5,4958
3061,5518,4957
1809,4669,4957
157004,2864,4957
2142,5238,4957
36303,5303.5,4956
2733,5535,4956
299466,4104,4956
11278,3638,4955
2134,5462,4955
1966,6334.5,4954
11885,5051,4954
1900,5668.5,4952
1779,5589,4952
3782,5100.5,4952
1846,5478,4951
1006,3544,4949
2150,5274.5,4948
1869,5675,4947
10871,3852,4947
146858,6042.5,4946
2362,4799,4945
756,4840.5,4944
808212,10101,4944
2190,5467,4944
515,5809,4943
2729,5630,4943
2195,5306.5,4940
22279,1714,4937
318774,7644,4936
2158,5701,4935
968,4851,4935
955,4607,4933
677,3304,4931
36304,5347,4930
2867,6085,4929
2737,5441,4929
875,5190,4928
1861,5751,4928
69634,3423,4928
58416,7342,4925
1312,5504,4924
1712,5078.5,4924
2689,5551,4923
2476,5351,4922
11276,3583.5,4922
2728,5853,4921
375357,3762,4921
9972,1368,4921
935,5290,4919
419758,3749,4919
3248,5206,4919
965,4799,4919
2332,6183,4918
2862,6849,4914
2747,5645,4913
2137,5159.5,4912
1864,5720,4911
3027,4726,4911
580,4552.5,4910
2145,5879,4909
2684,5302,4909
1982,6160.5,4908
30545,13735.5,4906
2506,5525,4905
1729,5893,4904
2102,6243,4903
10517,3359,4903
516,5862,4902
1932,4818.5,4902
2786,5964,4901
707903,13125,4901
2974,5785,4900
58420,7986,4899
299850,4317,4899
2670,5512,4895
2368,4913,4895
1772,5635,4892
1985,6185.5,4892
1760,5446,4888
1000,4429,4888
2379,5523,4887
36307,5327,4885
3960,6017,4885
2866,6091,4885
10873,3920,4883
114334,5158,4883
825,4971.5,4882
167833,2942,4877
2005,6177.5,4876
362,4058,4875
2288,5623.5,4872
2792,6122,4872
1002,3960,4872
2436,6278,4871
11034,4239,4870
52986,3585,4870
2001,5701.5,4870
2881,5631,4869
1847,5768,4869
2665,5561.5,4868
1717,5146.5,4866
2124,5051,4865
653,5454,4864
1715,5260,4862
1179317,2704.5,4862
2730,5653.5,4862
869,5075,4861
3808,5884.5,4860
308,3986,4860
2802,5303,4859
1876,6321,4859
2419,4661,4858
3834,6416,4858
2139,5174.5,4858
2893,4742,4858
3097,4854,4858
3507,6082,4857
449,5172,4857
2047,5566,4855
3603,6327,4855
2669,5581.5,4854
2461,5154,4854
96694,5707,4853
2182,5649.5,4852
268727,4603,4852
2748,5617.5,4852
325406,6784,4851
2072,7019,4851
2184,5692,4849
2194,5361,4848
10525,3260,4847
1899,5934,4847
1871,5804,4847
3088,6002,4846
2004,5880.5,4846
317286,6529,4845
11279,3666.5,4844
16160,4849.5,4844
1727,5372,4844
366,4872,4843
1728,5827.5,4842
2778,6315.5,4842
10783,3751,4842
15735,3478.5,4838
2407,4848,4838
1993,6149.5,4836
36305,5289,4835
3571,5128.5,4834
2666,5653.5,4834
1780,5677,4834
2507,5577,4834
1896,6127,4833
10876,4028,4831
3899,6024,4831
376,3925.5,4830
3238,6274,4829
50935,17942,4827
332,4802.5,4826
337,1462,4825
433829,2608,4825
3194,5270,4823
4735,4508,4823
1979,5682,4821
2149,5118,4821
609,4513,4820
10002,1175,4819
209,4027.5,4818
2404,5642,4817
954,4652.5,4816
28774,4333.5,4816
2727,5764.5,4816
2357,4865,4816
2857,6182,4816
2049,5530,4816
36301,5369,4815
15341,3689,4815
3783,5484,4815
3775,6631.5,4814
2686,5408,4811
2500,5373,4811
2785,5850.5,4810
1800,5273,4809
3122,4665,4808
2183,5595.5,4808
2374,4723,4808
1005,3821,4808
2828,6241,4807
1790,5947,4805
6374,2197,4805
239,3386,4804
11280,3693,4803
2104,5829,4803
1714,5183,4801
2687,5704,4799
375338,2847.5,4798
6012,4715.5,4798
2146,5468,4795
2191,5474.5,4792
29489,4837,4791
255580,5743,4791
2801,5283,4790
957,4362.5,4790
3120,4740,4789
36306,5279,4789
34747,7011,4785
3051,5703.5,4784
1713,5216,4784
2848,5843,4784
36300,5369,4783
1763,5670,4781
2290,5464,4781
66700,2582,4780
2937,5828,4780
1807,4637,4779
2163,5745,4778
3121,4864,4778
2847,5830,4777
2138,5231,4775
1994,6077.5,4774
1901,5983.5,4774
2169,5729,4773
36308,5250,4772
2882,5502,4770
412,5022.5,4768
1716,5482,4767
3087,6162,4765
11281,3623,4764
2050,5749,4763
3123,4672,4762
2119,4444,4761
36302,5216.5,4760
89873,1773,4759
3509,5931,4759
2664,5445,4758
1958,5626,4758
646,5224.5,4756
2331,5739,4756
723,4229,4755
2131,5402,4755
1803,4961,4753
1832,4694,4752
300742,4588,4751
5584,4049.5,4750
11258,3677,4749
1950,5540,4749
3048,6162.5,4748
36352,2661,4748
11259,3699,4748
62394,5746.5,4748
3397,5581,4744
2688,5534.5,4744
2878,5952,4742
3245,6297,4741
2685,5571,4741
2373,4810,4739
2333,6337,4738
3781,5174.5,4738
2504,5360,4735
2738,5571,4735
2509,5484.5,4732
10768,3398,4731
3604,6449,4731
2323,4748,4731
12314,8528,4731
958,4574.5,4730
56096,10893,4730
2508,5542,4726
3004,5945.5,4726
2803,5344,4725
1981,6214.5,4722
2054,5572.5,4722
2372,4590,4722
1868,6204,4719
268691,4975.5,4718
442084,4434,4717
2154,5247,4717
36309,5234,4716
934,5005,4716
11220,3915.5,4714
2431,5045,4714
1792,5642,4713
2144,5655.5,4712
1789,5561,4711
11262,3625,4711
9745,3647,4709
1793,5792.5,4708
305,3517,4707
52687,2009,4705
11300,3733.5,4704
2152,5173,4703
2130,5168,4703
11282,3631,4703
3398,5494,4703
1771,5508,4703
15774,5502,4701
2081,6470.5,4698
69636,3159.5,4698
2082,6357.5,4698
420301,3273,4695
1855,6334,4695
1922,5610,4692
2052,5721,4691
11264,3634,4689
3086,6470,4687
11269,3701,4687
1874,5858,4685
2880,5739.5,4684
1834,4859,4683
1850,5680,4683
11273,3572,4682
3085,6732.5,4682
36292,5278,4682
2889,5642.5,4680
11272,3621,4680
1833,4749,4679
2381,5429.5,4678
1952,5570,4675
316,3563.5,4674
344600,2904.5,4674
3179,5978,4674
11267,3627,4673
164097,2838,4673
1987,6150,4671
3510,6031,4670
128590,5456,4670
2086,6363,4669
972,4848,4669
11266,3697,4669
3052,5577,4668
1863,5597.5,4668
1951,5788,4668
2367,4968.5,4666
10603,3384,4665
2370,4569,4665
67186,4458,4664
22405,1999,4662
2129,5224.5,4662
3476,6018,4661
3807,5580.5,4660
495563,5762,4660
2148,5470,4660
11277,3568,4659
11268,3706.5,4658
3234,5687.5,4658
163946,5139,4655
2846,5772,4654
1798,5432,4653
2382,5476,4652
11271,3598,4650
973,4710,4649
2300,5223,4648
2759,5536,4647
114467,5281,4646
11285,3655,4645
97548,4156,4645
949,5222,4645
1762,5415,4644
3247,5724,4643
2934,6710,4642
158685,2908,4641
498959,3644,4640
939,5393,4639
69628,3545,4638
1848,5811,4635
3015,6518.5,4634
62798,6352.5,4634
2394,5196,4633
2101,6234,4633
36298,5366.5,4632
3888,8384,4632
2170,5669,4632
2817,5926,4629
2369,4933,4627
2432,5778,4627
1794,5710,4626
2800,5342,4626
2147,5358,4625
2097,5906.5,4624
1768,5665.5,4624
2905,4588,4621
1801,5386.5,4620
11256,3727,4620
377622,8229,4619
96550,4407,4619
21985,2261,4617
2804,5517,4617
3198,5770.5,4616
28350,3369,4616
3124,5023,4616
2334,6510,4616
1770,5358,4615
10521,3392,4615
2363,4759.5,4614
1991,6201,4613
15600,4396.5,4612
1903,5908,4611
811,4900,4611
18414,4925,4611
126291,8824.5,4610
2793,6251,4609
114546,4987,4607
919,5122,4605
408,4585,4604
10869,3865,4604
678,3252.5,4604
2003,5891,4601
2356,5161,4601
26686,4926,4601
1988,6066,4600
2879,5706,4599
3889,7981,4599
579,5140,4599
3964,7316,4598
956,4328.5,4598
26597,6397,4597
2105,5601,4596
2153,5360.5,4596
17433,4023,4596
2903,5138.5,4596
4003,7899,4595
2936,6096.5,4594
2405,5254.5,4594
2071,6783,4593
10779,3742,4593
529485,6227,4593
1924,6121,4592
2739,5782,4591
1965,6069.5,4590
288,3464.5,4590
2305,5428,4590
3778,5090,4590
613,4137,4589
11254,3678,4589
1990,6246.5,4588
3747,6520,4588
896,4514,4587
36291,5281,4587
1978,5762,4586
15551,4839,4585
2843,5797,4585
3053,5541,4585
3049,6278.5,4582
11290,3666,4581
3150,6371,4579
2296,5549,4578
1766,5595,4577
2773,6127,4577
2171,5535.5,4576
2849,5949,4576
2291,5416,4576
1753,5397,4575
5228,1370,4574
26674,5413,4573
2383,5534,4572
36299,5347.5,4572
36354,2808.5,4572
3138,5400,4569
10776,3424,4569
2380,5553,4567
2935,6341,4567
3682,6371.5,4566
3169,6056,4565
1862,5647.5,4564
1835,5173,4563
1870,5767,4563
2413,5155.5,4562
2079,6806,4561
26687,4859,4561
2855,6071,4561
1796,5731,4561
146425,5466,4560
433835,2979,4560
4061,5130,4559
36296,5247.5,4558
607,4505.5,4558
11274,3639.5,4558
97534,4256.5,4558
2428,4419,4557
1875,6439,4557
2989,6052,4556
1765,5699,4555
999,4846.5,4554
1726,5441,4554
299899,4060.5,4554
299470,4023,4553
419667,2833,4553
10524,3337,4551
3231,5173,4550
36294,5266,4549
158683,2646,4549
10883,4149,4548
495564,6055.5,4546
2986,6776.5,4546
2954,5288,4545
26595,6429,4545
1840,5322.5,4544
1897,5897,4543
157025,2497,4542
3093,5664,4541
1767,5767.5,4540
2096,6157,4540
2448,5268.5,4540
345361,5354,4539
1802,5509,4539
3313,5609.5,4538
2330,5562,4538
3098,5071,4537
345375,4076,4536
36295,5303,4535
3126,5322,4535
2856,6250,4535
36310,5471,4532
1849,5715,4532
26688,4934,4531
2864,5843,4529
985,5409,4529
3506,6210,4528
3199,5794.5,4528
625,4917,4528
3246,6051,4527
229,4157,4527
1308903,5230,4527
36297,5239.5,4526
2895,5377,4525
493617,9118,4523
28775,4380,4523
3224,4990.5,4522
584,4641,4521
2371,4805.5,4520
603268,7370,4519
10523,3337,4517
2784,5619,4517
2827,6183,4517
2416,5125.5,4516
2963,5808.5,4516
26622,6096,4512
11293,3654,4512
611,4838,4511
1902,6038,4509
2325,5166,4508
26583,6269,4507
2166,5309,4507
11257,3627.5,4506
2051,5730,4505
599,4665,4505
928,4685.5,4504
298,5245,4504
2806,5798,4504
2754,5904,4503
375329,5155,4503
11147,3584,4502
77403,2868.5,4502
967,5083,4501
2854,6096,4501
1960,5905.5,4500
901,5792,4500
2850,6262,4499
1973,5928.5,4498
181528,4563,4495
2845,6002,4495
2812,5699,4494
2818,6190.5,4494
3047,6162,4492
3129,6141,4492
2753,5820,4491
592583,2527,4490
36293,5356,4490
2385,5661.5,4490
2113,5408,4489
10522,3371,4489
4006,8318,4489
2108,5175.5,4488
2750,5791,4487
963,4772,4485
317574,7205,4484
11289,3648.5,4482
4031,7977.5,4480
419814,4768,4480
26587,6418,4480
2168,5801,4480
345544,4689,4480
458663,6926,4480
2851,6314,4478
2807,5615,4477
3751,6013.5,4476
378780,5013,4476
125733,8778,4476
26598,6419.5,4476
2783,5923,4475
2749,5605.5,4474
2415,4943,4474
3738,6387,4473
26601,6424,4472
2449,5266,4471
26685,4934,4471
2823,5828,4470
2865,6092.5,4470
4005,8573,4469
1785,5813,4468
722,3630.5,4466
11265,3566,4465
52792,1927,4463
419744,3028,4462
10875,4097.5,4462
2799,5567,4461
2085,6431,4461
10767,3375,4460
344630,3107,4459
26586,6486,4458
26610,6438,4457
11403,3894.5,4456
498960,3880,4455
2100,5811,4455
2304,5557,4455
26669,5499,4455
1890,5987.5,4454
3099,5450,4454
3151,6136,4454
2451,5263,4453
36290,5318,4453
3965,7326.5,4452
144062,7661,4451
3084,6511,4450
11298,3821,4449
132,3784,4448
1956,5984.5,4448
2167,5656,4447
15767,5645,4447
3780,5237,4447
26600,6497,4446
2907,4417,4445
3089,5985,4445
2398,5724,4443
326830,5316,4443
1953,5967.5,4442
1797,5711,4441
146703,5743,4441
345019,5477.5,4440
2756,5703,4440
2313,5099.5,4440
11038,3684,4438
2924,6058,4437
822,4090,4437
36288,5212.5,4436
3147,5843,4436
31079,3483,4436
1759,5680,4436
1851,5631,4433
326847,5096,4433
1959,5999,4433
15949,4815.5,4432
2779,6034,4432
1757,5456,4432
2392,5309,4431
377623,8343,4431
2053,5896,4431
26599,6384,4431
2755,5851,4429
2098,5373,4429
1769,5685,4428
2080,6425,4427
1788,5746,4427
3054,5526,4426
3127,5788,4425
914,4979,4425
110471,2357,4424
2808,5588.5,4424
26689,4913.5,4424
1838,5490,4423
2444,5674,4423
518670,5408,4423
433864,3976,4421
2070,6403,4421
3168,5945,4417
4033,8215.5,4416
2365,5022.5,4416
62377,5828,4415
3500,6154,4415
26690,4772,4413
3252,5474,4413
156756,5690,4410
2826,6206.5,4410
2863,6280,4410
2904,4922,4409
1795,5578,4409
1964,6171,4409
3125,5165.5,4408
26592,6367,4408
3891,7711.5,4408
11286,3771,4407
2329,5345,4407
559342,5933.5,4406
1752,5742,4406
77413,3291,4406
11283,3656.5,4404
3128,5956,4402
1954,5839,4401
300002,4350,4401
821,4067,4401
3130,6157.5,4400
4030,7948,4400
346642,4655,4400
2752,5774,4399
2933,6661,4399
27486,4834.5,4398
3602,6049,4398
11284,3678,4398
4002,8231.5,4398
2781,5772.5,4396
67,3506.5,4394
314,4944,4394
2301,5216,4394
11275,3654,4393
602,5365,4393
77377,2859.5,4392
2446,5520.5,4390
2780,5831.5,4390
3809,6798,4390
993,4910,4389
2757,5491,4389
2335,6334,4389
628,4550,4388
3152,6195,4388
3748,6951,4387
2751,5788,4387
2844,5864,4387
10604,3467.5,4386
913,5135,4385
2762,5526,4384
26582,6337,4384
2890,5750,4383
163,2646,4383
4032,8379.5,4382
15875,6634,4379
2760,5614.5,4378
1758,5351,4378
5558,1106,4377
3825,6285,4377
2315,5280,4377
1787,5600,4377
26603,6492,4377
2761,5575.5,4376
3220,5896,4375
36311,5318,4375
2417,4991.5,4372
3750,6618,4371
3675,5194,4371
1001,4589.5,4370
3792,6552,4369
4004,8501.5,4368
157026,2565.5,4366
2811,5748,4366
89874,1886,4366
1778,5649,4366
2809,5800,4365
2805,5530,4365
78292,3221,4365
345564,5089,4365
2127,5419.5,4364
3954,8061.5,4364
1889,5698.5,4364
10778,3572,4363
63536,6358,4363
3083,6229,4362
2883,5680,4362
26668,5607,4362
2164,5567.5,4362
873,4630,4361
26696,4537,4361
2782,5860,4360
2327,4951,4360
160086,6333.5,4360
10910,2866,4359
3131,6273,4359
11294,3732,4358
8080,6388,4358
1972,5814,4357
5559,1134,4357
3195,5551,4356
2309,5302,4356
2121,5095,4356
26677,5328,4355
26670,5696,4353
3736,7194.5,4352
1891,5945.5,4350
2336,5875,4350
2445,5708,4349
26673,5495.5,4348
73149,6376,4348
2303,5365,4348
2316,5231,4347
269573,2993,4346
3170,6123,4346
1092161,5230.5,4346
26593,6362,4345
2057,5706,4344
2814,5844,4343
2364,4925.5,4342
2853,5898,4341
28773,4441,4341
3186,5448,4340
2084,6500.5,4340
3759,6279,4339
598,4871,4339
2055,5913.5,4338
2447,5496.5,4338
3180,6328,4338
2384,5751.5,4336
26675,5481,4335
11291,3722.5,4334
3475,6133,4333
18068,3287,4333
158323,2180,4332
2414,5138,4330
3135,5991,4330
2437,5810,4329
26589,6229,4329
518671,5496,4329
26596,6343.5,4328
1854,5818,4327
3232,5630,4327
3091,6247,4327
3196,5831,4325
1755,5537.5,4324
10761,3537.5,4324
732,4849,4323
62611,1532,4322
3172,5789,4322
3490,6139,4320
2314,5271,4319
419811,3203,4319
10762,3531,4318
10777,3673,4318
2758,5802.5,4318
2794,6092.5,4318
1837,5345.5,4318
2891,5810,4317
10775,3562,4317
1786,5708,4316
1773,5234.5,4316
2344,5673.5,4316
1921,6022,4316
2985,6145,4316
2988,6234,4315
694,4244,4313
3746,6726,4313
3963,6996,4312
3134,6258.5,4312
299468,4111,4311
26588,6360,4311
26678,5432,4311
3119,5227,4309
3144,5641,4309
31132,4160,4308
1915,4993.5,4308
689,4180,4307
1776,5442,4307
3957,5738,4307
1775,5477,4306
3187,5552,4305
5560,1192,4305
10764,3517,4305
22008,2108,4304
2767,5411.5,4304
26602,6360.5,4304
59925,7414,4303
3511,5848,4301
1963,6240,4301
2322,5290,4301
2420,4742,4300
3200,6072.5,4300
27527,5236,4300
2438,5746.5,4300
3182,5958,4299
10288,5990,4299
26584,6484,4299
610,5145,4298
3321,5868.5,4298
2343,5834,4297
3202,5926,4297
2355,5346,4296
3261,6054.5,4296
1852,5677,4294
77406,2963,4293
26585,6333,4293
2439,5540,4293
2354,5551,4293
1961,6182.5,4292
3171,5852.5,4292
26672,5457.5,4292
268708,4562,4291
1853,6028,4291
110217,5134,4289
26684,4970,4289
253,4354,4285
3474,6328,4285
11142,3727,4285
971,4505,4284
3683,6334,4284
2819,6068,4283
58058,3831,4283
3735,7372,4283
4007,8000.5,4282
2311,5294.5,4282
3325,6156,4281
2317,5382.5,4280
2892,5807,4279
709,4418,4279
3990,6754,4278
26683,4988,4277
2820,5949,4277
3139,5444.5,4276
2307,5488,4275
2395,5322,4275
3101,5577,4274
35745,5625,4272
3183,5994,4271
2964,5843.5,4270
3625,4559.5,4270
433836,3441.5,4270
890,4904,4270
746,5341,4269
11299,3682.5,4268
26676,5557,4267
2894,5732.5,4266
2099,5611,4266
2797,5678,4265
2366,5227,4265
995,5154,4265
3090,6037.5,4264
26681,5171.5,4264
11253,3636,4263
2390,5429,4263
3181,5938,4263
26691,4772,4262
11247,3799,4262
63,3034,4261
3489,5863,4261
3749,6835,4260
3146,5853,4259
3092,5924,4259
3853,4944.5,4258
294694,7031,4258
708,4558,4258
2302,5256,4258
2337,5712,4257
26667,5404,4257
4021,8308,4257
56002,12430,4257
1872,5926,4256
2768,5469,4255
1949,5829,4255
3885,5775,4254
2813,5822,4254
26594,6465.5,4254
11146,3813,4254
11733,4665,4253
1873,6318.5,4252
3167,5826,4252
568401,4393.5,4252
154921,5736,4252
2902,5413,4252
2822,5867,4251
3177,6370,4251
71935,4255,4250
3073,5549.5,4250
1756,5706.5,4250
3501,6110,4249
15897,4135,4249
3784,5841,4249
262034,4195.5,4248
3737,7130,4247
58408,5725.5,4246
3017,6451,4243
3758,6363,4243
4019,7967,4242
3887,7798,4241
2391,5363,4241
3505,6517,4241
2338,5439,4238
2107,5374,4238
11255,3671,4237
3166,5819.5,4236
3145,6020.5,4236
2341,5955,4236
3100,5667,4235
3515,5734,4235
11248,3763,4235
279,4443,4235
17802,11290.5,4234
11249,3766.5,4234
26692,4784,4234
26693,4814,4234
3854,4834.5,4234
2306,5415.5,4232
186340,2629.5,4232
1777,5389,4231
2345,5433.5,4230
325421,6845,4229
3068,6249.5,4228
3055,5434,4228
2397,5718,4227
3046,6341,4227
699,4312,4227
1910,5670,4225
3699,6096,4225
3961,6384,4225
3140,5600,4225
26682,5162,4225
2962,5638,4225
196133,3456,4224
10930,4333,4223
4018,8321,4221
2810,5736,4221
2083,6195,4219
1888,5899,4219
3745,6758,4218
885,4838.5,4218
62395,5636,4217
179,3606,4217
2766,5571,4217
2460,5305,4216
2118,5298.5,4216
2453,5334,4216
1774,5569.5,4216
62390,5454,4216
3237,6119.5,4216
26680,5191,4215
36289,5380,4215
4029,7663.5,4214
26666,5499,4213
326831,5338,4213
3018,6391,4211
26581,6317,4209
3574,5244.5,4206
2772,5816,4205
3488,5712,4205
1845,5984,4205
3060,5905,4204
1886,5740.5,4204
2310,5244.5,4204
2387,5529,4203
2955,5418,4203
26591,6435.5,4202
26679,5244,4200
167834,2977.5,4200
937204,11329.5,4200
31423,4346.5,4200
2421,5031,4199
26590,6394,4199
11405,3877.5,4198
3184,5735,4198
1844,5697,4197
3132,6135.5,4196
23202,5452.5,4194
70,3896,4194
11295,3639,4193
2068,5887,4192
3396,5904.5,4192
2312,5284,4191
3734,7049,4191
910,5117,4191
3142,5785,4191
26671,5634,4189
3141,5500,4189
444,4619,4189
3016,6369,4189
2825,6148,4189
10773,3629.5,4188
14413,3550.5,4188
3955,7405,4187
5221,1098,4187
2764,5311,4187
2769,5293,4187
2122,5551,4186
1893,5799,4186
1892,5801,4186
436,4885.5,4186
978,4756.5,4186
409,4478,4186
15676,5906,4185
2763,5619,4185
13483,6542.5,4184
1895,5930,4184
18827,4440,4183
2771,5697,4181
2452,5364,4181
13484,7367,4181
3701,6301,4180
3057,5519,4179
1920,5992,4179
3499,5893,4178
36314,5388,4177
3133,6136.5,4176
2396,5549.5,4176
2987,6205.5,4174
92421,5544,4174
2770,5513,4174
3012,5766,4173
10520,3421,4172
433876,3475,4171
4020,8371,4171
3260,6034.5,4170
2454,5344,4169
36370,2680,4169
2901,5770,4169
11143,3837,4168
2106,5481,4167
3235,6029.5,4166
3153,6199,4166
2969,5811,4165
1841,5698,4165
51993,15529,4164
3959,5817.5,4164
2353,5586,4163
2346,5541,4163
2388,5298.5,4162
2308,5422,4160
418590,5161.5,4158
2386,5716,4157
36312,5173,4157
1754,5581,4156
3193,5463,4155
2440,5493,4155
3204,5799,4155
10772,3540,4153
3005,5476.5,4152
11250,3851,4152
158322,2146,4151
3790,6178.5,4150
2352,5380,4149
3956,6546,4149
3013,6026,4149
3810,6942,4149
11406,3836,4148
2932,6862.5,4146
11292,3734.5,4146
1884,5906,4145
349,4121,4144
2970,5670,4143
2418,4998,4141
2429,5037,4141
3284,5510.5,4140
3221,5988,4140
2340,5566.5,4140
3185,5689.5,4140
345705,4207,4139
226,4269,4139
26698,4600,4137
2351,5418,4137
317783,5624,4135
2852,6062,4133
10609,3487,4133
10608,3538,4133
3791,6488,4132
2884,5799,4131
3579,5184,4130
3962,6781,4130
984,4934,4129
5454,3544,4129
3578,4928,4129
2795,5832,4129
3154,6035,4128
3925,5901,4127
4070,5132,4127
1923,6070.5,4126
3411,5148.5,4126
3190,5806,4125
81366,8185,4125
299465,4078.5,4124
10766,3532,4123
3760,6415,4122
3794,6832.5,4122
15323,4120,4121
51007,2353,4120
3684,6317.5,4120
36315,5361,4120
4892,1314,4119
747,5383,4118
51670,2008.5,4118
812,5001.5,4118
3056,5600,4117
2971,5895,4117
3203,5988,4117
377621,8482,4117
1955,5782.5,4116
1933,5420.5,4116
3045,6067,4116
2128,5586,4115
204621,2505,4115
3143,5588.5,4114
54489,5333,4114
52565,1991,4113
18494,2698,4113
3793,6434,4113
10736,3367,4113
11297,3775.5,4112
3077,5563,4111
36316,5430,4111
58415,7507,4110
3118,5274.5,4110
4022,7776,4109
3174,5958,4109
10605,3517,4109
3831,7844,4109
26694,4715.5,4108
205,3980.5,4108
11144,3926,4107
2318,5520,4107
3161,6321.5,4106
3233,5936,4105
3076,5580,4105
3069,6097,4105
220,4153,4103
484664,4035,4103
3253,5610,4103
2328,5294,4103
3720,7088,4102
20043,3575,4102
3992,7588.5,4102
96971,4389,4099
3082,5849,4099
10519,3489,4099
2798,5850.5,4098
3078,5626.5,4098
3155,5835,4098
2422,5284,4097
3188,5588,4097
4034,7952,4097
3576,5111.5,4096
982,5296,4096
3789,6166,4095
186331,2679,4095
3706,6458,4093
2427,5274,4093
1908,5662,4092
3855,5254.5,4092
3757,6373,4091
2123,5913.5,4090
26604,6317.5,4088
3487,5763,4088
3173,6010,4087
3987,7720,4086
128620,5341.5,4086
2443,5814,4086
3577,5080.5,4086
187478,3169,4085
666,4489,4085
3175,6156,4085
3176,6388,4084
3707,6623,4083
3070,6008,4083
2821,5836,4082
3262,6238,4081
1904,6098,4081
157092,2554,4080
10880,4369,4080
1894,5775,4079
3496,5854,4079
1911,5893.5,4078
3156,6127,4076
2765,5474.5,4076
3014,5956,4075
52566,2167,4075
3722,7116,4075
30775,4108.5,4074
1943,6059,4073
31099,4114,4073
3721,7196,4073
3102,5738,4073
2457,5429.5,4072
3157,5945,4070
2347,5541,4070
3918,6258,4070
1919,5976.5,4070
2069,6158,4068
20707,4473,4068
889,4303.5,4066
5557,1123,4065
3719,7228,4065
3067,6025,4065
127925,4892,4065
3698,6045,4064
3189,5626,4063
31303,5793,4060
2423,4990,4059
157387,2888,4056
895,5014.5,4056
2441,5489,4055
66745,3066,4054
3368,6024.5,4054
11225,4127,4054
564893,3949,4053
75407,3400,4053
261932,3933,4053
3796,6940,4053
3993,7563.5,4052
2923,6076,4051
3494,6229,4051
1887,5877,4051
3705,6381.5,4050
3080,5532.5,4050
3206,6021,4049
2426,5062,4049
49315,1714,4048
480638,7841,4046
33548,3375,4045
2319,5423.5,4044
94795,4748.5,4044
3685,6114,4043
2965,5838,4043
3079,5349,4042
2056,6043.5,4042
2925,6414.5,4042
3504,6360.5,4042
2321,5245,4041
245,4056,4041
3739,6760.5,4040
4028,7436.5,4040
11246,3886,4039
2956,5694,4039
3952,7612,4038
69,3866.5,4038
3788,6024,4037
10882,4222.5,4036
3514,5708,4036
3058,5740,4035
4017,7911.5,4034
3044,6046,4034
36313,5179.5,4034
624,5206,4033
3019,6145,4032
3708,6457,4031
479179,4197,4030
344736,3294,4030
11594,4377.5,4030
3795,6718,4030
2350,5686.5,4028
490151,4713.5,4028
242,3963,4027
9406,5014,4027
3309,5805,4026
2442,5608,4025
1179307,2786.5,4024
26580,6355,4023
10774,3714,4023
3165,6048,4023
2931,6649.5,4020
3205,5914,4020
10927,4144,4019
3081,5581,4019
2967,5884,4019
1942,5699.5,4018
3697,6004,4018
3934,7223,4017
2959,5532,4017
10610,3559,4017
707935,13787,4016
951,5005,4015
375942,4467,4015
3162,6061.5,4014
1842,5719.5,4014
11251,3769,4014
442,4524.5,4014
3671,6720.5,4012
1934,5473,4012
10606,3562,4011
3502,6434,4011
34748,6473,4011
722305,7155,4010
1909,5949,4009
1843,5743,4009
2966,5848,4009
3495,6017.5,4008
3785,6109,4008
359506,4232,4008
824,4784,4007
2973,5738,4007
10611,3503.5,4006
2456,5404,4005
308059,4484.5,4004
3498,5974,4004
5541,2763,4003
3966,7128,4003
1948,5719,4002
1935,5633.5,4002
3989,7765,4001
11252,3805,4001
1929,5918,4000
5670,4667,3999
918,5047,3999
3028,5892,3999
170426,20435,3999
11145,3808,3998
2972,5886,3997
3991,7547,3997
419713,3937,3997
155545,3253.5,3996
31375,4330,3996
3995,7763.5,3996
680,4730,3994
53016,3489.5,3994
2339,5658,3994
3816,6164,3993
3065,5793,3993
433843,3081,3993
1885,5774,3993
11245,3839.5,3992
10607,3534,3992
493656,10239.5,3992
3066,6071,3992
4001,7822,3992
3399,6270,3991
489640,4096,3991
10667,6488,3991
2455,5454.5,3990
3158,6168,3989
3988,7918.5,3988
26605,6432.5,3988
33863,4139,3987
36287,5259,3987
3259,6348,3986
3371,6233,3986
4394,6197,3984
2061,5359,3983
3217,6279,3983
3700,6447,3983
2425,5212,3983
3779,5814,3983
3503,6446,3982
3798,6612.5,3980
10879,4456,3980
3512,6114,3979
2424,5086,3979
3744,6970,3979
1092193,5326,3978
3994,7741,3978
3893,7595,3977
3601,6328.5,3976
1941,5831.5,3976
28766,5104,3975
870,5038.5,3974
3600,6332.5,3974
26697,4767,3973
952,5045,3973
11244,3743,3973
3787,6376.5,3972
357248,2699,3972
3390,6732,3970
3892,7415.5,3970
3469,5608.5,3970
36286,5279,3970
11407,3980,3969
2065,5670,3969
1918,5674,3968
3236,5938.5,3968
3924,5845,3967
4023,7726,3966
745,5258,3965
1945,5874,3965
3491,6295,3964
3774,6267,3964
65,3225.5,3964
3732,7097.5,3964
499169,4108,3963
3337,5862,3963
78948,4111.5,3962
375940,4459,3962
911,5175,3962
2058,5864,3961
4008,7900,3961
823,4949,3961
3208,5955,3961
35828,5153,3960
3580,5341.5,3960
418404,5183,3959
2348,5597,3959
3811,6766.5,3958
3752,6337,3958
26695,4678,3958
157063,3041,3958
200538,6047.5,3956
3786,6268,3956
299469,4281,3955
43206,3413,3955
158686,2981.5,3954
26699,4564.5,3954
608,4697,3952
3207,5826,3951
15896,3809,3949
3575,5481,3949
2922,5999,3947
2886,5722,3947
480602,8664,3947
17813,6875.5,3946
2796,5830,3945
250963,3675.5,3944
383,4935,3944
290954,3963,3943
925,5002,3943
3059,5954,3941
28765,5414,3941
3833,6653,3940
3164,5864,3939
3450,6141,3937
36318,5236,3937
2899,5820,3937
12784,7661,3937
2320,5288,3935
3192,5688,3935
3723,6843,3934
1905,6212,3934
3029,6097.5,3934
437871,1569.5,3932
1930,5534,3932
1907,5852,3932
2349,5413,3931
2064,5668,3931
894,5135,3931
886,4972,3929
3513,5723,3929
3477,6140,3928
26700,4598,3924
1944,6003,3921
375360,4648,3921
3876,5926,3921
341,3598.5,3920
3117,5340.5,3920
905,5253.5,3920
11404,3907,3919
3733,7031.5,3918
3797,6692,3918
924,5035,3917
26606,6545.5,3916
2114,5407,3916
3485,5738,3915
36317,5380,3915
3826,7127,3915
3391,6969,3915
2389,5367,3915
5561,1382,3913
3104,5960.5,3912
10881,4450.5,3910
3497,5855,3909
2063,5770.5,3908
3213,6201.5,3906
26665,5550,3903
6632,746,3903
11647,6812,3901
247178,5248,3900
3742,6838,3899
10746,3380,3898
10747,3198.5,3898
15560,4779,3897
158324,2313,3897
3702,6418,3896
1938,5809.5,3896
433855,4091,3896
126,3660,3896
3704,6510.5,3896
897,4554,3895
42045,4423,3895
3886,7884,3895
3527,6376,3895
3075,5388,3895
3709,6794,3894
1906,6131,3890
58202,3402,3890
911387,43188,3889
1936,5833,3888
887,4764,3888
3926,6002,3887
4335,5195,3887
39366,1907,3885
26701,4494,3885
3191,5774,3884
26664,5630.5,3884
3030,5934,3883
3526,6486,3883
3116,5487,3883
2926,6363,3883
1931,5782.5,3880
11709,4723,3879
2960,5608,3879
3756,6191,3878
424371,5423,3877
592584,2415,3876
67217,4217,3876
31894,702,3876
4027,7565.5,3876
126288,6587,3875
953,5019,3875
419631,3349,3875
11243,3783.5,3874
3215,6160,3873
2342,5960.5,3872
698,4412.5,3872
11296,3627,3872
2957,5737,3870
911522,20963,3870
3223,5682,3869
3301,5929,3868
3218,6101,3868
3761,6117,3866
3210,5957,3865
3011,5731,3865
344547,4207,3865
15620,6228.5,3864
59915,7403.5,3864
3216,6118.5,3862
906,5054.5,3862
296628,4109.5,3862
22255,2327,3862
1940,6017,3860
11150,3904,3859
3650,6675,3858
26660,5868,3858
4035,7883,3857
442085,4591,3855
155511,4543,3855
3336,5839,3855
11719,4604,3854
3105,5642,3854
3448,6161,3853
3940,5427,3852
3996,7560,3851
3867,5531,3849
3034,5961,3849
3852,5110,3849
2897,5846.5,3848
3696,6332,3847
2958,5571.5,3846
3322,5991.5,3846
2929,5937,3845
3985,7699,3844
3214,6159.5,3844
4000,7652,3843
419677,2974,3843
22339,1451,3843
3103,5584.5,3842
2885,5691,3842
4111,5130.5,3842
3401,6250,3840
2896,5924,3839
26662,5722,3839
2117,5591.5,3838
1912,5875,3837
11149,3731,3837
2062,5707.5,3836
3074,5630,3835
3265,5933,3833
26663,5830.5,3832
3999,7680.5,3832
594,4928,3831
3043,5885,3829
28776,4546,3829
3982,7096,3827
97486,4338,3827
2921,5903,3826
158706,2752,3825
3703,6508,3825
3718,7155.5,3824
3492,6484.5,3824
26659,5949.5,3824
3022,5841,3823
15647,2768.5,3822
290955,4004,3821
212,4028,3821
144177,8343,3821
4203,6933.5,3818
493638,7956,3817
53002,3431.5,3816
1092289,5305,3815
3710,6583,3815
1917,6008,3814
71661,2970.5,3814
3035,6130,3813
26703,4555,3811
3493,6208,3811
3528,6325,3811
3986,7887,3811
3282,5946,3809
1946,5834,3809
3254,5859,3809
30736,2850,3808
11412,3747,3808
243,3909,3806
3525,6432,3806
8824,3499,3805
2116,5720,3803
3569,5002.5,3802
3896,6080,3802
3373,6421,3801
909840,22995.5,3800
681,4582,3799
3842,5775.5,3798
3400,6182,3798
3812,6782,3798
4016,7593.5,3796
908,4961,3795
3581,5663,3795
10878,4420,3793
26609,6397,3793
3607,6698.5,3792
11226,4308.5,3792
1916,5805,3791
564894,3950,3791
3209,5858,3791
2066,5792.5,3790
17862,4530.5,3790
96542,4507.5,3788
42729,12024.5,3788
10765,3450,3788
10728,3735,3787
2927,5964,3787
888,4728,3787
3917,6761.5,3786
3741,6865,3785
3033,5957,3785
26661,5890,3785
28772,4691,3785
3212,5892,3784
227,3940,3783
2115,5703,3783
10518,3400,3782
1937,6145,3781
164611,4446,3781
3711,6545.5,3780
926,4834,3779
3902,6702,3779
3524,6416.5,3778
299906,4285.5,3778
3799,6801,3777
3026,5870,3777
3219,6197,3777
2898,5707,3777
26611,6327,3775
3967,7439.5,3774
3832,6946.5,3774
26607,6448,3773
12253,4510.5,3772
2067,5868,3771
15768,4686,3771
26658,5829.5,3770
3163,6172,3770
3211,5907,3770
3674,6004,3770
433866,3682.5,3770
2930,6492,3769
377624,8503,3767
11184,3974,3765
31376,4509,3765
26579,6371,3765
6454,4819,3765
3375,6445,3765
14326,3229,3764
13482,6423,3764
4009,7708,3763
697,4410,3763
3941,6272,3762
3662,6380,3762
3020,6011,3760
3669,6864,3759
29861,3794.5,3758
1947,5815.5,3758
3025,6084,3757
162,1714,3757
604,4727,3757
3473,6271.5,3756
31307,5816,3755
3402,5980,3755
9824,4659,3754
3740,6870,3752
16169,4567.5,3752
917,5148.5,3750
5229,1729,3749
3036,6152.5,3748
3903,6811.5,3748
3374,6476.5,3748
3258,5973.5,3748
3338,6001,3747
3743,6818,3747
235714,5262,3746
11242,3818,3743
911967,37332,3743
3031,5795,3743
26608,6322.5,3742
132131,2743,3741
3115,5340.5,3740
4025,7687,3740
3717,6735,3739
950,5005,3739
43914,3054.5,3738
3670,6795,3738
359560,3746.5,3736
3410,5904,3735
36285,5349,3735
22253,2295,3734
3370,6456,3733
3813,6671,3732
3660,6548,3732
158705,2750.5,3732
3294,6485,3730
26578,6407.5,3730
407025,9344,3728
3900,6613.5,3728
137337,2538,3728
3372,6465,3727
3672,6691.5,3726
619,3695,3726
3393,6570,3725
56818,2011,3725
10885,4410,3725
15589,5249,3725
3828,7310.5,3724
10763,3457.5,3722
157024,2813,3721
3694,6430.5,3720
4024,8079,3719
4120,4472,3719
3376,6535,3718
3395,6385,3717
22346,2347,3716
3010,6047,3716
610326,2321,3715
344561,3132,3715
564843,4343.5,3714
413,4157,3714
3658,6504,3714
49351,2713.5,3714
1002255,7902,3713
4109,5132.5,3712
171828,5553,3711
3659,6884,3711
3433,5897.5,3710
3919,6615,3710
26702,4485,3709
4010,8010,3709
3042,5810,3709
3998,7171,3708
3032,5874,3708
3827,7070.5,3708
39360,2011,3707
127543,5177.5,3706
22461,2655.5,3706
3916,7154,3706
51062,2555,3705
3441,6319,3705
916,4995,3703
891,4744,3702
10771,3578.5,3702
441,5492,3702
10612,3602.5,3702
3984,7808,3701
498958,3768.5,3700
141762,1827,3699
3806,6557,3699
64348,20220,3698
4026,7451.5,3698
3593,6019,3697
3389,6890,3697
10745,3457,3696
3530,6129,3695
3835,6613.5,3694
129942,1305,3692
5562,1566,3692
1939,6009.5,3692
26577,6421,3691
3731,6909,3691
3472,6170,3691
2913,5852,3690
527581,6627,3689
9862,3619,3689
11413,4040.5,3688
3447,6215,3687
3712,6736,3687
4015,7409,3687
4011,7657,3686
23201,5241,3686
65884,4404.5,3686
3023,5986,3685
12532,5308,3685
327583,4114,3685
3727,6706,3684
3446,5935,3684
708837,11418.5,3684
2059,5776,3683
16282,4731,3682
3403,6050,3681
3006,5625,3681
3800,6617.5,3680
3255,6067.5,3680
4012,7570,3679
3912,7074,3677
36319,5353,3677
292,3722,3677
3801,6342,3676
290073,5028.5,3676
3340,5807,3675
97532,4135,3671
3377,6762,3671
36321,5334,3671
4279,7858.5,3670
3451,6101.5,3670
3663,6070,3669
3114,5557,3665
3894,7247,3665
2909,5467,3664
3664,5783,3662
10887,3832,3662
3592,5803.5,3662
3686,6421,3660
95899,2578,3660
377620,8600,3657
3449,6503,3657
3107,5704,3656
3442,6420,3656
10740,3377,3655
10753,3583,3654
167835,2949,3654
10748,3437,3653
2914,5999,3653
10744,3400,3652
3724,7008,3651
434,5254,3650
900,5159,3650
2920,5803,3649
419732,3467.5,3646
90594,3726,3646
27642,3901.5,3646
4839,5361,3643
419828,4428.5,3642
3108,5707,3642
3293,6507,3641
15630,7064,3640
2917,5783.5,3640
36320,5376,3639
3392,6716,3639
345706,4162,3639
317285,6499.5,3638
2928,6218,3638
3814,6845.5,3638
49400,1754,3637
144063,7849,3637
11577,4702.5,3636
4013,7434,3635