LASTFONT,TTI,FREQ
1270,3505,291
1019,2992,291
1465,3846,287
1302,3686,287
1324,3472,285
1046,3232,283
1236,3516,282
1528,4079,282
1367,3570.5,280
1178,3665,279
1355,3824.5,278
1338,3671.5,278
1700,4244,277
1526,4222,277
1372,3619,277
1260,3419,277
1584,3971,277
1285,3193,276
1313,3559,275
1356,3699,275
1062,2648,275
1764,4615,274
1217,3463.5,274
1237,3237.5,274
1334,3863,273
1504,3670,273
1102,3108.5,272
1190,3261,272
1461,4219.5,272
1201,3066,272
1326,3793,272
1159,3489,271
1615,4312,271
1098,3505,271
1289,3528,271
1187,3388,271
1416,3698,271
1400,3705.5,270
1164,3196.5,270
1193,3429.5,270
1282,3668,269
1180,3486,269
1377,3740,269
1389,3794,269
1540,4018,269
1566,3928,269
1314,3984,268
976,2550.5,268
1101,3061.5,268
1474,4243.5,268
1105,2947,267
1332,3665,267
1365,3747,267
1545,3790,267
1204,3358,267
1467,4403,267
1755,4314,267
1280,3559,267
1107,3231,266
1291,3682.5,266
1484,4180.5,266
1455,3758,266
1328,3445,265
1582,3980,265
1532,3973,265
1563,4045,265
1288,3248,265
1407,3928,265
1432,3648,264
1232,3199,264
1596,3720,264
1589,4338.5,264
1274,3600,264
1406,3637.5,264
1693,4670.5,264
1245,3317.5,264
1404,4234,264
1308,3790.5,264
1449,3973.5,264
1477,3928,263
1368,3800,263
1349,3495,263
1667,4560,263
2005,4729,263
1197,3290,263
1574,4014,262
1025,2910,262
1850,4521.5,262
1743,4536.5,262
1701,4516.5,262
1059,2925.5,262
1185,3130,262
1619,4447,262
1510,4015.5,262
1430,3735.5,262
1872,4519,262
1128,3183,262
1516,4024,262
1319,3286,261
1686,4061,261
1234,3589,261
1695,4335,261
1167,3051,261
1573,3961,261
1382,3807,261
1609,4527,261
1498,3844,261
1347,3761,261
1228,3429,261
1262,3603,261
1443,3882,261
1162,3324,261
1177,3448,260
1202,3474,260
1577,4423,260
1506,3970,260
1239,3553,260
1394,3895.5,260
1136,3068,260
990,2734,260
1267,3605,260
1750,4612,260
1343,3627,260
1714,4405,260
1518,3996.5,260
1287,3454,260
1402,3934,260
1656,4268.5,260
1551,4046,259
1158,3376,259
1033,2902,259
1774,4287,259
1481,4262,259
1044,3089,259
1363,3656,259
1603,4194,259
1203,3346,259
1535,4325,259
1547,4028,259
1281,3372,259
1454,3874,259
1594,4468,259
1227,3174,258
1527,4137.5,258
1435,3817,258
1255,3341,258
1106,3189.5,258
1339,3441.5,258
1813,4634.5,258
1409,3942,258
1426,3760.5,258
1671,4328,258
1466,4011.5,258
952,3040.5,258
1538,4077,257
1588,4230,257
1388,3846,257
1108,3110,257
1450,3837,257
1851,4953,257
1241,3532,257
1397,3798.5,256
1611,3931,256
1489,3968,256
1942,4958.5,256
1580,3895.5,256
2067,4796,256
974,2868,256
1122,3353.5,256
1139,3122.5,256
1375,3717,256
971,2895.5,256
2034,4741,256
1056,3196,256
1631,4393.5,256
1192,3186.5,256
1557,3856,256
1331,3901,256
1739,4408,256
1475,3834,256
1704,4513.5,256
1811,4763.5,256
1428,3714.5,256
1182,3443,255
1199,3402,255
1094,3442,255
1076,2999,255
1491,4081,255
1598,3937,255
1682,4538,255
1887,5075,255
1283,3520,255
1429,3934,255
1381,3609,255
1658,4217,255
1396,4067,255
1231,3426,255
1258,3485,254
1828,4559,254
1014,2932,254
1463,3978.5,254
1194,3086.5,254
1284,3542,254
1665,4190.5,254
1351,3571,254
1378,3750.5,254
1818,4420,254
2054,5284.5,254
1265,3384.5,254
1138,3180,254
1166,3154.5,254
1032,2793,254
1509,4223.5,254
862,2581,254
1063,2801,254
1639,4263,254
1653,4253,253
1649,4652,253
1490,4565,253
1315,3649,253
1408,3548,253
1488,3924,253
2025,4974,253
1010,2883,253
2078,4755,253
1986,4882,253
2099,5058,253
1823,4603,253
1785,4521,253
1560,4692,253
1379,3812,252
1172,3472,252
1337,3465.5,252
1801,4789.5,252
1022,2865.5,252
1663,4070.5,252
1842,5145.5,252
1758,4438.5,252
1387,3814,252
1173,3423.5,252
1815,4575.5,252
1549,4337,252
1350,3417,252
1196,3136.5,252
1191,3411,252
1013,2940.5,252
1016,2858,252
1427,3779,252
1468,3821,251
1111,3003,251
1482,3744,251
1863,4659,251
1453,3914,251
1472,3943,251
1625,4575,251
1023,3159,251
1414,4402,251
872,2719,251
1048,2833,251
1676,4484,251
1786,4226,251
1329,3638,251
1923,4455,251
1734,4680,251
1605,4308,251
1492,3828,251
1224,3395,251
1024,2899,251
1244,3281,251
1299,3600.5,250
1353,3760.5,250
1149,3347,250
1480,4210,250
901,2621.5,250
1327,3830.5,250
1277,3329.5,250
1174,3134.5,250
1590,3867.5,250
1340,3784,250
1266,3704.5,250
1788,4243,250
880,2588.5,250
1692,4407.5,250
1501,3971.5,250
1446,3809,250
1578,3852.5,250
1165,3540.5,250
1677,4100,250
1206,3581,250
1175,3060.5,250
1712,4237,250
1629,4174,249
1493,4104,249
1827,4933,249
1650,4474,249
2085,4835,249
1306,3585,249
1668,3994,249
1953,4527,249
1412,3997,249
1027,2856,249
1768,4337,249
1636,4196,249
1445,3874,249
1140,3075,249
1124,3154,249
1725,4459,248
1364,3794.5,248
1476,4080,248
1012,2970.5,248
1444,3504.5,248
1403,4001.5,248
2194,5584.5,248
1760,4104.5,248
1082,2818.5,248
1132,3410,248
1399,3753.5,248
1418,4238,248
1273,3216,248
1924,4971,248
1709,4440,248
2253,5156,248
1773,4388,248
1243,3841.5,248
1015,2925.5,248
1666,4527,248
1271,3210,248
939,2766.5,248
1778,4166.5,248
1431,3991.5,248
1374,3666.5,248
1708,4175.5,248
1186,3366.5,248
1002,2858.5,248
1572,4101,247
1424,3952,247
1745,4546,247
1861,4597,247
1875,4730,247
965,2775,247
1853,4683,247
1659,4430,247
1200,3121,247
1146,3142,247
1733,4476,247
951,2579,247
1168,3586,247
1333,3648,247
970,2818,247
1137,3174,247
1205,3463,247
1135,3164,247
1235,3062,247
1052,3067,247
1084,2726,247
1001,2718,247
1661,4498,247
1417,3695,247
1189,3155,247
1978,4747,247
1295,3617,247
1729,4410,246
1457,4210.5,246
1569,3719,246
1568,4247,246
1083,3199,246
1095,3168.5,246
2089,5229,246
1771,4351,246
1497,3884.5,246
1517,3994,246
1220,3525,246
1522,4348.5,246
1703,4048.5,246
2038,4428.5,246
1145,3138.5,246
1345,3734,246
997,2955.5,246
1591,4291.5,246
1973,4937.5,246
1114,3099.5,246
1223,3655,246
1938,4568.5,246
1499,4103.5,246
1411,3777,246
1050,3118,246
1442,3578.5,246
1459,4248.5,246
1954,4907.5,246
1261,3082.5,246
1325,3395,245
1947,5249,245
929,2781,245
1865,4644,245
1647,4164,245
1496,3971,245
1515,3872,245
1711,4184,245
998,2844,245
1804,4513,245
2079,5251,245
1250,3733,245
1064,3114,245
1141,3175,245
1726,4627,245
1495,4053,245
1195,3312,245
1075,3003,245
1579,4236,245
1170,3642,245
1341,3766,245
994,2680,245
1716,4505,245
1613,4492,244
1937,4538,244
1395,3761.5,244
1836,4812,244
1297,3619,244
1841,5021,244
978,2883,244
1436,3831,244
1814,4559.5,244
1634,4182.5,244
1309,3429,244
1133,3360.5,244
1660,4302,244
1592,4084,244
1348,3814,244
1011,3008,244
1070,2865,244
1238,3666,244
1233,3558,243
1503,4059,243
1754,4360,243
1553,4278,243
1602,4026,243
1301,3673,243
1155,2954,243
1469,3917,243
1519,4132,243
1830,4609,243
1307,3587,243
1451,3864,243
1247,3493,243
1440,3903,243
1817,4248,243
1371,3587,243
977,2993,243
1413,3903,243
1303,3315,243
1806,4598,243
1684,4469,243
1706,4537,243
1638,4493,243
1317,3640,243
1559,4260,243
1316,3589,243
2236,5402,243
988,2760,243
1464,3947,243
1276,3439.5,242
1843,4554,242
1209,3490.5,242
1225,3457.5,242
1160,3259,242
1914,4658,242
2141,5301,242
1188,3199,242
1031,2957,242
1392,3788.5,242
1759,4534,242
1680,4113.5,242
1300,3641,242
1567,4213.5,242
1744,4258.5,242
1784,4418,242
1883,4763.5,242
1747,4183,242
1103,3393.5,242
1688,4365,242
1802,4341,242
1728,4351,242
1357,3473.5,242
993,2642.5,242
1762,4494.5,242
1448,3731,242
1502,3854.5,242
1903,5111,241
1212,3223,241
1415,3785,241
1298,3539,241
1644,4301,241
1586,4061,241
1143,3158,241
1213,3214,241
1681,4632,241
1322,3333,241
1933,4798,241
1675,4409,241
1127,3200,241
2104,5130,241
1622,4344,241
1554,4497,241
1809,4190,241
1079,3202,241
1362,3616,241
2254,5382,241
1541,4035.5,240
1635,4405,240
1069,3021,240
1125,2970,240
1037,2856.5,240
1391,3847,240
1834,4281,240
1358,3883,240
985,2891,240
996,2755.5,240
1030,3102.5,240
1645,4788.5,240
1179,3370,240
1646,4306.5,240
1290,3539,240
1500,3947,240
1965,5229.5,240
1752,4347.5,240
1751,4700.5,240
1898,4623.5,240
813,2632.5,240
1810,4620,240
1542,3914,240
1520,4205.5,240
1354,3582,240
1642,4247.5,240
1630,4431.5,240
1410,3881.5,240
2117,5037,239
2003,4872,239
900,2758,239
888,2521,239
1735,4242,239
1494,3972,239
1756,4471,239
1876,4903,239
1029,2951,239
1104,2876,239
1749,4672,239
1026,2820,239
982,2895,239
1120,3321,239
1151,3536,239
1294,3586,239
2169,5031,239
1794,4298,239
1087,3040,239
1115,3218,239
964,2761,239
948,2777,239
899,2516,239
896,2578,239
954,2558,239
1780,4894,239
995,2921,239
1826,4216,239
1529,4263,239
1798,4914,238
968,2851.5,238
1321,3574,238
1748,4645,238
1163,3098,238
1183,3285,238
1727,4902.5,238
1153,3295.5,238
1587,4441,238
1038,3094,238
1447,3556,238
1211,3498,238
1304,3659.5,238
1054,3077.5,238
1857,4310.5,238
2013,4697,238
1439,3758,238
1134,3191.5,238
1385,3559,238
847,2353,238
1783,4551.5,238
1683,4178.5,238
1263,3142.5,238
1110,2956.5,238
1648,4410,238
1618,4426.5,238
1184,3406,238
1921,4714,237
1807,4512,237
1041,2833,237
1376,4021,237
1152,3390,237
2242,5406,237
1330,3775,237
1546,4262,237
1366,3966,237
1870,4386,237
1604,4049,237
1171,3490,237
1423,4043,237
1336,3709,237
1181,3188,237
2048,5039,237
1909,4526,237
1096,3096,237
1881,4553,237
1777,4530,237
2123,4802,237
979,2637,237
1148,3139,237
1434,3762,237
1894,4616,237
1249,3476,237
1254,3581,237
1620,4284,237
1269,3647,237
1121,3258,237
1651,4227,237
999,2828,237
1047,2728,237
1035,3280,237
1129,3129.5,236
913,2658.5,236
1664,4473,236
1068,2889.5,236
1533,4111.5,236
1964,4707,236
1226,3445,236
1996,4641.5,236
2225,5436,236
1740,4094.5,236
1007,2860,236
1583,4019.5,236
1796,4643.5,236
1627,4681.5,236
1674,4391,236
1089,3163.5,236
1984,4607.5,236
1004,2822,236
2161,5108,236
2010,5066,236
1610,4142.5,236
1702,4336,236
1057,2804.5,236
2091,5043.5,236
2008,5163,236
1109,2906.5,236
1791,4634,236
1769,4659.5,236
1251,3533,236
1992,4968.5,236
1652,4420,236
1370,3926.5,236
1437,3796,236
937,2657,236
2159,5242.5,236
969,2556.5,236
1835,4556.5,236
919,2794,236
1229,3149,235
921,3190,235
1080,3083,235
1117,3202,235
878,2633,235
1782,4968,235
1859,4913,235
1864,5140,235
1359,3844,235
1441,3879,235
2088,5245,235
1154,3174,235
1398,3799,235
1854,4562,235
2106,4870,235
1198,3169,235
1952,4991,235
1112,3241,235
1536,4215,235
1852,4577,235
1897,5290,235
1131,3417,235
1311,4040,235
1715,4642,235
1821,4548,235
1736,4431,235
1655,4097,235
1967,4548.5,234
1621,4477.5,234
1956,4456.5,234
1868,4490,234
1147,3077,234
1866,4532.5,234
1738,4550,234
1292,3543,234
1438,3931.5,234
1085,3048.5,234
1161,3131.5,234
950,2971.5,234
1003,2958,234
1892,4893,234
1654,4423.5,234
1838,4347.5,234
1775,4680,234
1720,4642,234
2002,4916.5,234
1624,4300.5,234
1829,4906,234
1142,3036,234
1808,4805.5,234
1099,3075,234
1585,4076,234
2230,5165.5,234
1264,3565.5,234
1995,4845,234
1608,4289,234
1524,4204.5,234
2022,4654.5,234
1950,4514.5,234
1637,4688.5,234
1787,4805,233
1296,3931,233
1383,4086,233
1874,4816,233
2065,4851,233
1318,3214,233
1928,4159,233
1889,4973,233
1471,4228,233
1086,2839,233
935,2778,233
1601,4414,233
991,2902,233
1508,3769,233
2042,4762,233
839,2340,233
946,2639,233
1386,3980,233
1936,4867,233
986,2769,233
1877,4725,233
908,2634,233
1561,4240,233
1169,3323,233
1310,3475,233
2250,4774,233
2139,5608,233
2074,4739,233
1176,3524,233
1373,3479,233
1558,4062,233
1049,2991,233
1005,2894,233
1856,4658,233
1895,4503,233
1597,4191,232
1305,3658.5,232
1384,3538,232
1514,4009.5,232
940,2808.5,232
1641,4014,232
1275,3830,232
912,2569,232
1118,3289,232
2197,4926.5,232
1710,4888,232
1948,4602.5,232
1717,4544.5,232
1934,4486.5,232
1844,4411.5,232
1344,3630,232
1043,2806.5,232
1034,3075,232
2116,5200,232
1800,4666,232
1215,3318.5,232
1689,4654,232
1713,4378,232
1939,4514,232
2208,4815,232
1020,2878.5,232
1600,3987,232
1053,3065,232
1119,3107,231
1257,3450,231
1757,4712,231
1090,3522,231
2044,4770,231
1718,4245,231
1346,3547,231
1342,3960,231
893,2335,231
2039,4982,231
1922,4988,231
1879,4906,231
1278,3610,231
894,2485,231
1521,4000,231
1420,3634,231
2167,5101,231
1352,3742,231
1571,4028,231
2199,5194,231
1862,4551,231
1513,3958,231
1904,4936,231
1555,4017,231
917,3009,231
2009,4940,231
1916,4854,231
2227,5319.5,230
2056,4897.5,230
892,2680.5,230
2226,4966.5,230
1617,3992.5,230
2410,5245.5,230
851,2718,230
785,2287,230
932,3006,230
1969,4840,230
882,2752,230
1539,4061,230
1985,4894,230
1092,3036.5,230
2070,4748.5,230
1505,3795,230
1312,3352,230
1687,4501,230
1253,3604,230
2077,5155,230
1981,4822,230
1820,4572.5,230
2059,5152,230
1781,4384,230
1230,3541.5,230
1632,4017,230
1293,3397,230
1458,3623,230
1742,4440,230
2184,4864.5,230
2231,5073,230
1792,4403.5,230
1552,4115,230
1452,4033,230
1599,4125.5,230
1246,3553.5,230
1286,3377,230
1218,3799.5,230
1746,4421.5,230
2143,4769.5,230
1793,4790,230
1507,4210,229
1548,4045,229
1839,4488,229
1361,3823,229
1073,3079,229
983,2978,229
1479,4106,229
2023,5340,229
1534,3811,229
1935,4809,229
2265,5052,229
1537,4066,229
910,2505,229
1943,4843,229
1123,3522,229
1940,4885,229
1886,4741,229
1252,3706,229
1268,3613,229
1779,4469,229
915,2848,229
1707,4560,229
2045,4741,229
1960,4642,229
1694,4379,229
2014,4580,229
1723,4189,229
1919,4611,229
980,3131,229
1576,4418,229
953,2809,229
933,2641,229
972,3011,229
2252,5165,229
1819,4530,229
1595,3990.5,228
943,2607,228
2239,4940,228
1896,4739.5,228
1845,4650.5,228
1570,3975.5,228
2086,4931,228
1066,3037.5,228
1485,4003,228
1207,3318.5,228
1067,2908,228
1208,3499,228
1959,4663,228
1320,3474,228
1530,3740,228
2007,5376,228
2063,4844.5,228
1976,5115,228
1422,3778.5,228
2165,5206,228
1753,4987.5,228
857,2658,228
1858,4701,228
2016,4605,227
1335,3621,227
1036,2944,227
1722,4574,227
2047,4973,227
1972,4930,227
1911,4622,227
826,2448,227
1724,4373,227
1565,3920,227
1963,4539,227
1272,3507,227
1626,4320,227
1776,4584,227
1483,3703,227
1512,3969,227
2203,5256,227
2190,5136,227
1040,2925,227
1925,4678,227
883,2625,227
1612,4510,227
1643,4158,227
1731,5011,227
1221,3846,227
1847,4893,227
1993,4631,227
2108,5334,227
987,2982.5,226
1697,4270,226
828,2491.5,226
907,2682.5,226
1623,4102,226
817,2396.5,226
1944,4848.5,226
1946,4700,226
2033,4811,226
1732,4565.5,226
1633,4295.5,226
1994,4935,226
1078,2991.5,226
962,2933.5,226
1390,3936.5,226
1405,3450.5,226
1999,4900,226
2128,5450,226
1918,4671.5,226
1425,3650,226
1915,5542.5,226
2051,4947,226
1564,4126.5,226
2064,4922,226
1543,4426,226
1126,3299,226
1116,2937.5,226
1544,3993.5,226
2112,5036.5,226
1662,4198.5,226
2204,5099.5,226
2122,5397.5,226
2188,5077,226
829,2495,226
1511,3912,225
1789,4086,225
1765,4676,225
1360,4081,225
1045,2947,225
1912,5012,225
966,2820,225
1871,4736,225
1607,4130,225
2444,5263,225
1460,3910,225
1156,3345,225
909,2348,225
1741,4702,225
885,2693,225
2004,4927,225
1100,2979,225
1867,4414,225
1593,3659,225
1848,4670,225
984,2727,225
2121,4960,225
922,2756,225
1369,3439,225
1989,4914,225
1763,4487,225
905,2727,225
1988,5088,225
1323,3742,225
1721,4590,225
1669,4331,225
1705,4960,225
2186,5307.5,224
1093,2885.5,224
1017,2844.5,224
1216,3434.5,224
2170,4983,224
931,2734.5,224
2249,4970.5,224
1908,4338.5,224
957,2643.5,224
1581,3965,224
2198,5267,224
810,2346.5,224
2171,5252,224
949,2793.5,224
855,2433,224
858,2497.5,224
1770,4747,224
1081,3062.5,224
871,2530.5,224
835,2512,223
2114,4913,223
2073,4866,223
897,2591,223
2418,5079,223
1097,2886,223
2120,5309,223
2151,5209,223
1698,4399,223
2118,4998,223
1795,4715,223
936,2685,223
2028,4668,223
2244,5325,223
1672,4151,223
1657,4168,223
1979,5058,223
1884,4562,223
1575,4265,223
1000,2743,223
2130,5109,223
1525,4019,223
1401,3872,223
1210,3298,223
955,2727,223
1018,2821,223
895,2427.5,222
981,3029,222
1730,4622,222
2012,4515.5,222
1926,5085,222
1927,4925.5,222
1222,3351.5,222
1242,3330.5,222
2173,5412.5,222
925,2449,222
1873,4895.5,222
1893,4967.5,222
1051,2869,222
1816,4349,222
1822,4269,222
2287,5752,222
1157,3226.5,222
1997,4851.5,222
1932,4836,222
1849,4851,222
1214,3238.5,222
2428,5420,222
1380,3685,222
2180,5072,222
1150,3203,221
1487,4050,221
2322,5105,221
967,2949,221
2135,5088,221
887,2509,221
2189,5272,221
1077,3393,221
2029,4672,221
863,2388,221
2255,5364,221
875,2719,221
2096,5134,221
2155,5543,221
2336,5490,221
2018,5110,221
2006,4926,221
2209,4978,221
2176,5077,221
1679,4816,221
2110,4510,221
2323,5464,221
2058,5455,221
1878,4539,221
778,2188,221
2282,5769,221
2177,5548,221
1021,2914,220
1550,4008,220
992,2857,220
1279,3628,220
1606,4534.5,220
2098,5088.5,220
1614,4185,220
2168,5263,220
1737,4075,220
1039,2845.5,220
1071,3078,220
1673,4292,220
1055,3068.5,220
795,2205,220
1869,4296.5,220
2150,4837.5,220
2160,5219,220
2452,5421.5,220
2224,5080.5,220
911,2392.5,220
1855,4637.5,220
1930,4912,220
1640,4563.5,220
2205,5139.5,220
906,2562.5,220
1917,4511.5,220
973,2849.5,220
1846,4506.5,220
1113,3374,220
1473,4355.5,220
1696,4293,219
923,2640,219
1421,3805,219
1628,4338,219
1906,4630,219
2245,5621,219
1462,3659,219
865,2501,219
1065,3129,219
2158,5467,219
2140,4769,219
2146,5209,219
890,2516,219
2109,5385,219
1074,3288,219
1219,3350,219
2142,4807,219
1945,4732,219
1900,4664,219
2066,4903,219
1920,4494.5,218
1907,4671,218
1891,4877,218
2035,5089.5,218
2129,5738.5,218
2049,4983.5,218
1556,3953,218
802,2352.5,218
2286,5569,218
2343,5268.5,218
833,2600.5,218
1860,4389.5,218
1061,2841.5,218
904,2819,218
959,2798.5,218
1433,3895,218
2136,5242.5,218
1259,3413.5,218
2274,5136.5,218
2053,4801.5,218
2076,5298,218
2437,5397,218
2081,4908,217
1980,4922,217
2083,4682,217
1761,4414,217
2021,4849,217
1248,3475,217
1913,4662,217
1028,2993,217
2275,5398,217
2126,4988,217
2308,5153,217
1840,4336,217
816,2365,217
2157,5194,217
1799,4854,217
1929,4880,217
797,2315,217
2267,5218,217
1670,4368,217
2031,5092,217
869,2821,217
989,3008,217
2316,5549,217
2100,5243,217
1797,5085,217
924,2604,217
1957,4862,217
916,2609,217
850,2594,217
2043,5362,217
1975,4835,216
2090,4618.5,216
2027,4616.5,216
945,2915,216
874,2465.5,216
2017,5172,216
2213,5128,216
2291,5505,216
1470,3748.5,216
2435,5206,216
938,2654,216
1833,4643,216
1831,4536.5,216
2094,4773.5,216
2026,5091.5,216
960,3199.5,216
886,2557,215
926,2651,215
854,2648,215
2262,5171,215
2082,5011,215
2238,5505,215
2375,5431,215
1998,4641,215
1991,4625,215
1803,4546,215
840,2658,215
868,2590,215
1905,4396,215
832,2299,215
2093,4635,215
1987,4804,215
2297,5325,215
944,2684,215
2378,5171.5,214
1931,4891,214
2348,5390,214
2156,5097,214
2329,5233,214
803,2436,214
2385,5367.5,214
1060,3246,214
753,2465,214
1058,3160,214
1772,4018,214
1486,3463,214
2334,5086.5,214
2202,5539.5,214
2366,5709,214
2552,5797.5,214
2214,5247.5,214
864,2507,214
867,2672.5,214
1824,5054.5,214
956,2897.5,214
2060,4978,214
1256,3393,213
2212,5073,213
1009,3110,213
2092,5056,213
1977,5010,213
792,2254,213
2057,4502,213
807,2539,213
2295,5373,213
2313,5216,213
2024,5137,213
1393,3799,213
1901,4608,213
861,2627,213
1690,4256,213
879,2709,213
2263,5775,213
2119,5144,213
1910,4494,213
789,2766,213
2132,4849,213
877,2740,213
918,2417,213
1971,5325,213
768,2416,213
1008,2918,213
2443,5313,213
1974,4645,212
958,2541,212
2125,5112.5,212
1562,4151.5,212
2041,5028,212
930,2674,212
2127,4841.5,212
771,2802.5,212
1616,4328,212
1130,3041.5,212
927,2960,212
1478,4140,212
1888,4450,212
2408,5579,212
2360,5372,212
1456,3836.5,212
2421,5457.5,212
2394,5400,212
2105,5541,212
2259,5011,212
1983,5169.5,212
1982,5093,211
821,2452,211
820,2682,211
2298,4613,211
2163,4840,211
1902,4417,211
2162,5152,211
2036,4806,211
876,2676,211
2055,5000,211
2240,5064,211
781,2283,211
1951,5160,211
2361,5543,211
2020,4892,211
2515,6018,211
2019,4890,211
947,2806,211
1812,4926,211
2433,5654,211
903,2432,211
1144,3296,211
1699,4360,211
2448,5131,211
1523,4122,211
961,2580,211
2285,5373.5,210
849,2409,210
2137,4779,210
2622,5850.5,210
814,2486,210
2200,5708.5,210
2271,5273,210
1966,4980.5,210
2102,5205.5,210
2040,4771.5,210
2011,5321,209
2246,5516,209
2388,5889,209
798,2562,209
2698,5921,209
2124,5228,209
928,2741,209
1240,3666,209
2062,4880,209
2084,4827,209
2134,4845,209
2320,4912,209
841,2700,209
2273,5081,209
1961,4861,209
1691,4248,209
1805,4716,209
889,2620,209
884,2729,209
2228,4998,209
2061,4956,209
2222,5369,209
2248,5331,208
2479,5674,208
2001,4747.5,208
1419,3774.5,208
796,2213.5,208
2434,5698,208
1685,4045.5,208
1719,4502,208
898,2541,208
942,3005,208
1968,4341,208
2000,5347.5,208
2573,5609,208
1970,4837.5,208
2457,5263.5,208
2279,5482.5,208
1958,4696,208
2269,5231,208
737,2357.5,208
2215,4831.5,208
2032,5020,208
2256,5306.5,208
2144,5321.5,208
844,2618,208
1531,3875,207
2314,5366,207
2292,5332,207
2431,5163,207
1790,4576,207
2152,4942,207
2115,5192,207
1837,4885,207
2175,4562,207
2251,5106,207
2087,5511,207
914,2953,207
2442,5604,207
2107,4871,207
1899,4878,207
799,2645,207
2221,5176,207
2321,5327,207
2603,5933,207
2201,5585,207
2261,5547,206
2166,5529,206
2402,5938,206
941,2718,206
2131,5192.5,206
1880,5239,206
2526,5778,206
791,2444.5,206
838,2431,206
2319,5634.5,206
2456,6219.5,206
2046,4792,205
2493,5444,205
2069,4553,205
822,2385,205
2182,5261,205
2272,5407,205
2030,4718,205
856,2433,205
2247,5075,205
870,2531,205
2185,5049,205
902,2743,205
859,2654,205
1962,4649,205
2299,5064,204
2037,4638.5,204
2289,5298.5,204
2467,5640.5,204
1766,3790,204
815,2428.5,204
2675,5912.5,204
1825,4203,204
963,2821,204
1088,3010,204
1882,4821.5,204
2715,6057,204
2438,6181.5,204
2318,5044.5,204
873,2616,204
834,2757,204
2218,5005.5,204
2353,5335.5,204
848,2773.5,204
2294,5392,203
2050,5222,203
2413,4912,203
760,2053,203
2463,5935,203
734,2257,203
2068,4693,203
1941,5094,203
2327,5476,203
1767,4353,203
2621,5672,203
2174,4838,203
2335,5164,203
2071,5101,203
2446,5599,203
2461,5687,203
2395,4915,203
2365,5572,203
2430,5487,203
2196,5034,202
2219,5536.5,202
2103,5150,202
2276,5116.5,202
2475,4850,202
860,2694.5,202
2412,5812.5,202
2501,5608.5,202
2277,5457,202
1678,4507,202
774,2545,202
2473,5749,202
2662,6072,202
2257,5240.5,202
793,2381,202
2307,5406,202
2386,5598,202
2306,5416,201
2537,5690,201
830,2261,201
2337,5042,201
720,2282,201
2113,4786,201
2264,5399,201
2278,5064,201
2527,5879,201
2447,5550,201
2595,5602,201
2266,5391,201
2373,5416,201
2309,5646,201
2283,4851,201
770,2384,201
1832,4631,201
2631,5815,201
2359,5684.5,200
2618,6027,200
1072,3217.5,200
2223,5195.5,200
2234,5481,200
805,2436.5,200
846,2271.5,200
2401,5060,200
2794,5900,200
2149,4719.5,200
2351,5911,200
2391,5989.5,200
2517,5282.5,200
2072,5259,200
2883,6385.5,200
779,2398,200
975,2572,199
2624,5510,199
2154,4785,199
2628,5690,199
2455,5583,199
2449,5576,199
934,3065,199
2317,5101,199
2178,4658,199
2296,5294,199
1006,2955,199
758,2145,199
2790,5824,199
1091,3040,199
2172,4972,199
2417,5561,199
2530,5232,199
2575,5806,199
2342,5716,199
2211,5352.5,198
2504,5883.5,198
2340,5522,198
852,2439.5,198
2270,5711.5,198
831,2325,198
2101,4755,198
2260,5096,198
2556,5803.5,198
2659,5300.5,198
2404,4958,198
2280,5392.5,198
2534,5666,198
2233,5691,198
2015,4678,198
891,2826.5,198
2755,6132,198
2216,4991.5,198
2367,5260.5,198
2701,5977,198
2591,5849,198
763,2203,197
742,2379,197
2503,5344,197
2191,4901,197
2608,5354,197
2145,5158,197
2368,4894,197
2258,5355,197
2352,5451,197
2324,5042,197
2349,5629,197
725,2436,197
1042,3005,197
2559,5018,197
2362,5272,197
811,2554,197
2416,5425,197
2382,5270,197
718,2332,197
765,2525,197
2611,6012.5,196
2453,5181,196
825,2341,196
2508,5679,196
2133,5206.5,196
2383,5261.5,196
2498,5785.5,196
843,2425.5,196
2673,6107.5,196
2548,5623,196
2488,5586,196
2097,5031.5,196
2459,5442,196
2372,5370.5,196
2138,4924,195
2325,5546,195
2465,4907,195
2579,6034,195
2315,5649,195
2147,4989,195
2529,5728,195
775,2453,195
2490,5638,195
764,2342,195
2338,5396,195
2761,6065,195
2339,5305,195
2676,5442,195
2653,5713,195
823,2548.5,194
2641,5738.5,194
2632,5365,194
2153,5256,194
2600,5834,194
2369,5641,194
2344,5445.5,194
2445,5475,194
920,2626.5,194
2148,4872,194
845,2448,194
2551,5949,194
2346,5354.5,194
2541,5461.5,194
2355,5554,194
853,2451.5,194
1955,4823,193
2468,6234,193
2561,5532,193
2164,5534,193
2243,5150,193
2389,5514,193
818,2416,193
809,2467,193
2746,6065,193
2646,5650,193
2617,5698,193
2187,4729,193
842,2536,193
2179,5362,193
2582,5663,193
824,2456,193
2879,5628,193
2583,5391,193
2644,5308,193
2724,5357,193
761,2257,193
2602,5435,193
723,2200,193
2384,5530,193
2290,4936,193
2403,5625,193
2642,5669.5,192
2550,5148.5,192
2620,5954.5,192
2846,5943,192
2485,5477,192
782,2639,192
2303,5397.5,192
2393,5466.5,192
2397,5234,192
2235,5405,192
2281,4852,192
2341,4923.5,192
2210,5899.5,192
2538,5066.5,192
747,2285.5,192
2328,5742,191
2571,5649,191
2627,6218,191
2594,6555,191
2345,5570,191
2492,5672,191
2458,5317,191
2429,5289,191
2217,5120,191
2681,5842,191
706,2124,191
2604,5356,191
2379,6038,191
2784,5910,191
2570,5402,191
801,2581,191
2665,5918,191
721,2044,191
788,2707,191
2688,5445,191
2543,5822,191
2599,5410,191
2519,5563.5,190
2511,6197.5,190
2470,5225,190
2648,6098.5,190
790,2641.5,190
2549,5333,190
2554,5556,190
2851,5719,190
2592,5298.5,190
2414,5972.5,190
2302,5353,190
2400,5275,190
2483,5411,189
2427,5914,189
729,2226,189
2535,5315,189
2700,5839,189
2472,5048,189
2474,5250,189
2516,5418,189
2486,5393,189
2882,6203,189
2220,4644,189
2655,5587,189
2311,5373,189
2052,4810,189
2426,5521,189
2704,6008,189
772,2296,189
2380,5337,189
731,2331,189
2364,5471,189
1949,4798,189
819,2580,189
743,2261,189
2481,5894,189
704,2142,189
748,2296,189
2847,6218,189
2450,5589.5,188
2420,5610.5,188
2914,6382,188
2895,6410.5,188
2358,5071.5,188
800,2324.5,188
2409,5472.5,188
2524,6087,188
2668,6324.5,188
783,2243,188
2370,5231.5,188
711,2428,188
746,2298.5,188
2667,5923,188
2111,5361,188
2293,5900,188
2439,5331,188
2440,5147,188
2649,5428.5,188
2377,5536,188
2817,6308.5,188
2354,5458,187
2312,5317,187
2557,5466,187
776,2349,187
2525,5796,187
751,2179,187
2874,6165,187
2310,5424,187
2305,5194,187
2451,5686,187
2586,5569,187
2229,4709,187
2610,5473,187
2462,5836,187
2623,5542,187
2487,5676,187
2268,5281.5,186
2919,5904.5,186
836,2597,186
2432,5319.5,186
2181,4972,186
2547,5728.5,186
2300,5391.5,186
1885,5376.5,186
2660,5918,186
2589,5586,186
2588,5468,186
1890,4566.5,186
2654,5430.5,186
2639,5482,186
2505,5725,186
806,2605.5,186
2565,5311.5,186
786,2348,186
2387,5325,185
2520,5969,185
2825,5817,185
2522,5334,185
2752,5588,185
2584,5349,185
2922,6283,185
2192,4806,185
2531,5718,185
804,2516,185
812,2435,185
2347,5185,185
2652,5975,185
2484,5752,185
2331,5174,185
2411,5421,185
2539,5935,185
2491,5601,185
2080,4705,185
2781,5990,185
754,2235.5,184
2363,5923.5,184
657,2378.5,184
2596,5671,184
694,2526.5,184
2356,5562,184
2381,5523,184
2436,5639,184
2237,5099.5,184
2857,5728,184
2514,5855,184
2669,6072,184
2399,5074,184
2670,5504.5,184
2829,5688.5,184
2693,5441.5,184
2778,6006.5,184
738,2450.5,184
2733,5550.5,184
2741,5527.5,184
2499,5574.5,184
2806,6094.5,184
2853,6229,183
2666,5773,183
2901,5913,183
808,2523,183
866,2433,183
2723,5990,183
2737,5662,183
2075,5120,183
2567,5165,183
2502,5451,183
2350,5606,183
881,2546,183
745,2159,183
2326,5243,183
2333,5539,183
2415,5377,183
2663,5353,183
705,2303,182
2658,5517,182
2612,5729,182
2731,5910.5,182
2206,5188.5,182
2357,5172,182
2566,5887.5,182
2856,5571,182
2496,5536,182
2510,5675.5,182
2647,5074.5,182
2740,5675,182
2810,5688,182
2396,5341,181
2636,5303,181
2585,6271,181
2454,5619,181
2764,5600,181
2477,5895,181
2521,5608,181
2672,5818,181
2183,5049,181
2533,5407,181
2288,5238,181
2284,5289,181
2545,5459,181
2606,5860,181
2702,6235,181
2697,5319,181
2711,5928,181
2332,5035,180
2710,5673,180
2894,6018.5,180
2814,6633,180
2605,5252,180
2495,5506.5,180
2500,5385.5,180
2714,6212,180
2808,6065,180
3041,5817.5,180
2482,5587,180
2791,6134.5,180
2232,4955,180
784,2209.5,180
2568,5745,180
2756,5666,180
2708,5767,180
688,2101,179
2725,5680,179
2095,5308,179
2562,5442,179
2494,5479,179
794,2374,179
2489,5202,179
700,2247,179
2878,6064,179
2460,5693,179
2597,5440,179
2732,5622,179
2637,5624,179
2301,5753,179
2843,6129,179
827,2530,179
2469,5941,178
2497,5287,178
676,2150.5,178
2717,6223.5,178
2815,6426,178
2304,5189,178
2726,5726.5,178
767,2460.5,178
2590,5449,178
2478,5678,178
2707,5591,178
2558,5447,178
719,2372,177
2207,4967,177
736,2342,177
727,2537,177
2613,5311,177
2424,5193,177
762,2503,177
837,2625,177
2471,5692,177
2587,5519,177
2536,5379,177
2614,6550,177
2392,5487,177
2528,5628,177
2689,5725,177
2692,5872,177
2419,5578,177
2241,5463,177
2864,5950,177
2376,5191,177
750,2463,177
2967,6068,177
2374,5539.5,176
2425,5392.5,176
2193,5244.5,176
714,2292.5,176
2887,6086.5,176
2719,5780,176
2546,5792.5,176
744,2598.5,176
2544,6288,176
2650,5968.5,176
2679,5883.5,176
2423,5269,176
689,2345,176
2918,5833,176
2441,5635,176
777,2265,176
2564,5862.5,176
2577,5523,175
2995,7245,175
2574,5532,175
2842,5950,175
2509,5663,175
2783,5928,175
2638,5440,175
735,2229,175
2532,5301,175
2630,5411,175
2664,5126,175
2818,6354,175
2476,6069,175
2398,5196,175
2390,5856,175
2371,5532,175
1990,4873.5,174
3000,6538.5,174
2699,5542,174
667,2545.5,174
2645,6364,174
2785,6055,174
2671,5394.5,174
740,2187.5,174
2801,6152.5,174
2877,6100.5,174
2572,6055,174
2696,5623.5,174
2480,5246.5,174
2830,6527,174
2797,6119,174
2635,6064,174
2758,5878,174
749,2465,174
2512,5181,174
713,2234,173
703,1997,173
2759,6151,173
2542,5595,173
2601,5291,173
717,2492,173
701,2358,173
2581,5453,173
2518,5575,173
2946,5887,173
2739,6629,173
2938,5976,173
724,2397,173
671,2064,173
2803,6136,173
2837,6164,173
2925,5916,173
773,2325,173
766,2560,173
2880,6625,173
3046,6391.5,172
755,2090,172
2563,5629.5,172
2769,5912,172
715,2414,172
709,2265.5,172
2751,6054.5,172
2629,6025,172
3015,5983.5,172
2691,6272,172
2687,5988.5,172
660,2247,172
710,2259,172
649,2039.5,172
2682,5650,172
2744,6739.5,172
2576,5562.5,172
2578,5627.5,172
2807,6270.5,172
712,2290,171
2709,5746,171
2727,5488,171
2888,6218,171
2796,5717,171
733,2234,171
2897,6232,171
787,2657,171
2780,5770,171
2720,6020,171
664,2152,171
2852,5956,171
2738,5730,171
732,2033,171
2729,5540,171
2760,6301,170
2742,5865.5,170
2195,5174.5,170
677,2335.5,170
2860,6150,170
2736,5710.5,170
2656,6005,170
2910,5741.5,170
2792,6134.5,170
2802,5965,170
2616,5478,170
2580,5242.5,170
2651,5676,170
2657,5711,170
2994,6022,170
2661,5727.5,170
2827,6198,169
665,2160,169
2685,5797,169
678,2175,169
2560,5481,169
2553,5573,169
2643,5655,169
650,2077,169
2330,5207,169
699,2432,169
2823,5575,169
2674,5725,169
2868,6056,169
2833,5738,169
673,2191,169
780,2534,169
2881,6377,169
2813,6376,168
2703,6131,168
2721,5891,168
2779,6009.5,168
695,2307,168
698,2180.5,168
2889,5992.5,168
2513,6105.5,168
640,2127,168
2406,5497,168
2873,6119.5,168
708,2343.5,168
685,2201.5,168
2728,5916,168
726,2132,168
2782,5683,168
2866,7704,167
3002,6146,167
2906,6326,167
2718,5503,167
2908,6081,167
2540,5579,167
2507,5497,167
2686,6067,167
681,2308,167
663,2312,167
2892,6636,167
696,2310,167
2941,6253,167
2820,5662,167
2870,6489,167
2776,5563,167
3131,6297,167
2767,5748,167
2677,5860,167
2988,6667,167
2890,6699.5,166
2913,5900.5,166
2619,6086,166
2407,5397,166
2786,6238.5,166
2855,6959,166
2884,5526.5,166
2634,5717,166
2683,6078.5,166
2466,5494.5,166
2863,6130.5,166
2730,5894.5,166
2615,5404,165
2506,5771,165
2826,6018,165
3233,6636,165
2680,6150,165
2464,5211,165
2903,6110,165
2712,5714,165
2626,5889,165
2966,5715,165
2609,5679,165
756,2298,165
2975,5625,165
3059,6382,165
2805,6256,165
2939,6454,165
2422,5410,164
3042,6034.5,164
2713,6267.5,164
2749,5375.5,164
757,2327.5,164
2858,5665.5,164
2743,5784,164
2958,5621.5,164
2757,6361,164
687,2453.5,164
2899,6297,164
679,2329.5,164
2694,5646,164
759,2210.5,164
769,2402,164
3016,6282,164
3013,5920,163
2996,5904,163
641,2220,163
2768,5745,163
693,1963,163
2902,6312,163
2997,6425,163
2945,6080,163
686,2191,163
2798,6079,163
669,2256,163
2950,6362,163
2569,5366,163
2848,6574,163
2753,6040,163
2904,6378,163
631,2033,163
692,2226,163
3019,6574.5,162
2804,5791,162
2555,5618,162
2735,5824.5,162
3106,5665.5,162
2773,5660,162
2754,5658.5,162
730,2299.5,162
2891,5452.5,162
2844,6543.5,162
2747,6524.5,162
739,2106,161
2788,6628,161
2957,5858,161
3021,6101,161
2750,6019,161
2916,6437,161
3020,6223,161
2678,5757,161
2816,5521,161
2795,5657,161
3164,6358,161
2968,6041,161
2774,5810,161
651,2272,161
2405,5537.5,160
2777,5672,160
741,2346,160
2593,5787,160
633,2154.5,160
675,2258.5,160
2872,5930,160
2948,6127,160
3057,6334.5,160
2929,6315.5,160
2640,5764,160
697,2491,160
2861,6846.5,160
2898,6496,160
752,2388.5,160
2885,6061,160
2940,5949,159
2854,5972,159
3226,6513,159
672,2456,159
2912,6166,159
2841,6358,159
670,2135,159
2836,6095,159
2859,6148,159
601,2156,159
2523,5310,159
2822,5689,159
3038,5924,159
2911,5673,159
2821,5768,159
2772,6049,159
2915,5761,159
3004,5704.5,158
2819,6001.5,158
2862,6177.5,158
2770,5760.5,158
702,2333.5,158
3003,6139,158
2978,5674,158
2831,6059,158
2921,5501,158
2850,5971,158
2983,6109.5,158
2695,5683,158
728,2413.5,158
619,2112,158
2849,6254.5,158
2828,6083,158
662,2882,157
2625,5580,157
2982,6512,157
3040,5741,157
2722,5663,157
2838,6631,157
3116,6047,157
3051,6016,157
716,2199,157
3123,6411,157
707,2260,157
2812,5792,157
666,2814,157
2765,6103,157
2935,6108,157
2905,6569,156
3029,6929,156
2839,5625.5,156
2976,5947.5,156
2871,5906,156
659,2232,156
3092,5919.5,156
2799,5377,156
643,2568,156
3058,5880,156
2789,5843,156
2924,6472.5,156
2766,5597,156
2942,5770,155
690,2125,155
2917,5978,155
3008,6202,155
3018,6349,155
2762,5644,155
2684,5826,155
2909,5784,155
3124,6237,155
3077,6053,155
2999,6408,155
2960,6986,155
2865,6375,155
3217,6255.5,154
2977,5399,154
2832,6063.5,154
2907,6184.5,154
2953,6299.5,154
3163,6681,154
3128,5979,154
2867,6027,154
661,1985.5,154
3348,6065,154
3269,6674.5,154
2809,5984.5,154
2959,6351,154
2973,5734,153
2886,6250,153
684,2152,153
654,1983,153
2748,6065,153
624,2253,153
2607,6124,153
2990,5835,153
682,2241,153
2598,5163,153
3045,6221,152
3168,6134,152
580,2196,152
3006,6250,152
691,2555,152
2771,6520.5,152
3273,6186,152
2835,5710,152
645,2316,152
2840,5657,152
2928,6892.5,152
2875,6159.5,152
3091,6069,152
680,2209,152
2949,6377,151
3052,6263,151
2989,6194,151
668,2209,151
2869,6210,151
2992,6133,151
3122,6406,151
3055,6399,151
3030,6286.5,150
3465,6685,150
3050,6212.5,150
2951,5955,150
3073,5809,150
2811,6017.5,150
3069,5928,150
3144,5919,150
3188,6241.5,150
2964,5996.5,150
2633,5180,150
3108,6604,149
2947,6002,149
3039,6249,149
3096,5904,149
3031,5806,149
3172,6196,149
2934,5951,149
3049,6769,149
2972,6256,149
3081,6305,149
3370,6567,148
2845,5953.5,148
3064,6141,148
3072,5842.5,148
3317,6801.5,148
2734,5913.5,148
3001,6418,148
2991,6244,148
652,2063,148
3198,5740.5,148
2787,5736.5,148
2705,5953,148
3319,6796,147
554,2167,147
3079,5995,147
3177,6392,147
3147,7147,147
2931,5968,147
2985,6148,147
3094,6495,147
2920,6172,147
3025,6576,147
3161,6429,147
3148,6061,147
648,2096.5,146
674,2123,146
613,2214.5,146
2962,6210.5,146
592,2560.5,146
3196,6986.5,146
2876,6067.5,146
2706,6165,146
3107,5938.5,146
3439,6464,146
2775,5844,146
3100,6347,146
3043,6751,146
559,2115.5,146
2690,5732,145
2923,6382,145
574,2019,145
2981,6754,145
589,2351,145
618,2149,145
3189,6468,145
620,2263,145
3036,6211,145
3139,6439,145
646,2451,145
3138,6622,145
722,2194,145
3070,6371,145
609,2217,145
3324,5734,145
2896,6306,145
2763,5112.5,144
3125,6420,144
683,2227.5,144
2974,6515,144
2993,6629,144
3205,6061.5,144
2954,6366,144
3127,6718,144
2834,5713.5,144
634,2188.5,144
3088,6032,144
2933,5954.5,144
656,2023.5,144
3089,6214.5,144
3349,6508.5,144
3062,5600,144
3200,6719,144
2716,5482,144
3253,6833,144
2893,6120,144
658,2067.5,144
599,1787,144
3071,5882,143
3133,6089,143
3012,6057,143
3083,5811,143
3257,6892,143
3182,6388,143
630,2339,143
3023,6062,143
2793,5763,143
3283,6500,143
2800,6102,143
3184,6358,143
3166,6848,143
590,2202,143
3120,6851,143
2979,6261,143
573,2074,143
610,2507,143
3146,6438,143
3063,6084,143
2926,6032,143
604,2055,143
3056,6666,143
3181,6011,142
593,1817.5,142
3117,6097,142
3090,6687.5,142
2944,6211.5,142
3005,5910,142
3032,6033,142
578,2070.5,142
636,2166,142
637,2025,142
3220,6243.5,142
3409,6669,141
647,2151,141
3027,6414,141
632,1977,141
2745,5706,141
3432,6459,141
2900,5906,141
3373,6245,141
3054,6680,141
627,1972,141
3037,6033,141
3078,6558,141
2943,6020,141
3321,6554,140
587,2148,140
3279,6930,140
2937,6381.5,140
2932,6056.5,140
629,2185.5,140
3099,6262.5,140
644,2274,140
3007,5722.5,140
617,1885.5,140
3132,6751.5,140
3201,6511,140
3262,6300,140
596,2191,140
3268,6800,140
3076,5952,139
2998,6079,139
3085,6645,139
3068,6096,139
3327,6417,139
615,2247,139
3211,6481,139
3143,6455,139
3287,7415,139
3028,5852,139
3390,6524,139
2965,6606,139
3293,7290,139
3130,6779,139
616,1995,139
3203,5927,139
3150,5819,138
3219,6216,138
3066,5919,138
3112,6915.5,138
3010,6380.5,138
3230,6514,138
3044,6195.5,138
561,1891.5,138
3285,6228.5,138
3271,6255,138
3215,6418.5,138
3140,6570,138
3313,6631,138
3346,6911.5,138
3149,6546.5,138
608,2320,138
3356,6714.5,138
3342,6129,137
3171,6932,137
3240,6124,137
3234,6143,137
3207,6258,137
3679,6630,137
3265,6492,137
3118,5985,137
3034,6592,137
3678,6705,137
3026,6233,137
3332,6437,137
3264,6544,137
3095,5983,137
3155,6322,137
3291,6419,137
3035,6634,137
3433,6309,137
3236,6112,137
3255,6306,137
2927,6123,137
3448,7570,137
2987,5678,137
3395,6552,137
3022,6671,137
3521,7582,136
3141,5959,136
3111,6491,136
3492,6733,136
3301,6558.5,136
614,2102.5,136
3372,6327.5,136
3087,6658.5,136
3340,6530.5,136
2956,5934.5,136
642,2407.5,136
598,2304,136
3165,6281.5,136
621,2271,135
3214,6212,135
3167,6124,135
623,1919,135
3671,7188,135
3242,6621,135
2930,6851,135
3231,6564,135
2971,6532,135
3296,6236,135
3277,6208,135
3093,6363,135
2969,5869,135
2824,5849,135
3213,6443,135
3169,6013,135
622,2168.5,134
3101,6283,134
3082,6136.5,134
3407,6127,134
3286,6653,134
625,2093,134
3170,6320,134
3212,6356.5,134
3280,6500,134
639,1995,134
606,2340.5,134
600,1977,134
2986,5973,134
3075,5829,134
3251,6271.5,134
628,2188.5,134
3456,6114.5,134
3048,5955,134
603,2077.5,134
655,2116,134
3237,6122,134
3086,6408,134
3396,6911.5,134
3376,6685,133
638,2047,133
653,2015,133
3382,6228,133
520,2170,133
3014,6318,133
3224,6052,133
3493,6605,133
3067,6466,133
3308,6258,133
3102,5852,133
537,2064,133
3421,6684,133
3505,6701,133
3202,6671,133
3193,6465,133
3347,6928,133
3156,5892,132
3445,6645,132
3575,6548,132
3180,6219,132
3110,6304.5,132
3302,6323.5,132
3204,6975,132
3239,6320.5,132
576,2396.5,132
3303,6676,132
3185,6686.5,132
611,1977.5,132
3136,6130,132
565,1889,132
3343,7053.5,132
3158,6370.5,132
3129,6701,132
3477,6693,132
3223,6733,132
2955,5993,132
3206,6455.5,132
3690,6450.5,132
579,2214,131
3074,5813,131
3430,6736,131
3366,6309,131
3238,6749,131
3259,6405,131
597,2288,131
3061,6013,131
560,1888,131
612,2437,131
3443,6805,131
581,2156,131
3261,6520,131
2952,5771,131
3192,6343,131
3065,6735,131
3276,5901,131
3476,5693,131
3245,5708,131
3263,6687,131
3173,5486.5,130
3176,6620,130
3543,7366.5,130
3326,6123.5,130
3272,6631.5,130
493,2099,130
3053,5881,130
3371,6683.5,130
3119,6371.5,130
3243,6028.5,130
586,2068.5,130
3151,7273.5,130
3500,6743.5,130
3275,6570,130
3248,6480.5,130
2961,6175.5,130
584,2457,130
536,2119.5,130
3628,6728,130
3228,6415,129
3159,5996,129
3134,6071,129
3537,6174,129
3362,6056,129
483,1811,129
3135,6300,129
3190,6269,129
3145,6232,129
525,2563,129
3438,7046,129
3137,6350,129
3375,6737,129
3399,7027,129
3114,5989,129
3727,6805,129
3573,6822,129
3097,6156,129
3104,6464,129
3358,6652,128
585,2008,128
3229,6714.5,128
3009,6075,128
3084,6067.5,128
3227,6052.5,128
3306,6392.5,128
2963,5680.5,128
3247,6434.5,128
3295,6610,128
569,2284.5,128
607,2049.5,128
3449,6247,128
3292,6439,128
3415,6355,128
3178,5903,128
3289,5970,128
3175,6347.5,128
3033,6158,128
3414,6548.5,128
3299,6742,127
533,2151,127
3335,6356,127
3571,7004,127
602,2124,127
3333,6247,127
575,2342,127
3428,6690,127
3450,6465,127
3235,6218,127
3355,6750,127
556,1741,127
3429,6454.5,126
567,2080,126
3527,6708,126
3254,7036.5,126
3183,6043.5,126
591,2105.5,126
562,2156.5,126
3398,6575,126
3350,6369.5,126
3553,6791,126
3195,6681.5,126
3546,6590,126
3391,6953,126
3310,6665,126
3105,6192,126
524,1797,126
626,1888,126
3024,5589.5,126
3692,7033.5,126
3518,6697,126
3365,6819,125
3558,6854,125
3581,6567,125
3484,6385,125
3378,6562,125
3060,6816,125
3379,6536,125
3486,7058,125
3323,6439,125
3258,6807,125
3412,6214,125
3208,5993,125
555,2229,125
3278,6830,125
635,2171,125
3614,6474,125
3377,6487,125
3294,6661,125
3109,6826,125
3564,6671.5,124
3446,6742,124
605,2200,124
2970,6563,124
3103,6350,124
3344,6511.5,124
3339,6728.5,124
3649,7365.5,124
3210,6586.5,124
3413,6088,124
3427,6646,124
3174,6320,124
3312,6173.5,124
3244,5986.5,124
3157,7225,124
3644,6775.5,124
3194,6792,124
3364,6228,124
3441,6428,124
3431,6732,124
3320,6462.5,124
3400,6190,123
3461,6383,123
3270,6296,123
3357,6404,123
3186,6775,123
549,2417,123
3359,6050,123
3256,5666,123
3634,6241,123
3423,6043,123
3011,6657,123
3197,6500,123
583,2144,123
3152,6980,123
595,1810,123
3516,6601,123
3467,6752,123
3624,6500,123
3410,6576,123
3328,6532,123
3113,6822,123
3384,6815,123
3743,6638,123
3600,6731.5,122
3385,6078,122
3482,6117,122
3488,6687,122
3784,7148.5,122
3713,6348.5,122
588,2081.5,122
3569,7038,122
3653,6627,122
3579,6516,122
3617,6714.5,122
2980,5368,122
3576,6718.5,122
3179,6125,122
3562,7357,122
572,2288,122
3460,6150,122
484,1869,122
3418,6420,122
3851,6903,122
3442,6224.5,122
3501,6212.5,122
3393,7004.5,122
3309,6512.5,122
3420,6812.5,122
2984,5806.5,122
3704,6931,122
3530,6897,121
547,1887,121
3298,5375,121
3274,6548,121
3591,5901,121
3525,6839,121
3126,6133,121
3316,6419,121
3555,7037,121
3222,6233,121
594,1941,121
3765,6698,121
3225,6835,121
3047,6283,121
558,1994,121
582,2427,121
3232,6633,121
3250,6807,121
496,1844,121
566,2042,121
3098,6711,121
515,2133,121
3017,5986,121
3142,6820,121
3590,6121,121
3341,6335,120
3121,5781,120
3626,6389.5,120
3948,7220,120
542,2423,120
3381,6654,120
3425,6947,120
521,2181.5,120
3481,6464.5,120
3191,6948.5,120
3403,6564.5,120
3491,7099.5,120
3314,6508,120
564,2068,120
3260,6612,120
3405,7512.5,120
3322,6201,119
3411,6523,119
3402,6666,119
3507,6504,119
3115,5861,119
505,1958,119
3723,6501,119
568,2144,119
513,1858,119
3592,6680,119
3218,6357,119
3435,6214,119
3707,7375,119
3209,6503,119
3386,6730,119
544,1840,119
3454,7408,119
3715,6712,119
3336,6094,119
530,2211,119
3513,7810,119
3374,6429,119
3509,6916,119
550,2159,119
3221,5767,119
3290,6776,119
3740,7665,119
3187,6497.5,118
3288,6958.5,118
3199,6339.5,118
3444,6597,118
3612,7060.5,118
3728,6310.5,118
3329,6466,118
498,2034,118
551,1920,118
3304,6053.5,118
541,1756.5,118
3711,7636,118
3833,6646,118
3459,6535,118
3282,6151,118
2936,5628.5,118
3502,6170,118
3154,5999,118
475,1988,118
3267,6297,118
3542,7598.5,118
3389,6884,118
3369,6869,118
3514,6640,118
3388,6625,117
3541,6487,117
3249,6137,117
3567,6936,117
3734,7345,117
3160,6382,117
3647,6997,117
3424,6011,117
577,1988,117
3498,6733,117
534,1920,117
526,1971,117
3560,7115,117
546,2159,117
3580,7169,117
3451,6606,117
570,2041,117
3687,6372,117
3318,6059,117
3657,7115,117
3665,6845,117
3455,6444,117
3437,6229,117
3554,6936,117
3538,6819,117
3426,6597,117
3307,6251,116
3881,6862,116
3495,6418,116
3698,7570.5,116
3517,6958.5,116
3534,7077.5,116
3536,6525.5,116
3662,7831,116
3755,7162.5,116
522,2050.5,116
3345,6626.5,116
3504,6699.5,116
3305,5817,116
3471,6739,116
3472,6298.5,116
532,1881,116
3352,6175,116
519,1985,115
3458,7001,115
3738,7209,115
3281,5902,115
3284,6442,115
3561,6367,115
3566,6458,115
3791,6794,115
4028,6999,115
3368,6232,115
3494,6160,115
3080,6463,115
3453,6467,115
3216,6264,115
503,1857,115
3325,6290,115
432,1785,115
3480,7144,115
3337,6451,115
3367,6265.5,114
3490,6624,114
3697,6813.5,114
3394,6582.5,114
3691,6494,114
3519,7267.5,114
3440,6239.5,114
3503,6636,114
3363,6725,114
3652,7225.5,114
3747,6887.5,114
3551,6754.5,114
3434,6402.5,114
3315,6358,114
3511,6243.5,114
3658,6342.5,114
543,2062.5,114
3512,6959,114
3916,6979,114
3520,7208,114
3351,6308.5,114
553,2023,114
3487,6762,114
3702,6301,114
3246,6819.5,114
3544,6807,113
3818,6683,113
485,2200,113
540,2037,113
538,2055,113
3588,6685,113
3696,6988,113
3479,6272,113
504,2199,113
528,2195,113
3877,6831,113
3550,6659,113
3162,6098,113
3616,6557,113
3334,6397,113
3673,6586,113
3789,7172,113
3826,7264,113
3776,6777,113
3703,6903,113
548,2201,113
3557,6795,113
457,1913.5,112
3890,7264.5,112
527,2195.5,112
3706,6820,112
3621,6839.5,112
3611,5972.5,112
3832,7703,112
3722,6641,112
3380,6660.5,112
510,2065,112
517,1985,112
3436,7547,112
563,2151,112
3772,7727.5,112
557,1937.5,112
3875,6669,112
3990,7075,112
3950,7513,112
3404,6073.5,112
545,2147,112
4042,7240,111
486,1986,111
3547,7227,111
3360,6364,111
3609,6932,111
3638,6116,111
3666,6469,111
3401,6973,111
3655,7177,111
3485,6026,111
3297,6381,111
3955,7306,111
3473,6817,111
3605,6827,111
3654,7320,111
3794,6828.5,110
3422,7620.5,110
3392,6615,110
3529,6743,110
3845,6985.5,110
3620,6411.5,110
3565,6778.5,110
3725,7057.5,110
3827,7119.5,110
3674,7440.5,110
3889,6905,110
3751,6886.5,110
3811,6936.5,110
3266,6575.5,110
3463,6535.5,110
3785,7055.5,110
4086,7675.5,110
3774,6523,110
4083,7206.5,110
500,2102,110
3764,6413.5,110
3918,7413.5,110
4012,6957.5,110
3603,7044,109
3545,7358,109
3241,5798,109
3397,6280,109
3574,6783,109
3664,6694,109
3524,6608,109
3748,7423,109
3695,6849,109
3469,6986,109
3522,6665,109
529,2050,109
3354,7707,109
3563,6673,109
3416,7583,109
3353,6134,109
3910,7003,109
3769,7040,109
3515,7148,109
3668,6597,109
3622,7050,109
3846,8460,109
3745,6857,109
3535,6799,109
3661,6949,109
3361,7165,108
3676,6534.5,108
3941,6926,108
3823,7284.5,108
499,1947.5,108
512,2299.5,108
3660,6197,108
3311,6491,108
3712,7485.5,108
3767,6734,108
3523,6867,108
3559,6627,108
3880,7144.5,108
3908,6599,108
3874,6942.5,108
3876,6291,108
3589,7013,108
3496,7216.5,108
3962,8108,108
3958,6919,108
3759,6800,108
3829,7699,108
3497,6502,107
3642,6817,107
3330,6560,107
3871,7389,107
3777,7144,107
3945,7860,107
3300,6909,107
3682,6898,107
3470,6297,107
3417,6578,107
3838,7425,107
3680,7315,107
3447,6413,107
3408,6492,107
3466,6420,107
3766,6786,107
3604,6943,107
3821,6679,107
3806,6295,107
3861,7610,107
3489,7113,107
3645,6190,107
3803,6858,107
3641,6884,107
4166,7157,107
3633,6392,107
3636,7229,107
3648,7199.5,106
3718,6472.5,106
3688,6499.5,106
3839,7236,106
511,1805.5,106
3783,7162,106
3570,6293,106
3770,6633,106
3608,6892,106
3817,7252.5,106
3599,7579,106
3669,6630.5,106
3597,6363.5,106
3464,6643.5,106
479,2026,106
3929,7322.5,106
3834,7535,106
3483,7076,106
3736,6755,105
552,2139,105
3983,7394,105
3997,7067,105
3587,6185,105
3835,6895,105
3859,6880,105
3885,6422,105
3760,6843,105
3601,7372,105
459,1875,105
3630,6837,105
3528,7089,105
3739,7078,105
3387,6791,105
539,1842,105
495,1800,105
3844,7294,105
3927,7634,105
3499,6710,105
3994,7109.5,104
3762,7176,104
3969,7208.5,104
3906,7174,104
3598,7388,104
3812,7111,104
3949,7338.5,104
3578,6414.5,104
4087,7485.5,104
490,1837,104
3901,7916.5,104
463,1890,104
3452,6436.5,104
3932,7024,104
3646,6250.5,104
4067,6921.5,104
3675,6941.5,104
4054,7943,104
3510,6979,104
3709,6971,104
3872,7439.5,104
4069,7286.5,104
3406,6834,104
4118,7408,104
3828,6936,104
3797,7649,104
3595,6882.5,104
3852,7253,104
3788,6267,104
3925,6242.5,104
4016,6614.5,104
3619,6623.5,104
3995,7385,104
4298,7935,103
3749,7203,103
3531,6717,103
3731,7399,103
3815,7290,103
3457,6111,103
3867,6634,103
3944,7378,103
3681,6954,103
4008,7491,103
3733,6786,103
3841,6756,103
3700,6739,103
523,1971,103
3808,6780,103
4046,7412,103
3716,6903,103
3708,7538,103
3840,6752,103
3778,6843,103
3632,6511,103
4006,7042,103
3552,6729,103
4017,7664,103
3549,7192,103
509,1879,103
3831,7236,103
3577,6116,103
3585,7402,103
3153,6223,103
4212,7156.5,102
3693,7503.5,102
3989,7596,102
3685,7706,102
3331,6072,102
3849,6765.5,102
3780,6682.5,102
455,1851.5,102
3980,7342.5,102
3807,6561,102
3468,6631,102
3583,6455,102
3720,7095.5,102
3338,6970.5,102
3773,6394,102
3730,7430.5,102
3651,6849.5,102
3419,6669.5,102
487,1881,102
3383,6580,102
535,2339.5,102
518,1989,101
508,2099,101
4197,7607,101
467,2080,101
3781,7551,101
3813,7753,101
4024,7025,101
4004,7807,101
3804,6950,101
415,1747,101
4145,7339,101
507,2108,101
3478,6734,101
3533,6264,101
506,2094,101
3623,7372,101
3717,7651,101
4121,7170,101
4070,6753,101
3746,6876,101
3891,6901,101
3539,6745,101
3744,6245,101
3475,6320,101
3548,7350,101
3252,6516,101
3930,7570,101
531,1950,101
3922,6983,101
434,1887.5,100
3824,7368.5,100
4021,7095.5,100
478,2090,100
4073,7930,100
464,1794,100
3882,7528,100
3796,6878,100
3809,6516,100
3757,7073.5,100
3582,6465.5,100
3996,7143.5,100
3985,7657,100
4031,7504.5,100
4116,7679.5,100
3814,6668.5,100
516,2186,100
3820,7533.5,100
3726,6877.5,100
3701,7238,100
446,1959.5,100
3761,6515,100
3596,6922,100
3792,7321,100
4065,7430.5,100
3677,7313.5,100
3940,7432,100
451,1795.5,100
3893,7483,100
3613,6521.5,100
379,1851,100
3735,7144.5,100
4265,8040,100
477,2004,100
3869,6976,100
514,2048,99
3556,6833,99
3843,7150,99
3992,6613,99
501,2247,99
469,2150,99
3670,7113,99
3965,6589,99
4026,7330,99
4132,7047,99
3836,6283,99
3656,6680,99
3667,7484,99
3750,6386,99
4025,7960,99
4000,7484,99
3683,7176,99
3920,7406,99
489,1685,99
3936,6625,99
480,1891,99
3618,6401,99
3639,7144,98
3637,6182,98
3741,7602.5,98
3771,6923,98
3659,6628,98
3754,7338.5,98
3615,6907,98
473,1919.5,98
3631,6862,98
3689,7198,98
3971,7772,98
3935,6163.5,98
3474,6215,98
3904,7221.5,98
4236,6655,98
4061,7475.5,98
3897,6943,98
4001,7574,98
3868,6515.5,98
4323,7540.5,98
417,1921,98
3787,6808.5,98
3625,6860.5,98
3800,7191,98
442,1760,98
3732,6517.5,98
3863,7032.5,98
3635,6686,97
4003,7108,97
3967,6621,97
400,1767,97
3568,6712,97
571,2011,97
424,1767,97
3830,6941,97
3886,6856,97
3719,6121,97
3724,6668,97
453,1939,97
3540,6182,97
3584,6967,97
3699,6841,97
3981,7589,97
3805,7649,97
4411,7225,97
4134,7347,97
3802,7153,97
3870,6969.5,96
3768,7221.5,96
419,1821.5,96
3714,6815.5,96
494,1903,96
4418,8007,96
3928,6626,96
402,1893.5,96
3943,6989.5,96
4183,7424.5,96
4155,7773.5,96
3837,7400.5,96
3862,7325,96
3903,6714,96
3899,6958.5,96
3752,6533.5,96
3894,7499.5,96
3650,6763,96
3993,7147.5,96
436,1944.5,96
492,1882.5,96
4200,7825.5,96
3526,7687.5,96
4586,8204,96
3594,6775,96
3848,7732.5,96
4007,6963,95
502,2053,95
4075,7029,95
491,2043,95
3919,6957,95
3684,6811,95
389,1611,95
3973,7666,95
3970,7073,95
439,1795,95
447,1970,95
4109,6815,95
3850,6831,95
3610,6657,95
3586,6722,95
497,2277,95
468,2055,95
461,1838,95
3998,7537,95
4023,7326,94
4257,8021.5,94
3795,6252,94
3912,6604,94
3888,7905,94
3798,6636,94
3643,6452.5,94
482,1890.5,94
3721,6452.5,94
4081,6673.5,94
4044,7199.5,94
470,1743.5,94
3729,6843,94
3532,6173.5,94
3923,6759.5,94
3976,6541.5,94
3884,6994.5,94
3819,6239.5,94
3779,6860.5,94
4005,7245.5,94
4154,6838,93
428,1979,93
4173,7472,93
452,1893,93
3914,7011,93
4251,6791,93
3879,7577,93
3864,6916,93
3858,7722,93
4014,7335,93
472,1761,93
4188,8330,93
4455,7260,93
488,2019,93
4033,7804,93
3900,7760,93
4359,7978,93
4066,6799,93
3982,7419,93
4079,6596,93
4149,6735,93
3921,6915,93
399,1700,92
4062,7850,92
3878,7097,92
3763,6582.5,92
4047,6731,92
3939,7607,92
4051,7145,92
4052,6503.5,92
4199,7845.5,92
3753,7622.5,92
3856,6851.5,92
4128,7377.5,92
3961,7334,92
3572,6632.5,92
4115,6771,92
4210,6965.5,92
456,1991,92
465,1955,92
4397,7061,92
4060,7576.5,92
4266,7069.5,92
4228,6856.5,92
3629,6350.5,92
3865,6471.5,92
4330,7822.5,92
4303,7910.5,92
3915,6713.5,92
4106,6794,91
431,1851,91
3979,7548,91
4263,6713,91
476,1716,91
4002,6933,91
3968,7533,91
4268,7237,91
4129,7266,91
4214,6936,91
3964,7295,91
3627,6403,91
4260,7677,91
3952,7179,91
3782,6324,91
3860,7246,91
4064,7125,91
4045,7742,91
471,1853,91
406,1658,91
3686,6730,91
3737,7121,91
4332,8616,91
3966,7256,91
3710,6986,91
396,1979,91
3742,6596,91
4461,8177,91
3909,7739,91
4053,7894,91
4088,6717,91
4113,7511,91
4027,6757,90
427,1878,90
3991,8283.5,90
4084,7136,90
3984,7126.5,90
4238,7857,90
3953,7319.5,90
462,1781.5,90
4181,6728,90
4059,6940,90
444,1838.5,90
4029,7079,90
425,1862,90
3911,7574.5,90
4120,7350.5,90
3917,6483.5,90
4093,6694.5,90
3857,6853,90
4036,6695,90
4395,8239.5,90
3926,7390,89
448,1533,89
4043,7742,89
454,1886,89
3799,6476,89
4326,7502,89
4100,6917,89
423,1776,89
466,1922,89
4077,6996,89
3905,7506,89
4133,7225,89
4103,7106,89
4376,8683,89
4656,7831,89
433,2035,89
4495,7494,89
3866,7286,89
449,1816,89
458,1787,89
367,1707,89
4256,7615,89
3895,6234,89
401,1772,89
4191,8003,89
404,1840,89
4211,7303,89
3758,7099,89
3825,7459,89
3898,6230,89
3963,6662,89
4020,6312.5,88
3934,7020,88
4095,6570,88
3956,6956,88
3960,7203,88
3816,7355,88
4548,7781,88
4019,6756.5,88
3933,6946.5,88
4314,7643.5,88
4071,7617.5,88
4165,6993.5,88
4040,7076.5,88
418,1864,88
3937,8076,88
4180,7234.5,88
4680,7595.5,88
460,1850.5,88
4269,7884,88
4150,6968.5,88
3508,6340.5,88
481,1945,88
4280,8015,87
4152,7566,87
4148,7550,87
407,1987,87
474,1845,87
4194,7750,87
4442,7157,87
3924,7930,87
4353,7299,87
3873,7004,87
4409,7537,87
3602,6810,87
438,1638,87
4622,8819,87
3896,7054,87
4035,7047,87
3506,6768,87
4474,7658,87
4089,7475,87
4325,8066,87
4338,7164,87
4107,7167,87
4294,7741,87
4168,7142,87
4740,7808.5,86
4527,7776,86
4401,7226.5,86
4138,6804.5,86
4217,7574,86
4177,7494.5,86
3959,7404.5,86
4034,7444.5,86
3951,7894.5,86
4391,7234.5,86
3640,6629,86
4032,6573.5,86
4340,7704,86
4218,7804.5,86
4010,6816.5,86
3663,6760.5,86
4146,7926,86
4320,7959.5,86
4209,8277,86
4595,8423,86
4104,7275.5,86
4159,6831,86
4310,7906.5,86
4282,7954,85
408,2053,85
4030,7069,85
4230,7000,85
4074,7591,85
4261,6875,85
4216,7694,85
3892,7242,85
4782,7664,85
4063,6782,85
3913,6718,85
4131,7257,85
380,1970,85
4108,6904,85
393,1537,85
3801,7425,85
4361,8079,85
4284,7999,85
4039,7296,85
4096,7509,85
3672,7777,85
4225,7400,85
3842,6854,85
4204,7784,85
3977,7810,85
3999,6840,85
4300,7992,85
3957,7814,85
4417,7695,85
3974,7214.5,84
4579,8045.5,84
4345,7261.5,84
4078,6413.5,84
4196,8297,84
4344,6847,84
3756,7163.5,84
4371,7506,84
4408,7982,84
4076,6988.5,84
4582,7679.5,84
4537,7534,84
3942,7498.5,84
4490,9107,84
4232,7273.5,84
4013,6966.5,84
4276,7454,84
4584,7908.5,84
4369,7138.5,84
4192,7664.5,84
4213,7210.5,84
4243,8188.5,84
405,1561.5,84
4493,7928,84
4179,7451.5,84
4396,7851,84
421,1715.5,84
3462,6943.5,84
4229,7091,84
3793,7104.5,84
4011,8525.5,84
4092,6775,84
4297,7980.5,84
3775,7506,83
386,1837,83
383,1829,83
4151,7700,83
4105,6854,83
4082,6811,83
4130,7137,83
3907,6520,83
4224,7438,83
4239,7832,83
4480,7872,83
391,1876,83
4098,6946,83
3931,7103,83
4555,7440,83
4403,7101,83
4833,8711,83
4091,6956,83
4258,7826,83
4499,8672,83
4578,8260,83
4745,8298,83
4198,6766,83
3786,6971,83
4009,7330,83
3705,6901,83
4308,7559,83
4686,7959,83
4428,7952,83
4112,7922,83
3847,6697,83
4072,7253,83
410,1881,83
4351,7320,83
4482,8272,83
4068,7624,83
450,1901,83
4049,8032.5,82
4301,8089,82
4122,7454.5,82
3987,6850,82
4240,6859,82
4363,7464,82
4018,7333,82
4726,7958,82
4114,7084.5,82
4201,7104.5,82
4253,6827.5,82
3975,6287,82
4110,7613,82
4291,7484.5,82
4279,7664,82
4378,7353,82
4352,7658,82
4563,8182.5,82
4283,7126.5,82
4520,8605,82
3946,6655,82
4477,7035.5,82
440,1912,82
3694,7011.5,82
4037,7024.5,82
3938,6711,82
4050,6741,82
4163,7304.5,82
3988,7409,81
4650,8270,81
4275,7513,81
4189,7009,81
4385,6974,81
4475,7476,81
4160,7257,81
4242,7660,81
4765,8055,81
4247,7353,81
4336,8125,81
3607,6617,81
4241,7685,81
382,1580,81
4365,8421,81
3855,6808,81
4292,7633,81
4097,8217,81
4141,7130,81
324,1393,81
4259,6904,81
4526,6832,81
3822,7799,81
4235,6740,81
3790,6934,81
4296,7174.5,80
4127,7623,80
3954,6186.5,80
4660,7902.5,80
4125,8230,80
4208,7289,80
437,1890.5,80
4167,6892.5,80
412,1677.5,80
4552,6990,80
4137,6827,80
4327,7463,80
4549,7996,80
4203,6869.5,80
3986,6141,80
4889,7587,80
4111,7363,80
4175,8289.5,80
441,1621.5,80
4186,7674.5,80
4446,7040,80
3887,7166,80
374,1844,80
4617,7369.5,80
4356,7905.5,80
4248,7472,80
4348,7184,80
4085,7605.5,80
3978,6899,80
420,1910,80
4358,7342.5,80
3593,7184.5,80
4041,7654,80
4522,7254,80
3810,7527.5,80
4231,7595.5,80
4456,7285.5,80
4144,7380,79
4349,8312,79
4158,6778,79
4651,7970,79
4022,6537,79
3947,6790,79
4412,7545,79
4223,6916,79
3972,7078,79
4135,7155,79
4302,7574,79
4422,7116,79
4368,7761,79
4206,8241,79
3883,6792,79
4512,7382,79
4735,8043,79
4094,7427,79
4441,8712,79
4184,7759,79
4362,7415,79
4749,7165,79
4315,7913,79
4443,8122,79
422,1845,79
4500,7520,79
4234,8538,79
4377,7901,79
4636,8584,79
4233,8246,79
4038,7723,79
4123,8010,79
4466,7589,79
4404,7317,79
430,1888.5,78
4567,7627,78
4157,7750.5,78
4571,8011.5,78
4430,8092.5,78
4624,7901,78
4317,7416.5,78
4331,8055,78
4465,6810.5,78
376,1742.5,78
4057,7467,78
4533,7468.5,78
4390,7775.5,78
4406,7375,78
4492,8715,78
362,1869.5,78
4313,9012.5,78
4568,8731.5,78
4341,7255.5,78
4424,7765.5,78
4435,8132,78
4479,8039,78
4779,9189,77
4471,7598,77
4488,8723,77
4951,8265,77
414,1640,77
4507,7599,77
3854,7948,77
445,2107,77
4321,7268,77
4176,7066,77
4440,7126,77
4695,8262,77
4195,7495,77
4285,7202,77
4161,6768,77
4219,7209,77
4706,7256,77
4532,8037,77
4311,6601,77
4413,7953,77
4444,8040,77
4426,7759,77
4182,8326,77
4328,7970,77
4392,7803,77
4454,7174,77
4554,7603,77
4346,9067,77
4485,8377,77
4281,7395,77
4139,7630,77
4741,8457,77
3606,6516,77
4143,7418,77
355,2051,77
392,1842,77
4684,7636,77
346,1492,77
4246,7156,77
4524,8188,77
385,1955,76
4775,7663,76
4056,7416,76
4289,7504,76
4781,7649.5,76
4523,8293.5,76
4534,7928.5,76
4156,7351,76
4333,7883.5,76
4171,7093,76
4564,9366.5,76
4405,8390,76
4415,7442,76
4510,7250,76
4609,7387,76
4511,7644,76
4334,7717,76
4580,7975,76
409,1893.5,76
4274,6832,76
4222,7162.5,76
4215,7268.5,76
4539,8485,76
4278,7171,76
4267,7052,76
4407,8281,76
4169,8101,76
4273,7483,76
4449,7249,76
413,1707,75
4761,7304,75
4375,7124,75
4101,7596,75
4299,6843,75
4394,7082,75
4519,8173,75
4264,8510,75
4670,8314,75
4664,7227,75
4515,7252,75
4202,7775,75
4090,7159,75
4476,7941,75
4306,7239,75
4980,7615,75
4487,8304,75
4277,7276,75
4304,6816,75
4205,7689,75
4708,8707,75
4556,8002,75
4220,6784,75
4324,7023,75
4147,7160,75
4227,7348,75
4773,7636,75
4383,7243,75
394,1688,75
4432,7639,75
4305,7840,75
397,1759,75
4654,7665,75
403,1853,75
335,1477,75
4494,8274.5,74
5023,8033,74
4172,6714.5,74
4712,7636,74
4185,7472.5,74
4888,7494,74
4949,8209,74
4271,7893,74
4451,8400.5,74
4709,8158.5,74
4904,8195.5,74
395,1522.5,74
411,2044,74
3853,7128,74
4439,7476,74
5065,9521.5,74
4583,7528,74
4387,7498.5,74
4015,7720,74
4388,8082.5,74
4193,7328,74
4058,7492.5,74
443,1763.5,74
4293,7016.5,74
4445,7677,74
4453,7922,74
4531,7871.5,74
4615,7571.5,74
4318,7790.5,74
4367,7594.5,74
4190,7553.5,74
4558,7749.5,74
4676,7612.5,74
4162,7136.5,74
4882,8324.5,74
4270,8324,74
4909,8316,73
4792,8627,73
4245,7223,73
4250,8045,73
4459,7287,73
4948,7362,73
4699,7903,73
4102,7388,73
4437,7090,73
4364,8215,73
435,1703,73
4938,8550,73
4372,7039,73
4119,7285,73
429,1723,73
312,1323,73
4631,7443,73
4600,7412,73
4207,7312,73
4530,7976,73
4590,8214,73
4350,7378,73
4463,8060,73
426,1941,73
4550,7984,73
384,1598,73
359,1767,73
294,1444,73
5248,9375,73
4382,7960,73
4614,7893,73
4541,8085,73
4272,6787,73
4393,6797,73
4221,8086,73
4553,7334,73
4577,7856,72
4249,7679.5,72
4796,7841.5,72
4683,7303.5,72
4164,7882,72
4055,7297,72
4867,8553.5,72
4921,8121.5,72
4832,7982.5,72
350,1290,72
4335,7986.5,72
4386,7335,72
4675,7699,72
4601,8706.5,72
4381,7286.5,72
351,1844,72
4621,7347,72
4518,7332,72
4429,7175.5,72
5113,8451.5,72
4370,6793,72
4347,7813,72
4818,7835,72
4481,7967,72
4807,7742.5,72
4569,8443,72
4354,7205.5,72
360,1349.5,72
4427,7182.5,72
4688,7890,71
4410,7286,71
371,1579,71
4389,7859,71
3902,6917,71
4287,6609,71
4447,7592,71
4420,7709,71
4226,7343,71
4399,8038,71
4360,8270,71
4747,7771,71
5005,8712,71
363,1738,71
4286,7696,71
4290,7629,71
4187,6508,71
4829,7587,71
4380,7623,71
4484,7616,71
4880,8689,71
4678,8535,71
4373,7539,71
336,1397,71
4649,7613,71
4342,8011,70
4421,7590,70
4425,8228,70
4581,7148,70
4244,7250,70
4398,8804,70
4652,8855.5,70
361,1802.5,70
4178,7360,70
4457,7931.5,70
4142,6649,70
4343,7342.5,70
347,1526,70
4448,7404.5,70
4701,8056,70
4570,8319,70
4728,8301,70
5541,9193,70
4546,7650.5,70
368,1972,70
4913,8259.5,70
4254,7577,70
4140,7339,70
4897,8793.5,70
4543,7785.5,70
4998,7223,70
4337,8084.5,70
4472,8767,70
329,1497.5,70
4255,7476,70
4322,8297,69
4802,8590,69
4864,8670,69
388,1810,69
4402,7901,69
4170,6931,69
4700,7791,69
4124,7392,69
4842,8028,69
4908,8550,69
4772,7753,69
4470,8300,69
4513,7741,69
4136,7568,69
387,2043,69
5002,8431,69
4690,8558,69
4562,8698,69
370,1839,69
4319,6738,69
4681,8209,69
4557,7854,69
4048,7342,69
4419,7726,69
4126,6854,69
4431,8077,69
4357,7704,69
4721,8395,69
4750,8009,69
4516,7815,69
5095,8216.5,68
4819,7792,68
5308,8847,68
4080,7872.5,68
4309,7269,68
4816,6895,68
4640,7925,68
4653,7191,68
5054,8403,68
4295,7492,68
4849,7925.5,68
4742,7399.5,68
4551,7545.5,68
373,1916,68
4645,8156,68
4703,8198,68
4528,6763.5,68
4117,7680.5,68
5011,8269,68
4920,8379,68
4798,8367,68
4458,8537.5,68
5264,8228.5,68
331,1163,68
416,1626.5,68
4384,6917.5,68
4953,8307.5,68
353,1689,68
4329,7754,68
4502,8391,68
4619,7584.5,68
4770,7425.5,68
341,1915.5,68
398,1826.5,68
4771,8400,68
4099,7821,68
5601,8838.5,68
4797,8572.5,68
4452,6738.5,68
4438,6878,68
4661,7766,68
4648,7437,68
4414,7924,68
4514,7312.5,68
4823,8367.5,68
4174,7411,68
4736,7653.5,68
4923,9199,68
356,1548.5,68
4506,7502,67
4400,7819,67
4659,8673,67
4316,8349,67
4851,7618,67
4769,8339,67
4725,7667,67
342,1667,67
375,1908,67
4469,8402,67
5132,8530,67
4911,7703,67
4566,8142,67
4616,8117,67
4932,8146,67
4809,8557,67
4547,7730,67
4505,7915,67
4954,8304,67
340,1380,67
4822,8014,67
4657,7305,67
4793,7882,67
4871,7484,67
5125,8611,67
4902,8411,67
4719,7440,67
4565,8620,67
4525,7290,67
4692,8325,67
4666,7754.5,66
4733,9017.5,66
4540,7854,66
5324,8412,66
4707,7501,66
365,1952.5,66
4826,7466.5,66
4576,8008.5,66
4762,7566.5,66
4718,7334.5,66
4966,8768,66
4521,7864.5,66
4767,8179.5,66
4777,8058,66
4806,7271.5,66
4723,8240.5,66
4501,8573.5,66
325,1408,66
4596,8907.5,66
322,1449.5,66
4486,7698,66
4720,8086,66
4970,7579.5,66
4573,7739.5,66
4738,8792,66
4801,7397,66
4237,7366.5,66
5417,7668,66
5188,8687,66
4764,7918,66
4665,7821.5,66
5266,9066.5,66
4841,8121.5,66
4535,8361,66
5483,9147,65
4374,7658,65
4667,9223,65
327,1640,65
5157,9184,65
366,1657,65
4504,7346,65
4995,7568,65
4460,7693,65
5198,7701,65
4606,8053,65
4892,9482,65
4618,6976,65
4467,7752,65
4252,8156,65
4915,9105,65
4416,7465,65
4478,7089,65
4830,8269,65
4599,8478,65
4593,7261,65
5003,9623,65
4153,8407,65
4861,7988,65
4752,8172,65
5177,8154,65
4924,7826,65
4754,7244,65
5226,8106,65
4714,6900,65
4473,7570,65
4288,6750,65
315,1224,65
4262,7885,65
4945,7833,64
4312,7163,64
4837,7865,64
308,1637,64
5782,8897.5,64
4713,7421,64
5239,8666.5,64
5083,7519.5,64
332,1714,64
4597,8702.5,64
4462,7792.5,64
4784,7588,64
316,1344,64
4906,7742.5,64
5037,8116,64
4925,8244.5,64
5127,9433.5,64
4643,7819.5,64
5215,7873.5,64
4672,7989.5,64
4517,8179,64
5277,7799.5,64
4746,7344,64
4639,8016.5,64
4464,8264.5,64
4366,6887.5,64
4905,7365,64
4776,8050.5,64
4952,8760.5,64
4355,7015.5,64
289,1111,64
4965,8214.5,64
5060,7851,64
4856,7848.5,64
358,1630.5,64
4715,7846,64
4935,7456.5,64
4602,8315,64
4498,7764,64
5093,8519.5,64
5029,8743,64
4671,7687,64
4836,8393.5,64
4992,8221.5,64
4986,8248,64
4895,8638.5,64
5488,8436.5,64
5323,8985.5,64
4845,7998,64
5761,9034.5,64
4497,8187,63
4689,8062,63
4646,7776,63
4483,8682,63
5271,9112,63
5317,8305,63
5312,7963,63
4768,8651,63
4964,7422,63
5166,8374,63
344,1814,63
4774,7719,63
4817,9105,63
4866,8895,63
4704,8853,63
4693,7749,63
5053,8450,63
4698,7471,63
369,1827,63
4591,7663,63
5280,10499,63
4626,7189,63
5096,7885,63
4890,7447,63
364,1467,63
4717,8201,63
4755,7530,63
5254,8927,63
4529,7896,63
4724,7206,63
4503,8360,63
4559,7797,63
4997,7626,63
5253,8525,63
5205,7863,63
4536,7099,63
4848,8785,63
5590,9286,63
4751,8441,63
4883,8511,63
330,1438,63
4632,8099,63
4674,7417,63
4585,7244.5,62
5439,9029.5,62
5429,8746.5,62
4635,7931.5,62
4710,7440,62
5013,8216.5,62
4737,9178.5,62
5571,8678,62
4587,7786,62
337,1551.5,62
5033,9068.5,62
274,1779.5,62
378,1672.5,62
302,1408.5,62
377,1571.5,62
4642,9005.5,62
5000,7922,62
5110,7570.5,62
4637,7534,62
5109,8181.5,62
4960,7490.5,62
4575,7194,62
5179,8186.5,62
4990,8491.5,62
4641,6922.5,62
4794,8066.5,62
4468,7848,62
4603,7354,62
4560,7738.5,62
282,1175.5,62
5353,9120,62
4840,7846,62
5444,8679.5,62
4926,7243.5,62
4820,8975,62
4976,7564.5,62
5069,7845,61
4987,7852,61
4630,7897,61
4604,7099,61
5311,8361,61
381,1713,61
4815,7859,61
5356,8195,61
4544,7566,61
4730,7469,61
5039,7792,61
4625,7294,61
5230,9369,61
4758,8608,61
4542,7499,61
5321,8718,61
4607,8242,61
372,1728,61
4870,8401,61
4854,8511,61
348,1649,61
5082,7971,61
4900,8439,61
5168,7818,61
4655,7928,61
4658,9725,61
4860,7860,61
5008,8553,61
4831,7924,61
317,1615,61
4810,8780,61
4729,7287,61
4629,8283,61
5403,8946,61
4662,8388,61
4778,7924,61
5026,8061,61
5183,8813,61
4838,8829,61
4756,7408,61
4436,7340,61
4824,8947,61
5267,8345,61
4561,7641,61
4813,8161,61
4634,7761,61
4803,8390,61
4668,7843.5,60
4734,7651,60
5334,8092.5,60
5337,8497.5,60
5290,7923.5,60
4985,7412,60
4627,7098,60
4916,8821,60
5136,9239.5,60
5149,9269.5,60
4799,7850.5,60
5138,9613.5,60
5587,9324,60
4812,8305,60
5077,7866.5,60
4982,8350,60
4785,8337.5,60
5301,8188.5,60
5154,8901.5,60
4727,7724,60
4791,7046.5,60
4702,7430.5,60
4955,8261.5,60
333,1387.5,60
4804,7982.5,60
5316,8914.5,60
4711,7497.5,60
4989,8629.5,60
4930,8282,60
5004,8180,60
4433,6990.5,60
5094,8465,60
5051,8025,60
5589,8992,60
5343,8559.5,60
5067,9594,60
4922,7628,60
4753,8592,60
5425,9896.5,60
4808,8825.5,60
4839,8492,60
4697,8057.5,60
4936,8390,60
5041,7749,60
4825,8997,60
5233,9166.5,60
4789,8525,60
4862,8645.5,60
320,1443.5,60
4928,9297.5,60
4766,7961.5,60
5242,8114.5,60
4663,7612.5,60
5515,8523,60
4589,8434,59
5357,8829,59
4605,8721,59
4881,8268,59
5268,8130,59
4757,8124,59
5186,10572,59
4491,7938,59
4620,8964,59
5546,8697,59
4611,8326,59
4968,9393,59
4795,8639,59
5119,8164,59
4783,7272,59
6152,8667,59
5063,8566,59
4489,7935,59
5238,8956,59
4759,9008,59
5783,8089,59
5090,7718,59
5247,8812,59
5331,8582,59
5229,8666,59
5423,9353,59
4423,6871,59
4859,8036,59
4942,8607,59
4623,7405,59
5240,8604,59
4598,7364,59
5106,7544,59
5108,9707,59
4933,7293,59
4787,8744,59
310,1452,59
352,1987,59
343,1440,59
5320,9067,59
311,1576,59
5020,7018,59
5022,8337,58
5293,8521.5,58
5427,8963.5,58
5074,8610.5,58
5305,8278,58
5126,7502,58
4592,7887.5,58
4929,7910,58
5032,7920.5,58
4705,7190.5,58
5056,8318,58
4608,7741.5,58
5445,9062.5,58
5289,8384,58
5086,8564.5,58
4687,8214.5,58
4858,7867,58
5058,9025,58
5146,9001.5,58
5314,7791.5,58
4981,8575.5,58
5282,7350.5,58
5336,9645.5,58
5496,10595,58
357,1776.5,58
4843,7728,58
5243,8505.5,58
4748,7722.5,58
4339,8119,58
5189,7947,58
4869,7858.5,58
6043,9135,58
4691,7876,58
5388,8287.5,58
4994,7401.5,58
5725,10006,58
4827,7741.5,58
5162,8835.5,58
4863,7668.5,58
5401,8928,58
5010,7516,58
4644,7763,58
5124,8126,57
6042,9514,57
5351,9143,57
5070,9014,57
5024,7607,57
5549,8472,57
5104,7183,57
4588,8117,57
321,1664,57
4946,7355,57
5148,8710,57
5575,8203,57
4912,7690,57
4821,9121,57
5831,8584,57
5225,7786,57
4887,7856,57
5372,10346,57
5703,8288,57
4999,8175,57
4628,8318,57
5368,8631,57
4977,8567,57
303,1373,57
5107,8721,57
5276,7977,57
4379,7627,57
4647,7300,57
306,1541,57
5407,8678,57
4896,7724,57
5144,8204,57
4760,7081,57
4967,8623,57
5167,8261,57
349,1648,57
4613,7975,57
4574,7757,57
4496,8450,57
4996,8913,57
5122,7781,57
6154,10294,57
5274,7801,57
5172,7732,57
4901,9086,57
5170,8472,57
5150,7850,57
5349,8577,57
339,1834,57
4877,8069,57
4891,7679,57
4763,7861,57
5492,9323,57
4610,8401,57
4940,8041,57
5197,8791,56
5392,8854,56
5181,8307,56
4673,7388,56
4865,8144.5,56
4800,8426,56
5296,8420,56
5081,8925,56
4538,7579.5,56
5394,9466.5,56
6204,8669,56
5141,8901.5,56
5913,9397.5,56
5261,8545,56
284,1219,56
5692,9283,56
4918,7877,56
5064,8693.5,56
4886,7718.5,56
5079,8276.5,56
5128,7682.5,56
5100,8067.5,56
5269,8722,56
292,1103,56
5120,8873,56
5851,8274,56
309,1398,56
5857,8787.5,56
5996,8823,56
4975,8619,56
4638,8482,56
326,1599.5,56
5740,7705.5,56
5200,8013,56
5117,8019,56
5572,8560,56
5329,7985,56
291,1564,56
4969,7320,56
5440,9199.5,56
5524,9654,56
273,1160.5,56
4307,7596.5,56
5204,8003,56
5279,9134.5,56
5455,8127,56
4850,8173.5,56
4937,8126,56
4885,7769,56
5461,9516,56
5607,10257.5,56
5001,7928.5,56
5133,7820,55
5101,7998,55
4847,8086,55
5068,8363,55
4732,9181,55
5219,7807,55
5988,9214,55
5250,7639,55
5528,8793,55
5581,9169,55
5299,8020,55
345,1646,55
5487,8491,55
5491,8148,55
4927,9066,55
5021,8025,55
4893,7833,55
4786,7759,55
5173,8851,55
4731,8980,55
4594,7870,55
5252,7489,55
5031,8290,55
5668,8652,55
5118,7794,55
6280,9515,55
4868,9610,55
5260,8282,55
4669,6992,55
4853,7262,55
5218,8325,55
293,1544,55
4612,8653,55
5105,7283,55
334,1445,55
4973,7945,55
299,1528,55
5076,8817,55
5018,7991,55
5347,9019,55
5038,8406,55
5644,8117,55
5503,8544,55
5199,8029,55
5291,8790,55
4780,7428,55
5498,7811,55
5409,9240,55
4875,8626,55
5088,8568,55
5115,8020,55
5159,8499,55
4834,8679,55
5028,8011,55
5559,8218,55
5123,8502,55
5469,8406,55
285,1314,55
5619,9600,55
5256,7946,55
4914,8130,55
5251,8162,55
5585,8612,54
4910,7579,54
5382,8913,54
257,1329.5,54
5390,9589.5,54
4872,8213.5,54
5613,8737,54
354,1664,54
5804,10040,54
268,1180,54
5617,7794,54
5481,9412,54
4958,9089.5,54
5012,9503.5,54
272,1503,54
5928,9819.5,54
5319,8393.5,54
4790,8774.5,54
4682,7018.5,54
5921,10382.5,54
4931,7825,54
255,1113.5,54
5297,8041.5,54
4899,8930,54
4679,7946.5,54
5470,9893,54
5208,8433.5,54
4857,7822,54
5099,8817.5,54
5034,8596.5,54
275,1182.5,54
5523,8339.5,54
5738,8838.5,54
5174,9614.5,54
5443,7786,54
6004,9052.5,54
5245,8150.5,54
307,1593.5,54
5227,7895.5,54
5025,8425.5,54
4894,7659,54
5057,9354.5,54
6089,10574,54
4941,9515.5,54
390,1834,54
5340,7911,54
5143,7832.5,54
5137,8774,54
4963,8269,54
5464,9346,54
4919,7699.5,54
263,1264.5,54
5378,9714,54
5718,8469.5,54
5147,8265,54
5693,8466,54
5719,9107.5,54
5876,10238.5,54
4947,7418,54
261,1327,54
5318,8676,54
5015,8401.5,54
5707,9003,54
5412,9461,54
5822,9641.5,54
4984,7762.5,54
4633,9676,53
280,1407,53
5803,8660,53
5459,9915,53
5192,8243,53
4716,7793,53
5476,10040,53
4846,7751,53
5263,8732,53
5611,8573,53
5089,8303,53
295,1442,53
5046,8737,53
5667,8006,53
4835,7824,53
240,1050,53
5355,8917,53
5231,7619,53
5615,8764,53
6237,9225,53
5232,8235,53
4509,7892,53
5135,7884,53
4805,7624,53
4744,7841,53
5596,8479,53
290,1305,53
5865,10082,53
5035,8158,53
5542,7791,53
5006,8349,53
5493,10391,53
6172,9172,53
5360,7587,53
5366,8015,53
5399,8833,53
4917,8208,53
5210,7493,53
301,1445,53
5059,8806,53
4944,7715,53
5294,8720,53
5539,9363,53
5155,8544,53
5062,8406,53
5007,8377,53
5770,9564,53
5016,8702,53
4450,8027,53
5467,9477,53
5918,9228,53
5044,9114,53
5506,8947,53
5180,7988,53
265,1194,53
5092,7502,52
4907,7731.5,52
5710,8846.5,52
4962,7729.5,52
4876,8185,52
5411,8156.5,52
4879,7887.5,52
4811,8738.5,52
5678,9490.5,52
5874,10173,52
246,1384.5,52
5397,8786.5,52