TTFB,TTI,FREQ
1,5380,506336
339,3994,388271
315,3965,384568
328,4036,383159
272,3778,379212
300,3983,377382
296,3979,377284
312,4039,377188
317,4045,376746
316,4043,376558
313,4026,376096
297,3969,376075
299,3977,376073
306,4012,375725
302,3987,375710
314,4047,375577
333,4131,375487
301,3980,375482
298,3981,375460
318,4061,375421
303,3992,375388
290,3930,375239
310,4031,375122
311,4023,375109
294,3955,375102
309,4017,375061
332,4120,374793
280,3899,374792
282,3908,374789
304,3987,374771
327,4083,374762
320,4070,374680
307,4005,374667
308,4012,374582
330,4111,374537
380,4232,374371
322,4068,374321
293,3945,374252
295,3951,374244
326,4091,374242
279,3874,374237
329,4118,374161
283,3919,374076
323,4077,374027
305,3998,373861
319,4059,373810
350,4197,373736
292,3951,373711
325,4079.5,373572
284,3912,373538
346,4173,373441
278,3901,373417
321,4073,373210
288,3921,373193
342,4163,373137
324,4083,373125
341,4153,373041
381,4260,372975
289,3932,372950
285,3926,372943
334,4128,372798
286,3919,372758
287,3925,372755
291,3937,372752
335,4126,372692
343,4168,372538
348,4190,372514
281,3899,372492
344,4172,372415
345,4181,372363
340,4153,372269
276,3876,372159
331,4117,372111
336,4137,372049
347,4173,371995
266,3847,371835
349,4193,371655
337,4127,371501
351,4192,371417
352,4191,371316
338,4122,371252
359,4224,371248
275,3890,371228
358,4235,371220
354,4193,371168
277,3868,371087
360,4243,371080
265,3837,370915
269,3856,370835
366,4254,370823
353,4194,370527
355,4202,370460
362,4248.5,370442
365,4248,370211
273,3862,370209
267,3844,370171
357,4215,370144
363,4238,370001
264,3828,369997
274,3882,369934
268,3840,369908
361,4240,369902
367,4250,369720
270,3862,369680
262,3826,369468
374,4277,369372
8,2544,369356
261,3826,369232
271,3845,369179
364,4252,369030
379,4298,368812
368,4261,368620
263,3838,368619
376,4283,368497
372,4281,368449
384,4324,368398
377,4296,368353
356,4226,368326
369,4258,368266
375,4279,368228
382,4306,368051
370,4255,368047
260,3819,367963
373,4276,367899
383,4314,367840
378,4299,367695
9,2646,367665
371,4268,367558
259,3814,367509
258,3817,367175
256,3800,366181
385,4311,366160
390,4337,366108
386,4322,365877
250,3793,365764
257,3801,365163
255,3796,364947
395,4329,364886
254,3780,364803
249,3777,364725
399,4377,364715
388,4340,364648
391,4335,364529
387,4320,364431
251,3791,364420
389,4337,364146
392,4347,364105
253,3788,364088
394,4353,363973
396,4373,363924
252,3790,363650
397,4365,363462
398,4365,363431
400,4382,363386
248,3780,363246
393,4357,363165
402,4388,362845
246,3760,362661
406,4398,362527
247,3786,362262
244,3756,361858
401,4376,361852
416,4419,361715
245,3779,361514
408,4411,361469
414,4415,361099
412,4417,360918
404,4380,360762
405,4382,360682
403,4374,360463
407,4396,360342
409,4397,360317
413,4423,360299
410,4401,360270
417,4422,359832
242,3767,359791
415,4406,359777
411,4400,359464
243,3770,359429
420,4426,359419
10,2793,358925
425,4418,358860
418,4425,358840
419,4439,358498
240,3751,358429
422,4446,358214
421,4443,357949
241,3763.5,357528
426,4449,357423
424,4432,357173
238,3752,357052
232,3748,356726
234,3757,356594
433,4465,356565
430,4452,356470
432,4473,356452
429,4462,356373
431,4477,356356
428,4458,356312
236,3746,356254
239,3753,356226
423,4443,356077
237,3746,355911
427,4450,355669
436,4471,355663
235,3739,355376
437,4474,355009
233,3746,354800
434,4479,354528
438,4473,354489
231,3733,354423
439,4479,354236
435,4478,353805
440,4486,353423
230,3740,353314
228,3725,352475
446,4506,352470
445,4494,352432
444,4503,352426
229,3731,352339
443,4481,352167
449,4517,352136
448,4516,351942
470,4653,351917
226,3717,351673
442,4477,351669
463,4605,351630
441,4482,351449
447,4497,351360
227,3717,351333
451,4520,350904
452,4523,350861
450,4511,350638
225,3703,350349
224,3702,349898
11,2944,349874
453,4515,349809
456,4527,349524
223,3695,349253
458,4526,348973
454,4520,348873
216,3680,348855
222,3708,348682
7,2510,348632
220,3696,348473
460,4529,348399
218,3695,348293
455,4532,348167
217,3682,348115
466,4554,347937
204,3555,347928
457,4513,347884
464,4555,347866
462,4546,347791
459,4534,347634
461,4524,347619
468,4567,347545
219,3693,347463
221,3699,347395
465,4559,347258
214,3675,347140
215,3679,347129
467,4557,346318
477,4539,345971
213,3674,345881
212,3666,345507
469,4571,344846
210,3660,343938
211,3663,343765
472,4569,343601
208,3657,343370
474,4591,343223
479,4590,342898
476,4586,342776
207,3661,342767
475,4583,342766
478,4594,342733
209,3652.5,342672
471,4559,342501
483,4604,342409
484,4625,342001
202,3629,341875
12,3076,341844
480,4607,341836
200,3631,341835
473,4577,341738
482,4609,341512
206,3633,341396
481,4593,341318
485,4602,341171
203,3630,340682
205,3648,340484
199,3632,340265
198,3624,339880
486,4612,339860
201,3639,339529
180,3465,339295
487,4603,339194
197,3625,338809
196,3624,338788
497,4640,338759
488,4609,338607
496,4651,338494
489,4603,338469
490,4624,338407
491,4617,338326
500,4660,338313
499,4657,338231
494,4625,338229
498,4639,337945
492,4632,337891
493,4630,337698
501,4649,337650
195,3625,337626
178,3467,337348
495,4623,337220
502,4660,337193
192,3600,336812
194,3615,336222
509,4645,335761
193,3601,335438
506,4677,335384
504,4659,335303
503,4645,335281
190,3601,334847
508,4679,334845
505,4656,334721
510,4699,334531
512,4687,334513
191,3608,334442
514,4709,334356
511,4702,334250
188,3585,334218
515,4686,334060
516,4711,333846
189,3594,333677
186,3585,333448
513,4693,332833
187,3575,332816
184,3568,332798
507,4656,332408
185,3577,332328
517,4714,332262
182,3559,331319
183,3574,331032
520,4714,330703
518,4717,330670
13,3195,330613
179,3542,330231
519,4705,329567
181,3549,329160
521,4705,328885
522,4725,328853
523,4733,328778
524,4740,328776
530,4749,328695
526,4728,328164
177,3536,327908
529,4744,327717
176,3537,327428
173,3502,327419
531,4761,327398
528,4750,327394
532,4758,327370
527,4730,327216
172,3522,327112
525,4735,326797
533,4754,326578
175,3529,326422
174,3523,326389
534,4763,326228
169,3480,325058
535,4751,324948
167,3474,324642
546,4808,324268
170,3509,324011
166,3484,323942
537,4771,323874
536,4759,323597
540,4778,323552
168,3498,323520
539,4768,323201
171,3514,323124
542,4784,322569
538,4770,322395
544,4785,322210
550,4818,322102
541,4782,321975
543,4791,321936
548,4792,321562
164,3480,321372
165,3472,321225
549,4813,321127
547,4808,320784
545,4788,319914
551,4819,319723
162,3468,319508
163,3480,319331
552,4821,318922
160,3455,318913
161,3456,318439
14,3322,318348
558,4830,318061
6,2550,317760
556,4829,317726
553,4806,317622
554,4815,317582
557,4825,317414
159,3452,317293
562,4846,316915
559,4821,316763
560,4837,316554
555,4820,316227
561,4834,316162
564,4862,315862
156,3453,315768
601,4782,315709
158,3444,315589
157,3449,315482
563,4846,315410
566,4870,315343
568,4869,315082
565,4854,315049
567,4864,314202
569,4858,313204
570,4855,312455
155,3432,312415
154,3433,312125
572,4865,311905
576,4896.5,311430
153,3424,311407
578,4893,311312
571,4881,311222
152,3435,311104
151,3421,311103
574,4871,310960
573,4871,310942
577,4882,310801
580,4910,310550
581,4908,310524
150,3410,310409
579,4900,310356
575,4890,310247
583,4930,309409
582,4913,309081
15,3404,308764
149,3404,308688
148,3413,308516
584,4922,308041
585,4914,307326
586,4918,306914
587,4919,306729
588,4941,306684
147,3401,306654
593,4945,306342
589,4923,306276
592,4956,306239
590,4935,306185
146,3397,305854
591,4939,305512
599,4968,305215
594,4963,305142
145,3395,304890
595,4951,304510
600,4975,304200
596,4949,304158
144,3380,304153
597,4959,303917
4,2495,303378
598,4963,302979
5,2559,302725
602,4973,302022
604,4987,301947
142,3371,301481
608,4992,301368
143,3384,301125
603,4961,300550
141,3369,300267
607,4977,300256
140,3361,300177
610,5013,299765
606,4977,299757
616,5018,299618
605,4977,299580
611,4999,299225
609,4990,298781
612,5001,298760
613,5000,298632
614,5018,298328
16,3504,298180
139,3355,298009
615,5018,297921
617,5024,297897
138,3357,297518
618,5033,297250
619,5018,295941
621,5025,295721
137,3355,295584
620,5035,295404
624,5056,295050
136,3347,294570
625,5035,294427
628,5053,294341
622,5032,294284
623,5044,294070
630,5071,294027
627,5048,294017
133,3330,293922
134,3345,293841
626,5055,293565
631,5057,293437
633,5071,293378
135,3337,293236
629,5090,293077
632,5074,293055
132,3334,292441
634,5072,292267
639,5040,292153
635,5066,290987
637,5089,290586
638,5081,290055
131,3335,289913
636,5095,289890
640,5099,289884
130,3312,289809
645,5100,288725
643,5106,288443
641,5096,288256
644,5111,288204
646,5112,287859
647,5118,287756
17,3570,287690
650,5125,287377
642,5104,287318
129,3299,287131
128,3307,286840
648,5111,286499
649,5131,286476
651,5115,285898
127,3302,284707
652,5123,284639
656,5138,284513
653,5120,284073
655,5147,284066
654,5126,283769
660,5148,283396
125,3307,282981
659,5149,282892
657,5135,282740
126,3304,282723
658,5155,282609
661,5147,282384
663,5171,282356
664,5158,282299
662,5138,282191
666,5179,281621
124,3298,281567
665,5157,280958
683,5323,280777
3,2585,280243
667,5173,280058
668,5187,280013
2,3467,279974
123,3289,279807
670,5150,278881
672,5195,278820
669,5166,278812
676,5195,278448
671,5180,278280
122,3277,278216
673,5191,277826
675,5204,277023
679,5211,277011
677,5204,276980
674,5198,276933
678,5216,276746
682,5212,276458
18,3628,276251
680,5220,276231
684,5228,275588
681,5212,275506
121,3285,275274
120,3272,275081
686,5232,274582
685,5222,274414
119,3265,273438
687,5233,273021
118,3278,272553
117,3263,272380
690,5239,272308
692,5248,271957
116,3268,271952
688,5249,271848
693,5239,271793
697,5244,271785
689,5243,271664
695,5246,271300
696,5258,271126
691,5238,270807
694,5242,270605
698,5290,270441
700,5279,270305
115,3269,269919
699,5265,269779
114,3245,269285
701,5269,268631
19,3703,268443
702,5281,267892
704,5271,267424
703,5288,267110
708,5282,266700
113,3253,266670
706,5287,266370
707,5268,266251
705,5276,266053
710,5279,265923
712,5306,265632
714,5312,265039
112,3247,264988
709,5283,264835
716,5331,264790
711,5315,264451
717,5306,264084
713,5280,263841
715,5316,263767
718,5321,263593
20,3733,263197
719,5321,262756
111,3250,262586
720,5329,262439
752,5223,262331
110,3249,261499
722,5351,261278
729,5317,261012
721,5330,260932
724,5327,260911
725,5334,260130
109,3250,260127
734,5369,260097
723,5328,260067
21,3754,260030
728,5356,259903
732,5369,259647
727,5347,259581
726,5325,259534
731,5350.5,259530
730,5366,259115
733,5356,259012
108,3238,258731
735,5369,257891
740,5372,256865
736,5373,256387
738,5388,256318
739,5377,255812
107,3238,255652
737,5364,255581
744,5390.5,255350
741,5389,255172
748,5406,254729
743,5400,254651
746,5411,254595
749,5420,254519
742,5393,254307
745,5399,254123
750,5422,254033
747,5407,254031
106,3246,253969
751,5418,252849
754,5418,252471
105,3233,252425
104,3236,252046
753,5412,251688
756,5437,251420
22,3838,250953
757,5442,250399
755,5430,250255
758,5450,250130
761,5422,249662
760,5449,249462
759,5442,249432
764,5457,249284
766,5467,248975
103,3219,248502
767,5453,248477
762,5468,247982
765,5455,247898
102,3234,247678
763,5437,247627
769,5477,246958
768,5469,246814
770,5480,246392
23,3877,245779
780,5515,245565
771,5469,245354
772,5480.5,245316
798,5415,245001
773,5476,244822
101,3225,244746
775,5474,244508
774,5473,244426
776,5485,244213
100,3241,244146
779,5488,243780
777,5497,243660
778,5490,243535
781,5513,243107
782,5489,242948
783,5513,242467
24,3913,242225
99,3225,242171
784,5511,241884
98,3229,240965
788,5522,240827
786,5525,240563
785,5517,240481
790,5532,240114
787,5520,239929
796,5555,239010
791,5554,238785
97,3219,238764
793,5528,238533
792,5542,238381
794,5536,238320
789,5513,238320
795,5551,238149
797,5543,237912
25,3916,237664
799,5565,237403
96,3210,237011
800,5576,236406
801,5562,235772
95,3220,235581
804,5563,235493
807,5609,235193
805,5569,235101
802,5567,234930
94,3208,234884
26,3919,234654
808,5571,234363
803,5567,234309
806,5567,234152
809,5596,233620
810,5587,232998
811,5604,232975
814,5609,232936
816,5594,232707
813,5597,232691
818,5606,232624
93,3206,232341
812,5606,232336
817,5606,231980
815,5608,231812
27,3904,231453
92,3197,231226
28,3900,230240
820,5608,230133
819,5626,229733
822,5622,229630
823,5599,228903
91,3193,228752
824,5627,228740
826,5641,228632
827,5625,228568
825,5616,228521
821,5627,228495
841,5800,228343
828,5642,228228
829,5651.5,227814
831,5642,227607
832,5650,227574
830,5652,227139
29,3900,227035
833,5675,227023
834,5665,226717
90,3205,226696
835,5668,226448
837,5694,225793
838,5668,225148
842,5684,224939
89,3200,224865
839,5674,224670
844,5706,224606
836,5678,224519
88,3191,224340
840,5676,224122
30,3893,224107
847,5713,223758
850,5721,223724
843,5698,223670
877,5999,223437
846,5698,223153
845,5707,222972
848,5696,222890
849,5700,222663
858,5776,222453
87,3208,222426
866,5734,222258
853,5731,222130
859,5754,221775
856,5740,221696
854,5745,221695
852,5729,221484
860,5782,221301
851,5704,221255
31,3879,221239
86,3203,221140
857,5747,221049
855,5727,221022
863,5790,220445
85,3213,220434
862,5802,220106
861,5784,219962
865,5804,219528
864,5788,219500
84,3213,219358
32,3861,218985
868,5794,218985
867,5797,218812
873,5821,218201
870,5800,218081
869,5807,217961
871,5806,217430
874,5835,217342
880,5826,217336
83,3224,217273
872,5802,217104
876,5845,216597
878,5829,216504
82,3208,216099
879,5826,216043
875,5783,215995
33,3863,215752
884,5851,215284
882,5844,215260
883,5850,215172
881,5831,215098
885,5813,214392
80,3214,213921
81,3203,213904
886,5847.5,213420
888,5852,213377
34,3858,213027
892,5825.5,212740
887,5854,212728
890,5864,212686
889,5844,212548
891,5844,212287
79,3229,212069
78,3239,211798
893,5854,211716
898,5851,211662
899,5852,211042
894,5848,211020
896,5865,210955
895,5849,210505
897,5843,210434
902,5849,210042
35,3832,209682
900,5852,209588
901,5857,209533
77,3229,209502
904,5845,209368
903,5866,207959
905,5882,207911
76,3220,207873
910,5867,207285
906,5855,207150
36,3813,206784
75,3239,206773
909,5880,206744
907,5859,206737
908,5869,206549
911,5865,206292
914,5883,206080
912,5889.5,205974
913,5870,205790
74,3253,205352
917,5887,205166
915,5880,204918
916,5877,204885
73,3251,204027
922,5903,203994
919,5859,203867
37,3791,203826
920,5910,203796
918,5880,203411
921,5905,203046
72,3261,202821
70,3277,202724
71,3273,202683
925,5885,202654
924,5888,202590
923,5894,202572
38,3752,202342
926,5910,201669
929,5903,201623
932,5908,201503
928,5929.5,201414
930,5902,201168
927,5886,201067
39,3715,201017
931,5889,200933
934,5903,200476
936,5942,200431
69,3290,200315
933,5897,200183
68,3317,200172
66,3317,199595
935,5905,199361
938,5900,199319
40,3723,199236
67,3323,198778
940,5932,198719
65,3349,198555
939,5915,198536
937,5903,198458
942,5936,198361
943,5911,197984
41,3675,197895
946,5932,197856
944,5914,197834
42,3674,197732
941,5928,197713
64,3352,197691
950,5945,197367
945,5940,197088
948,5935,197014
947,5938,196942
952,5939,196865
949,5933,196371
62,3384,196258
63,3376,196020
951,5952,195953
43,3639,195593
953,5961,195561
44,3617,195180
955,5959,195154
61,3381,195151
956,5965,194757
954,5967,194705
60,3405,194492
957,5951,194441
958,5987,194055
45,3564,193934
960,5974,193852
961,6022,193642
59,3405,193447
959,5974,193410
962,5966,193131
46,3573,193105
58,3419,192622
48,3534,192375
979,5879,192184
47,3551,192156
963,5997,192131
964,5999,191827
966,6002.5,191800
57,3407,191790
967,5988,191702
965,5996,191603
56,3438,191422
968,6011,191374
49,3503,191295
970,6024,190832
50,3516,190829
969,6005,190558
971,6017,190340
55,3436,190218
976,6014,190126
973,6016,189690
52,3479,189578
974,5988,189431
54,3426,189315
972,6011,189261
51,3477,189145
978,6031,189126
975,6039,189024
53,3470,188995
982,6022,188413
981,6038,188246
980,6020,188150
977,6010,187986
984,6043,187899
983,6025,187206
988,6075,186721
986,6043,186620
985,6045,186578
990,6038,185996
987,6044,185971
989,6050,185092
991,6063,184987
1000,6097,184954
992,6057,184870
995,6060,184726
994,6044,184658
998,6069,184656
993,6049,184591
996,6077,184274
997,6072,183844
999,6063,183799
1002,6060,182678
1010,6068,182489
1006,6087,182377
1005,6072,182226
1001,6083,182044
1012,6088,181689
1011,6083,181686
1003,6067,181608
1004,6068,181577
1013,6082,181536
1008,6101,181473
1015,6102,181432
1007,6098,181325
1014,6093,181228
1009,6086,181199
1017,6107,181108
1018,6107,180746
1019,6101,180630
1016,6106,180615
1021,6111,179807
1022,6090,179418
1023,6122,179391
1020,6127,179045
1024,6093,178833
1030,6133,178618
1027,6120,178495
1028,6114,178265
1025,6099,178258
1026,6118,178136
1029,6123,178008
1044,6345,177819
1032,6139,177305
1031,6132,176705
1033,6151,176681
1034,6137,175934
1036,6172,175106
1035,6132,174914
1037,6126,174756
1039,6175,173987
1038,6174,173915
1040,6191,173912
1041,6151,173111
1045,6183,172822
1043,6176,172796
1046,6191,172439
1042,6164,172212
1049,6201,171849
1047,6165,171617
1048,6194,171431
1051,6210,171142
1050,6218,170970
1053,6205.5,170492
1055,6188,170352
1052,6191,170149
1054,6198,169725
1058,6211,169603
1056,6216,169587
1059,6213,169297
1060,6207,169015
1057,6214,168680
1061,6221,168517
1063,6198,168379
1062,6244,168049
1066,6240,167844
1064,6241,167524
1065,6240,167324
1068,6241.5,166934
1067,6241,166696
1069,6218,166371
1070,6254,165980
1071,6261,165772
1078,6272,165432
1072,6232.5,165376
1076,6266,165363
1074,6245,165103
1075,6253,164973
1073,6261,164872
1080,6281,164754
1077,6279,164600
1079,6258,164458
1081,6290,163979
1084,6301,163942
1082,6286,163849
1083,6274,163351
1085,6288,162863
1088,6278,162572
1086,6296,162233
1087,6303,162217
1089,6286,161961
1091,6331,161831
1090,6309,161810
1092,6297,161244
1093,6324,161183
1098,6328,161060
1099,6312,160902
1094,6319,160746
1096,6310,160516
1097,6322,160451
1102,6323,160424
1095,6322,160352
1100,6327,160173
1103,6333,159393
1104,6333,159088
1101,6324,158825
1105,6306,158686
1106,6358,158666
1107,6351,158643
1108,6353,158157
1111,6348,158039
1109,6349,157922
1110,6354,157796
1112,6355,157781
1113,6349,157319
1116,6372,157153
1118,6381,156881
1115,6376,156777
1126,6298,156771
1114,6360,156463
1122,6380,156229
1117,6350,156226
1119,6392,156025
1120,6375,155791
1123,6374,155578
1124,6387,155537
1121,6371,155138
1125,6400,154930
1127,6400,154451
1129,6397,154059
1130,6374,154051
1128,6402,153993
1136,6398,153780
1135,6394,153741
1132,6389,153631
1133,6391,153590
1131,6394,153510
1134,6394.5,153172
1138,6424,153068
1140,6458,152473
1139,6450,151991
1137,6424,151965
1142,6444,151804
1150,6473,151618
1144,6445,151466
1141,6430,151255
1146,6437,151142
1143,6436,151072
1145,6417,150766
1149,6442,150132
1148,6446,149816
1147,6458,149797
1152,6454,149458
1156,6484,149316
1155,6429,148974
1154,6478,148835
1151,6446,148740
1153,6458,148420
1160,6457,148227
1162,6469,148199
1165,6449,148118
1157,6489,147957
1158,6471,147840
1163,6464,147408
1164,6494,147158
1159,6462,147088
1168,6496,146977
1167,6465,146732
1161,6457,146667
1170,6486,146349
1166,6467,146064
1169,6476,145897
1171,6469,145205
1172,6487,145129
1173,6484,145034
1175,6469,145004
1174,6480,144872
1176,6489,144644
1179,6476,144563
1178,6509,144547
1177,6520,144075
1181,6497,143978
1180,6513,143821
1182,6515,143432
1183,6502,143321
1184,6518,142735
1186,6527,142705
1185,6500,142624
1192,6545,142326
1188,6520,142084
1189,6506,142071
1190,6508,141988
1187,6527,141880
1191,6515,141313
1197,6510,141062
1196,6526,141007
1195,6499,140878
1194,6509,140677
1198,6516,140608
1193,6517,140413
1199,6529,140334
1200,6547,140296
1202,6522,140210
1201,6515,139711
1252,7057,139298
1203,6534,139028
1204,6530,139002
1207,6541,138647
1206,6534,138616
1208,6515,138480
1205,6521,138447
1211,6540,138233
1214,6561,137994
1213,6550,137914
1209,6542,137772
1210,6548,137757
1216,6534,137693
1212,6563,137570
1218,6552,136906
1217,6578.5,136880
1215,6535.5,136864
1220,6587,136741
1219,6575,136220
1222,6554,136219
1221,6586,136071
1224,6613,135304
1230,6602,135297
1225,6572,135292
1228,6589,135084
1226,6585,135040
1232,6600,134755
1223,6569,134709
1227,6595,134663
1231,6595,134461
1229,6611,134431
1236,6598,134300
1233,6607,133855
1234,6609,133719
1237,6603,133567
1238,6612,133509
1235,6643,133422
1240,6604,132996
1241,6604,132992
1242,6639,132975
1239,6632,132937
1243,6647.5,132700
1244,6609,132677
1245,6635,132503
1250,6637,132164
1247,6588,132062
1246,6604,131946
1253,6660,131634
1249,6630,131595
1248,6654,131508
1254,6640,131289
1251,6634,130884
1256,6622,130665
1257,6611,130621
1255,6679,130595
1262,6666,130345
1258,6681,130037
1260,6652,129967
1259,6663,129818
1263,6675,129732
1261,6673,129439
1264,6660,129327
1265,6685,129090
1267,6685.5,129042
1268,6682,128875
1266,6680,128800
1269,6692,128392
1270,6675,128123
1271,6714,128077
1274,6710.5,128066
1273,6726,128031
1298,6937,127831
1272,6702,127715
1278,6742,127597
1277,6748,127507
1276,6728,127403
1296,6928,127340
1275,6745,127336
1295,6870,127320
1297,6942,127187
1280,6760,126967
1279,6760,126812
1282,6736,126809
1284,6768,126649
1283,6763,126555
1288,6802.5,126430
1299,6954,126407
1281,6775,126255
1286,6799,126142
1300,6922.5,126080
1289,6794,125995
1287,6828.5,125970
1285,6796,125929
1290,6803,125801
1301,6893,125628
1294,6831,125591
1302,6883.5,125076
1293,6815,124854
1291,6788,124812
1292,6814,124513
1304,6861,124113
1303,6871,124077
1305,6856,123553
1306,6847,123503
1307,6835,123283
1308,6842,123153
1310,6849,123100
1313,6869,123075
1312,6850,122975
1314,6900,122866
1316,6877,122665
1315,6899,122646
1311,6885,122319
1309,6856,122248
1320,6902,122036
1317,6912,121699
1319,6875,121671
1318,6883,121507
1322,6864,121208
1321,6875,121066
1323,6846,120859
1326,6874,120354
1324,6857,120349
1325,6887,120051
1327,6859,119990
1329,6823,119623
1328,6890,118991
1330,6857,118972
1332,6833,118662
1331,6839,118203
1335,6839,117442
1334,6836,117380
1333,6874,117184
1337,6840,117111
1336,6868,116958
1339,6827,116761
1338,6851,116639
1340,6845,116638
1341,6838,116410
1347,6853,116041
1343,6851,116026
1344,6857,115920
1342,6869,115582
1345,6832,115320
1352,6873,115190
1346,6867,115148
1349,6864,115017
1348,6864,115004
1350,6878,114753
1353,6892,114707
1351,6879,114525
1356,6849,114132
1358,6872,113850
1355,6867,113560
1357,6873,113493
1354,6882,113459
1361,6856,113403
1359,6852,113015
1362,6888,112893
1364,6880,112842
1360,6881,112635
1363,6887,112293
1367,6877,112192
1365,6882,112054
1370,6910,111940
1366,6882,111842
1369,6857,111681
1368,6894,111463
1372,6894,111377
1375,6844,111325
1371,6856,111241
1382,6889,110896
1376,6868,110756
1378,6877,110665
1374,6894,110634
1379,6911,110273
1377,6879,110257
1373,6867,110174
1380,6897,110070
1384,6884,109628
1381,6886,109594
1383,6905,109024
1385,6907,108959
1386,6893,108942
1388,6907,108847
1387,6905.5,108782
1390,6879,108772
1389,6894,108660
1391,6923,108618
1393,6877,108519
1394,6912,108296
1392,6920,108229
1396,6903,107683
1395,6923,107605
1398,6923,107328
1397,6928,107022
1401,6929,106664
1404,6968,106602
1402,6927,106567
1399,6937,106381
1405,6914,106252
1407,6934,106215
1400,6924,106025
1406,6928,105977
1408,6956,105633
1403,6906.5,105612
1410,6930,105341
1409,6896,105331
1414,6908.5,105306
1416,6949,105083
1415,6924,104937
1412,6949,104904
1411,6924,104884
1413,6924,104788
1420,6949,104564
1417,6939,104469
1419,6944,104036
1424,6916,104018
1422,6978,103968
1418,6921,103927
1423,6949,103611
1421,6935,103274
1430,6957,103191
1427,6990,103188
1425,6976,103050
1428,6969,102964
1434,6973,102692
1432,6995,102624
1429,6964,102557
1433,6980,102514
1426,6943,102341
1431,6975,102054
1435,6991,102048
1440,7006,101946
1436,6989,101688
1437,6963,101163
1438,7006,101152
1439,6959,101059
1444,7006,101036
1442,6980,100887
1448,6974,100884
1441,6949,100879
1445,6976,100733
1447,6960,100386
1443,6987,100341
1449,6996,100205
1450,6999,100189
1446,6979,100091
1451,7000,99971
1452,7001,99943
1453,7011,99335
1456,7005,99206
1455,6991,99104
1454,7006.5,98780
1459,6998,98488
1457,7010,98463
1458,6999.5,98440
1464,7044,98438
1460,7028,98340
1461,7005,98285
1482,6930,98245
1465,6981,98090
1462,7024,98077
1466,7014,98070
1463,7005,97803
1470,7019,97728
1467,7058,97661
1468,7034,97546
1469,7020.5,97076
1471,7052,96907
1472,7048,96801
1474,7050,96744
1476,7040,96707
1478,7031.5,96590
1475,7051,96441
1477,7058,96395
1480,7035,96369
1479,7036,96326
1473,7026,96307
1484,7096,96160
1481,7023,95760
1483,7074,95571
1488,7075,95380
1487,7070,95283
1486,7023,95233
1485,7070,95195
1489,7061,94806
1493,7066,94763
1490,7053,94500
1491,7098,94414
1496,7071,94347
1494,7040,94341
1492,7038,94275
1500,7046,94021
1495,7040,94016
1498,7076,93949
1501,7091,93790
1497,7081,93443
1499,7076,93312
1502,7109,93259
1503,7065.5,93146
1505,7106,93080
1506,7094,93030
1504,7064,92938
1507,7099,92368
1508,7089,92342
1516,7144,92294
1513,7130,92223
1509,7107,92149
1520,7111,91908
1518,7076,91897
1510,7130,91802
1511,7077,91730
1514,7107,91721
1512,7110,91704
1515,7110,91563
1517,7072,91174
1519,7113,90906
1522,7175,90808
1521,7066,90687
1526,7119,90519
1528,7128,90487
1525,7103,90384
1524,7133,90329
1527,7097,90291
1532,7152,90225
1530,7102,90181
1523,7071,90149
1529,7126,90126
1533,7122,89750
1531,7140,89514
1534,7136,89475
1535,7116,89376
1539,7142,89156
1540,7149,89156
1536,7080,89119
1537,7157,88644
1541,7156,88587
1538,7159,88494
1546,7165,88478
1544,7116,88311
1542,7159.5,88192
1543,7161,88018
1548,7124,88003
1550,7192,87773
1552,7161,87662
1549,7126.5,87654
1551,7138,87616
1547,7149,87583
1554,7129,87186
1545,7133,87149
1560,7179,87053
1553,7106,86870
1555,7176,86758
1557,7149,86647
1559,7148,86531
1556,7163,86527
1572,7126,86493
1562,7165,86356
1561,7164,86076
1566,7169,86042
1558,7161,85970
1564,7209,85920
1563,7173,85516
1567,7165,85425
1570,7182,85249
1568,7166,85215
1565,7173,85181
1575,7187.5,84896
1569,7149,84842
1579,7205,84792
1580,7222,84776
1578,7232,84768
1573,7223,84745
1576,7210,84635
1582,7211,84627
1571,7181,84608
1584,7186.5,84538
1574,7216,84476
1581,7215,84380
1585,7218,84061
1577,7175,84015
1586,7223.5,83972
1587,7222,83753
1588,7222,83671
1583,7205,83626
1592,7234,83431
1591,7272,83264
1589,7244,83013
1594,7267.5,82984
1593,7246,82911
1595,7212,82752
1590,7257,82672
1596,7235,82583
1599,7235.5,82496
1598,7212,82401
1600,7303,82352
1602,7259,82261
1604,7294,82199
1607,7232,82151
1601,7243,81938
1608,7246,81904
1603,7256,81894
1597,7230,81823
1610,7282,81793
1629,7092,81706
1605,7251,81617
1609,7249,81160
1606,7256,81137
1617,7278,81055
1611,7254,80994
1618,7253,80963
1616,7265,80843
1612,7279,80718
1614,7263.5,80666
1615,7244,80650
1613,7243,80346
1620,7259,80276
1624,7330,80184
1623,7253,79979
1619,7280,79978
1621,7288,79923
1622,7265,79874
1625,7268,79843
1628,7293,79602
1634,7298,79405
1626,7307,79372
1631,7276,79345
1630,7287,79179
1627,7307,79134
1632,7295,79117
1633,7302,79040
1635,7285,78759
1636,7302,78510
1641,7311,78419
1638,7329,78248
1643,7318,78111
1642,7305,78111
1644,7313,78103
1648,7334,78043
1640,7339,77954
1637,7301,77935
1649,7312,77837
1639,7268,77741
1646,7319,77731
1645,7340,77611
1650,7356,77517
1651,7346,77512
1647,7296,77426
1653,7321,77119
1656,7341,76792
1658,7336,76761
1655,7326,76746
1657,7335,76702
1652,7299,76685
1660,7341,76532
1661,7339,76422
1654,7312.5,76414
1662,7352,76322
1666,7367,76291
1663,7390,76189
1668,7351,75923
1659,7296,75918
1669,7373.5,75798
1664,7317,75668
1667,7354,75448
1670,7352,75324
1671,7355,75316
1665,7344,75240
1672,7356,75079
1673,7374,74863
1680,7349,74802
1675,7354,74697
1676,7351,74508
1679,7365,74486
1677,7358,74465
1674,7387.5,74426
1683,7366,74362
1678,7389,74358
1681,7355.5,74306
1684,7359,74305
1685,7400,74213
1688,7375,74069
1682,7353,74041
1686,7358.5,73824
1691,7387,73615
1694,7420,73544
1687,7388.5,73498
1690,7355,73329
1696,7368,73324
1692,7364,73270
1699,7382,73239
1689,7353,73197
1693,7360,73107
1700,7408,72939
1702,7403,72884
1703,7351,72868
1695,7363,72845
1698,7421,72771
1697,7432,72608
1706,7418,72351
1705,7380,72300
1704,7437,72271
1701,7382,72226
1707,7414,72180
1709,7407,71916
1712,7418,71891
1710,7406,71870
1711,7383.5,71762
1718,7430,71667
1708,7458,71452
1719,7427,71431
1716,7377,71323
1715,7423,71280
1714,7409,71235
1713,7429,70993
1722,7383,70907
1720,7399,70726
1723,7394,70573
1724,7410,70540
1725,7427,70453
1727,7400,70444
1717,7417,70401
1730,7466,70374
1721,7404,70369
1733,7445,70357
1728,7448,70249
1726,7439,70078
1729,7389,69945
1737,7451,69854
1732,7430,69798
1731,7481,69682
1735,7421,69629
1736,7397,69597
1734,7417,69490
1742,7451,69255
1739,7479,69207
1740,7452,69159
1738,7455,69158
1744,7465,69074
1741,7444,69029
1746,7423,69003
1745,7501,68966
1749,7452.5,68944
1750,7446,68851
1747,7440,68735
1748,7443.5,68568
1743,7452,68412
1752,7471,68359
1751,7430.5,68306
1753,7448,68231
1755,7479,68005
1754,7479,67981
1762,7497,67944
1758,7496,67922
1756,7471,67901
1759,7451.5,67746
1757,7508.5,67570
1764,7501,67467
1760,7441.5,67396
1761,7462.5,67290
1763,7474,67210
1765,7471,67152
1772,7494,67129
1766,7491,67126
1771,7505,66941
1767,7512,66928
1769,7503,66701
1778,7535,66679
1768,7524,66640
1780,7532,66474
1774,7507,66367
1777,7525,66224
1773,7481,66209
1770,7568,66166
1782,7521,66142
1775,7484,66134
1779,7497,66066
1781,7489,65908
1784,7518,65902
1776,7516.5,65838
1786,7559,65557
1790,7528,65363
1788,7575,65356
1787,7535,65234
1783,7557,65206
1789,7531,65127
1792,7523,65077
1794,7567,65076
1785,7533,65045
1791,7568,64951
1793,7532,64888
1796,7587,64854
1797,7578.5,64786
1799,7540,64634
1798,7534,64629
1800,7576,64590
1806,7579,64479
1803,7556,64460
1795,7539,64449
1801,7548.5,64442
1802,7574,64335
1810,7571,64233
1805,7546,64223
1813,7603,64081
1804,7511,63999
1808,7574,63899
1812,7609,63837
1807,7535,63698
1809,7590,63658
1814,7607,63594
1815,7611,63489
1811,7576,63480
1816,7578,63160
1817,7596,63143
1820,7566,62973
1822,7579,62933
1818,7555,62921
1821,7600,62850
1829,7543,62813
1823,7613,62789
1830,7575,62763
1827,7642.5,62708
1819,7571.5,62702
1824,7586,62644
1828,7593,62577
1826,7576,62504
1825,7577.5,62336
1831,7603,62331
1837,7630.5,62282
1833,7594,62244
1838,7661,62077
1832,7631,62018
1840,7644,61967
1835,7638,61965
1836,7613,61937
1834,7624,61914
1842,7629,61639
1839,7634,61451
1843,7678,61170
1841,7599,61164
1844,7642,61040
1850,7652.5,61000
1845,7623,60994
1851,7651,60813
1847,7604,60798
1854,7637,60688
1846,7657,60666
1857,7690,60561
1848,7645,60549
1853,7659,60483
1849,7614,60351
1852,7622,60262
1856,7648,60165
1860,7651,60123
1855,7639,60078
1858,7671,60076
1863,7667.5,60026
1859,7672,59949
1861,7678,59948
1870,7684.5,59856
1864,7694,59752
1865,7673,59709
1862,7674,59644
1866,7656,59527
1868,7660,59415
1872,7725,59386
1876,7698,59265
1869,7646,59109
1871,7692,59091
1874,7687,59080
1881,7702.5,58990
1873,7697,58961
1867,7688,58905
1875,7677,58785
1880,7659,58728
1992,7033,58689
1886,7730,58688
1882,7701,58664
1878,7696,58544
1884,7668,58406
1885,7688,58404
1888,7716,58383
1879,7709,58348
1877,7748,58321
1890,7727,58021
1883,7679,57987
1894,7718,57969
1887,7704,57909
1891,7708,57892
1896,7695,57830
1893,7715,57827
1889,7740,57767
1898,7749,57524
1899,7745.5,57522
1897,7669,57467
1892,7699,57441
1895,7743,57300
1900,7738.5,57250
1902,7751,57156
1906,7731,57155
1904,7724,57053
1901,7727.5,57014
1903,7743.5,56992
1909,7719,56801
1905,7733,56798
1907,7708.5,56764
1912,7745,56691
1908,7694,56657
1910,7766,56623
1911,7708,56423
1913,7743,56210
1914,7739,56102
1918,7749,56011
1921,7744,55979
1917,7758,55977
1922,7825,55915
1919,7714,55810
1920,7732,55797
1915,7743,55793
1916,7733,55710
1924,7796.5,55692
1923,7699,55669
1928,7803,55556
1929,7742,55502
1931,7789,55475
1925,7782,55389
1926,7771,55358
1934,7719,55172
1932,7847,55096
1930,7784,55020
1927,7783,55001
1936,7803,54793
1940,7796,54719
1933,7759,54689
1937,7742,54624
1935,7793,54602
1938,7814,54454
1939,7797,54447
1950,7772,54379
1947,7804,54123
1941,7773,54117
1942,7824,54037
1945,7788,53981
1952,7803.5,53942
1944,7839,53824
1943,7788,53809
1949,7774,53764
1948,7827,53743
1946,7766,53714
1958,7851,53629
1951,7747,53599
1961,7903,53422
1954,7787,53422
1955,7823,53402
1953,7832,53393
1956,7786,53264
1957,7765.5,53060
1962,7789,52994
1966,7841,52911
1960,7839,52869
1959,7825,52823
1968,7844,52800
1967,7833.5,52706
1964,7848,52693
1965,7801,52621
1963,7829,52610
1969,7839,52529
1975,7865,52349
1970,7830,52328
1977,7811.5,52178
1973,7835,52166
1979,7828,52154
1978,7901,52059
1974,7865,51955
1972,7851,51921
1971,7870,51878
1980,7826,51872
1982,7882.5,51816
1981,7853.5,51764
1983,7863,51749
1989,7870,51682
1976,7835.5,51536
1986,7901,51528
1990,7905,51478
1987,7836,51325
1985,7864,51306
1984,7855.5,51214
1993,7938,51166
1995,7896,51121
1991,7842,50947
1997,7875,50889
1994,7895,50813
1996,7875,50778
2000,7919,50669
2001,7898.5,50666
1998,7899,50624
1988,7868,50563
1999,7824,50549
2002,7886,50454
2007,7897.5,50428
2004,7845.5,50416
2010,7897,50384
2006,7934.5,50360
2110,7315,50345
2008,7853,50300
2016,7927.5,50134
2012,7920.5,50066
2018,7919,50022
2005,7893,50004
2003,7892,49990
2011,7939,49912
2017,7876,49848
2014,7886,49776
2019,7900.5,49764
2013,7920,49700
2009,7932,49683
2025,7836,49656
2024,7979,49633
2021,7891,49398
2026,7946,49367
2015,7910,49353
2032,7912.5,49352
2020,7930,49341
2028,7939,49327
2023,7886,49261
2033,7948,49163
2022,7933.5,49116
2027,7933,49027
2034,7994,49000
2036,7954,48837
2031,7898,48780
2029,7964,48651
2030,7939,48641
2040,8019,48617
2038,7935,48589
2035,7936,48498
2043,7951,48449
2044,8022,48330
2037,7951,48295
2042,7982,48189
2039,7868,48152
2047,7991,48121
2055,8019,47848
2045,7973,47822
2048,7949,47750
2041,7987,47750
2046,7971,47743
2049,8003,47673
2051,7943,47637
2050,7958.5,47584
2058,7994,47571
2053,8015,47549
2060,8024.5,47450
2052,7966,47426
2054,7996,47408
2056,8030,47262
2061,7993,47236
2057,8003,47093
2064,8024,47083
2059,8012,47059
2066,8008.5,47056
2062,8028.5,46888
2063,8003,46861
2065,8009,46857
2075,7999,46793
2070,8001,46696
2074,7971,46651
2068,8031,46645
2067,8008,46605
2078,8009,46552
2072,7972,46481
2079,8064,46402
2071,7994,46387
2069,8016,46381
2082,8124.5,46276
2077,8018,46253
2081,8085,46195
2073,8038,46157
2076,8021,46113
2085,8058.5,46088
2088,8018,46078
2080,8077,46076
2084,8077,45871
2089,8041,45819
2083,8062,45800
2092,8032,45707
2094,8094,45636
2093,8034.5,45634
2091,8012,45588
2086,8070,45577
2097,8082,45565
2087,8072,45542
2096,8093,45406
2095,8104,45385
2100,8061,45380
2099,8089,45376
2090,8108,45271
2098,8101,45263
2102,8032,45236
2104,8012,45167
2101,8042,45037
2106,8100,45026
2103,8082,44951
2108,8078,44821
2105,8030,44782
2111,8015,44764
2107,8144,44702
2109,8057,44610
2112,8061,44407
2116,8108,44402
2114,8054,44237
2119,8051,44207
2118,8036,44113
2113,8036.5,44106
2115,8082,44077
2117,8089,44021
2120,8069,44015
2131,8125,44005
2122,8046.5,43884
2121,8064,43877
2123,8063,43869
2124,8113,43843
2128,8120.5,43782
2127,8092,43660
2129,8109,43621
2126,8087,43571
2132,8110.5,43558
2130,8052,43541
2125,8069,43444
2137,8140,43441
2140,8085,43441
2133,8158,43440
2138,8127,43388
2135,8107,43292
2136,8077,43102
2141,8114,43101
2139,8098,43017
2143,8113,42994
2148,8037,42941
2142,8138,42913
2150,8144,42806
2134,8128,42753
2146,8117,42741
2145,8174.5,42724
2153,8106,42700
2155,8118,42668
2149,8064,42548
2147,8101.5,42546
2144,8132,42483
2157,8119.5,42358
2159,8152,42339
2156,8160,42251
2151,8135,42222
2152,8154,42219
2154,8155,42210
2161,8143,42142
2158,8137,42056
2160,8129,41999
2164,8175,41992
2162,8141,41942
2163,8145,41917
2170,8186,41848
2172,8143,41761
2165,8094,41745
2169,8144,41710
2167,8147,41699
2166,8147,41633
2171,8168,41616
2168,8185.5,41612
2174,8208,41610
2176,8201.5,41502
2178,8186,41451
2184,8200,41396
2175,8202,41348
2179,8178,41314
2177,8156,41235
2173,8127,41228
2186,8208,41191
2180,8110,41186
2181,8218,41122
2183,8153,41081
2182,8209,40981
2187,8164,40951
2189,8235.5,40820
2185,8191,40811
2192,8189,40657
2196,8181,40650
2188,8209,40649
2200,8201,40598
2194,8221,40559
2197,8178,40526
2195,8183,40509
2193,8206,40493
2201,8268,40477
2190,8217,40449
2191,8225,40418
2202,8227.5,40348
2214,8290,40244
2199,8159,40240
2198,8207,40231
2205,8188,40130
2212,8205,40060
2207,8215,40021
2203,8273,40003
2216,8280.5,40000
2217,8244,39977
2209,8264,39969
2208,8181,39934
2204,8292,39903
2210,8223.5,39874
2220,8295,39861
2219,8264,39827
2211,8280.5,39792
2206,8270,39709
2213,8233.5,39704
2215,8244,39692
2260,8642,39582
2227,8262,39542
2226,8272,39513
2218,8298,39433
2225,8223,39410
2221,8250,39409
2224,8264,39367
2230,8233,39363
2234,8258.5,39328
2232,8268,39268
2222,8189,39133
2235,8237,39117
2228,8267,39117
2229,8253,39061
2240,8322,39031
2237,8284,38968
2231,8307,38961
2233,8265.5,38926
2223,8256,38892
2244,8299,38800
2238,8242,38759
2236,8251,38553
2239,8289,38500
2241,8285,38495
2250,8334,38462
2247,8288,38419
2245,8241,38387
2246,8309,38298
2243,8285,38292
2248,8324,38240
2242,8296,38239
2252,8275.5,38210
2256,8305,38200
2251,8280,38156
2249,8259,38021
2267,8333,37947
2259,8310,37941
2254,8332,37919
2253,8324.5,37816
2255,8317,37812
2257,8247,37718
2262,8336,37704
2268,8331,37702
2266,8271,37692
2258,8325,37691
2261,8348,37641
2265,8340,37639
2263,8248,37505
2269,8307.5,37456
2270,8323,37349
2282,8352,37277
2264,8324,37238
2273,8288,37202
2278,8328,37193
2280,8349.5,37166
2271,8334,37150
2272,8291,37098
2276,8433,37037
2274,8279.5,36990
2277,8350,36949
2275,8292,36942
2279,8366,36830
2284,8361,36829
2293,8378,36761
2281,8363,36733
2288,8383,36655
2286,8391,36602
2285,8355,36601
2289,8384,36578
2296,8356,36577
2283,8360,36461
2287,8342,36457
2292,8365,36435
2297,8455,36429
2290,8396,36413
2295,8395,36375
2294,8410,36368
2301,8426,36355
2291,8362,36346
2299,8424,36281
2302,8368,36274
2300,8427.5,36104
2298,8356,36056
2314,8469,36053
2306,8373,36049
2308,8441.5,35996
2312,8476,35983
2310,8402,35888
2303,8393,35831
2307,8380.5,35676
2309,8438,35596
2305,8365,35558
2304,8315,35518
2315,8436.5,35474
2311,8427,35460
2316,8448,35435
2322,8467,35410
2319,8468.5,35338
2318,8428,35337
2317,8431,35321
2328,8477,35313
2313,8455,35288
2332,8460,35263
2325,8426,35247
2324,8411,35241
2323,8473,35227
2320,8411,35227
2333,8419,35179
2329,8489,35099
2327,8512,35061
2334,8431.5,35058
2330,8453.5,35044
2321,8445,34971
2331,8459.5,34896
2326,8452,34819
2336,8402,34811
2340,8428,34719
2337,8318,34677
2338,8408.5,34644
2344,8478,34614
2339,8484,34558
2335,8461.5,34536
2346,8378,34521
2341,8471.5,34416
2349,8463,34416
2343,8472,34415
2342,8393,34303
2347,8402.5,34248
2348,8461.5,34238
2352,8480.5,34156
2356,8453,34142
2350,8426.5,34140
2351,8412,34103
2345,8497,34043
2359,8471,34033
2355,8447,34001
2372,8450,33987
2353,8401.5,33972
2365,8484,33928
2358,8482,33919
2357,8503,33915
2363,8432,33895
2354,8446,33883
2364,8467,33780
2360,8497,33753
2361,8468,33728
2362,8516.5,33670
2368,8522,33659
2382,8547,33595
2366,8518,33524
2369,8503,33509
2367,8510,33496
2375,8512,33493
2371,8488,33485
2380,8499,33419
2374,8502,33368
2381,8526,33312
2377,8491,33298
2376,8543,33243
2373,8518,33227
2390,8572.5,33200
2370,8536,33163
2389,8518.5,33162
2379,8503,33152
2383,8508,33083
2386,8509,33024
2388,8514,32969
2378,8520.5,32934
2385,8490,32891
2384,8516,32870
2387,8531,32840
2392,8533,32832
2394,8548,32809
2393,8576,32785
2391,8519,32759
2404,8594,32755
2399,8519,32688
2396,8582,32684
2403,8531,32668
2400,8594,32629
2398,8540.5,32626
2402,8631,32566
2408,8576.5,32526
2406,8508,32505
2395,8540.5,32488
2397,8522.5,32462
2405,8483,32405
2401,8519,32356
2417,8646,32335
2418,8621,32321
2411,8571.5,32278
2410,8590.5,32242
2413,8567,32145
2421,8609.5,32140
2412,8588,32107
2422,8604,32071
2414,8619,32051
2428,8604.5,32020
2415,8615.5,32002
2423,8609,31983
2407,8651,31981
2424,8623,31953
2426,8554,31940
2409,8578,31935
2419,8595,31889
2416,8557,31889
2427,8595.5,31860
2429,8612,31806
2420,8558,31770
2436,8623,31751
2425,8563,31715
2430,8658,31657
2434,8617,31646
2435,8632,31605
2432,8645,31594
2447,8591,31584
2445,8600,31531
2438,8651,31530
2440,8594,31521
2441,8565.5,31432
2446,8643,31421
2437,8620,31412
2433,8573.5,31400
2431,8507.5,31354
2444,8659,31353
2442,8585,31305
2449,8647,31285
2443,8599,31273
2439,8584,31181
2450,8693,31151
2454,8634,31083
2452,8679,31017
2448,8661,30870
2451,8626,30810
2460,8683.5,30808
2457,8688,30785
2463,8715,30782
2458,8707,30752
2456,8681,30736
2461,8658.5,30696
2453,8673,30693
2462,8669,30642
2468,8696,30625
2474,8689,30605
2455,8589.5,30592
2466,8668,30592
2464,8588,30572
2472,8705,30534
2471,8702,30515
2459,8660,30453
2476,8713.5,30416
2478,8724,30385
2473,8713.5,30368
2500,8768.5,30306
2477,8698.5,30302
2470,8674,30296
2467,8758,30293
2465,8672,30229
2475,8674,30221
2490,8732,30168
2469,8655,30165
2484,8764,30158
2479,8793.5,30106
2480,8743,30091
2483,8725,30038
2491,8776,30036
2481,8711,29987
2482,8710,29975
2494,8757,29973
2496,8746.5,29958
2485,8732,29890
2488,8738.5,29886
2489,8818.5,29874
2497,8782,29867
2486,8735,29831
2504,8731,29830
2499,8724,29829
2503,8775,29778
2487,8714,29755
2506,8797,29724
2492,8710,29702
2493,8698,29671
2495,8748.5,29668
2501,8727,29628
2498,8660.5,29582
2502,8737,29575
2508,8747.5,29430
2505,8794.5,29404
2512,8795,29340
2518,8729,29318
2524,8798,29305
2513,8761,29268
2516,8822,29257
2515,8762,29251
2507,8774,29222
2511,8697,29209
2522,8769,29151
2509,8697,29139
2510,8792,29119
2520,8780,29086
2514,8861,29066
2519,8831,29045
2528,8765,29016
2521,8738,29014
2523,8685,28959
2526,8800,28886
2517,8759.5,28884
2533,8717,28816
2531,8767,28815
2525,8727,28809
2537,8836,28722
2530,8755,28696
2527,8782,28643
2529,8763.5,28634
2534,8825,28630
2536,8831.5,28614
2532,8861,28602
2544,8856.5,28574
2539,8782.5,28544
2538,8836.5,28542
2562,8679,28536
2535,8837,28529
2550,8820,28433
2547,8751.5,28430
2558,8848,28395
2541,8886.5,28378
2554,8870,28357
2549,8818,28345
2542,8800,28342
2540,8837,28337
2543,8802,28323
2555,8809,28280
2551,8827.5,28192
2545,8793,28135
2561,8908,28106
2556,8888.5,28104
2548,8881,28099
2557,8818,28091
2552,8820,28057
2546,8834,28046
2563,8915,27987
2559,8868,27979
2565,8867.5,27970
2553,8798.5,27822
2560,8849,27821
2580,8881.5,27792
2566,8823,27762
2568,8851.5,27754
2564,8834,27733
2572,8841,27726
2567,8948,27703
2569,8893,27700
2576,8846,27604
2577,8991,27580
2571,8929,27563
2594,8940,27554
2570,8923,27546
2574,8802,27521
2573,8835,27521
2582,8889,27499
2578,8864.5,27492
2584,8922,27433
2575,8834,27430
2579,8853,27417
2585,8925,27385
2591,8899,27350
2586,8898.5,27274
2595,8909,27245
2588,8914,27233
2592,8937,27166
2583,8836,27080
2600,8930.5,27058
2593,8940,27053
2590,8953,27044
2587,8956,27021
2589,9007,27005
2603,8912.5,27000
2596,8928,26978
2599,8939,26956
2598,8924,26953
2581,8843.5,26952
2609,8951,26806
2610,8960.5,26792
2604,8964,26768
2615,8885,26756
2605,8908,26699
2626,8961,26697
2614,8953,26693
2597,8965,26675
2602,8910,26614
2607,8910,26611
2620,9014,26604
2617,8897,26603
2601,8977,26601
2612,8908,26583
2616,8960,26567
2611,8952.5,26546
2618,8973,26523
2606,8944,26516
2608,8953,26510
2634,8982,26475
2623,8975.5,26398
2619,9026,26357
2613,9025,26356
2621,8921,26340
2631,9059,26317
2627,9021,26294
2625,8996,26253
2629,8999,26246
2639,9073,26219
2622,8948.5,26216
2624,9012,26208
2630,9009,26195
2637,8981.5,26168
2628,8984,26116
2638,9024.5,26114
2640,9062.5,26110
2648,9025,26065
2642,8952,26051
2632,8928,26037
2644,9028,25936
2636,9044,25923
2635,9044,25916
2656,9082,25904
2643,8906,25901
2646,9001,25880
2641,9048,25872
2654,9120,25867
2633,9016.5,25842
2651,9023,25778
2650,9054,25765
2653,9081.5,25710
2647,9047,25699
2658,9030,25689
2645,9066,25681
2652,9041,25680
2660,9105.5,25624
2649,9003,25609
2657,9032,25559
2655,9059.5,25522
2670,9056,25474
2665,9034,25465
2661,8950,25405
2667,9065,25319
2668,9100,25277
2666,9125.5,25256
2662,9082,25243
2683,9029,25232
2684,9055,25229
2659,9034,25228
2676,9097,25188
2663,9098,25164
2682,9087,25117
2678,9173,25100
2664,9010,25096
2675,9059,25087
2679,9065,25079
2673,9088,25076
2677,9082,25049
2669,9069,25035
2680,9093,25031
2674,9043,25009
2671,9050,24970
2688,9170,24946
2681,9088.5,24930
2672,8991,24893
2685,9104.5,24820
2692,9208,24750
2689,9139,24741
2687,9107.5,24738
2686,9208,24737
2694,9110.5,24732
2690,9155,24725
2698,9112,24724
2696,9147,24697
2695,9091,24684
2693,9141,24654
2710,9330,24628
2699,9069,24597
2708,9156,24596
2703,9098,24582
2706,9147,24578
2691,9127,24569
2700,9109,24552
2697,9083,24533
2704,9100.5,24504
2701,9224,24423
2712,9191,24376
2702,9246,24369
2728,9152,24351
2714,9126,24320
2719,9160,24311
2718,9196,24301
2705,9171,24234
2720,9129,24233
2716,9233,24220
2725,9263,24141
2709,9223,24125
2707,9168,24071
2713,9165,24060
2732,9242.5,24048
2723,9215,24009
2722,9192.5,23994
2711,9121,23974
2747,9310.5,23956
2836,10156.5,23948
2729,9211,23935
2730,9164,23924
2740,9209,23867
2721,9151.5,23848
2739,9194,23824
2715,9068.5,23820
2727,9244,23776
2744,9251,23764
2717,9184.5,23752
2751,9321,23746
2734,9184,23738
2726,9234,23735
2724,9149.5,23732
2731,9272,23720
2736,9197.5,23672
2737,9151,23638
2750,9257,23638
2745,9309,23621
2733,9217,23611
2738,9183,23591
2741,9209.5,23588
2743,9241,23549
2742,9180,23523
2764,9271,23505
2753,9194,23407
2748,9166,23382
2746,9257,23381
2755,9307,23379
2758,9198,23342
2735,9172,23327
2756,9183,23307
2759,9186,23297
2757,9228,23256
2754,9293,23229
2749,9298.5,23226
2762,9282,23203
2752,9266.5,23144
2772,9269,23125
2766,9235,23117
2763,9217,23111
2769,9278,23081
2770,9356,23049
2761,9242,23027
2768,9240,22995
2771,9297.5,22986
2781,9204,22971
2760,9267,22971
2820,9710,22960
2779,9196,22937
2775,9246,22919
2780,9324,22890
2767,9192,22887
2765,9232,22881
2778,9273.5,22878
2774,9281,22811
2776,9335,22775
2777,9341,22775
2782,9246,22705
2773,9253,22645
2783,9332,22623
2796,9287,22568
2798,9318,22565
2785,9283,22541
2788,9360,22515
2784,9335,22503
2791,9299.5,22502
2789,9366.5,22500
2806,9260,22473
2786,9270,22465
2792,9321,22451
2794,9256,22416
2797,9363,22388
2790,9316,22381
2793,9306,22378
2787,9307,22365
2801,9389,22331
2812,9324,22310
2816,9346,22291
2799,9324.5,22278
2802,9322,22270
2800,9374.5,22242
2810,9430,22195
2807,9336,22189
2795,9333,22176
2809,9311.5,22152
2803,9322,22107
2818,9339,22105
2805,9293,22063
2824,9349,22038
2808,9385,22034
2821,9250,22033
2813,9333,22003
2804,9406,21992
2811,9334,21971
2823,9438,21894
2829,9466,21889
2828,9382,21862
2827,9425,21851
2814,9452,21845
2815,9356,21827
2832,9341.5,21816
2822,9325,21803
2826,9356,21790
2845,9370,21781
2825,9442,21756
2835,9408,21723
2819,9433,21702
2834,9283,21657
2817,9381,21649
2831,9347,21601
2833,9433,21573
2830,9455,21569
2850,9532,21543
2840,9357,21531
2849,9408.5,21522
2842,9352.5,21512
2838,9380,21465
2859,9398,21459
2837,9343,21436
2858,9522,21432
2839,9418,21425
2861,9434,21415
2841,9463,21414
2846,9484,21373
2856,9378.5,21366
2847,9444,21347
2848,9399,21332
2851,9378.5,21332
2844,9418,21315
2843,9390,21314
2855,9402,21265
2852,9456,21249
2854,9482,21226
2853,9383,21213
2866,9381,21138
2857,9462.5,21110
2860,9484,21099
2871,9449,21071
2872,9514.5,21056
2862,9536,21054
2869,9452,21041
2865,9424,21008
2864,9430,20883
2867,9479,20859
2863,9483,20852
2870,9558.5,20850
2868,9420,20850
2880,9431.5,20842
2879,9443,20811
2874,9542.5,20774
2877,9468.5,20706
2893,9480,20691
2887,9491.5,20670
2876,9522,20647
2883,9501,20619
2884,9486,20614
2890,9503,20607
2878,9509.5,20594
2900,9517,20587
2897,9474.5,20572
2875,9454,20571
2882,9435,20547
2873,9402,20535
2896,9525.5,20530
2885,9497,20476
2881,9377.5,20472
2898,9450.5,20426
2888,9566,20420
2894,9570,20373
2886,9528,20339
2892,9482,20337
2899,9549,20316
2889,9518,20305
2895,9452,20289
2908,9504,20285
2909,9521,20249
2891,9561,20225
2904,9521,20215
2915,9536,20214
2907,9622,20205
2901,9480,20191
2911,9557,20181
2917,9656,20168
2902,9597,20135
2903,9554,20101
2913,9509,20047
2905,9572,20041
2914,9573,20019
2918,9518,20010
2920,9608,19994
2923,9544,19991
2919,9543,19952
2910,9516,19952
2906,9544,19950
2912,9596,19937
2921,9382,19930
2922,9582.5,19922
2916,9555.5,19910
2930,9560.5,19860
2936,9575,19818
2925,9587,19808
2924,9528.5,19802
2929,9548,19789
2933,9517,19753
2927,9499.5,19752
2926,9627,19731
2937,9542,19709
2934,9600,19676
2932,9588.5,19648
2946,9674,19601
2938,9589.5,19584
2944,9649.5,19572
2939,9662.5,19550
2935,9626,19545
2928,9542,19539
2931,9526.5,19526
2950,9651,19507
2943,9629,19496
2942,9604,19477
2960,9623,19460
2945,9670,19447
2947,9605,19430
2940,9652,19420
2956,9541,19382
2941,9594,19371
2948,9591,19317
2949,9636.5,19298
2964,9638.5,19296
2952,9622,19277
2993,9358,19256
2968,9653.5,19232
2951,9624,19196
2962,9658,19180
2953,9694.5,19174
2963,9584,19159
2965,9645,19147
2966,9621,19146
2969,9714,19143
2957,9733,19117
2954,9571,19099
2971,9690,19090
2975,9614,19073
2961,9610,19069
2955,9658,18999
2976,9694,18995
2980,9702.5,18984
2959,9573,18969
2958,9610,18960
2978,9791,18941
2967,9628.5,18934
3459,10908,18903
2983,9630,18883
2974,9623,18873
2972,9640,18856
2982,9654.5,18790
2986,9692.5,18774
2977,9665,18761
2970,9650,18760
2992,9684,18747
2988,9763,18727
2990,9645,18697
2981,9595,18693
2991,9633,18666
2984,9657,18645
2999,9664.5,18628
2979,9660,18621
2995,9689,18600
2997,9778,18573
2996,9769,18562
3000,9694,18560
2989,9717,18548
2994,9580,18528
3002,9712.5,18522
2987,9688.5,18476
3004,9825,18461
3008,9737.5,18452
2998,9742,18444
2973,9677.5,18428
3009,9677,18385
3003,9654.5,18382
2985,9546,18367
3018,9747,18362
3007,9754,18322
3016,9660,18313
3006,9697.5,18290
3014,9774.5,18250
3015,9680,18213
3010,9808,18171
3001,9772,18142
3012,9695,18135
3013,9686,18135
3005,9746,18127
3026,9814,18119
3011,9754,18108
3020,9758,18107
3024,9835,18084
3034,9757,18063
3023,9784,18053
3029,9807,18024
3025,9752.5,18014
3027,9759,17979
3046,9787,17969
3035,9734,17963
3017,9794,17951
3033,9795,17951
3031,9780,17937
3028,9798,17920
3022,9702.5,17902
3030,9774,17901
3043,9783,17867
3019,9719,17867
3021,9624.5,17854
3040,9817,17843
3044,9698,17827
3036,9842.5,17808
3032,9800,17793
3038,9735,17759
3060,9775,17745
3039,9777,17713
3057,9793,17665
3042,9775,17657
3050,9786.5,17654
3049,9932,17651
3041,9651,17639
3037,9756,17638
3062,9819.5,17636
3048,9763,17619
3045,9923,17592
3051,9835,17565
3052,9779.5,17564
3047,9746,17561
3054,9807,17517
3055,9800.5,17454
3064,9825,17453
3063,9782,17431
3058,9894.5,17420
3067,9894.5,17404
3053,9781,17401
3061,9769,17375
3071,9770,17367
3068,9790,17353
3070,9756,17353
3069,9915.5,17336
3056,9809,17308
3065,9816.5,17292
3094,9983,17283
3073,9841,17283
3081,9914,17268
3066,9817.5,17262
3080,9850,17257
3075,9801,17235
3074,9832,17235
3077,9852.5,17232
3076,9872,17209
3072,9833.5,17154
3079,9837,17121
3084,9888,17116
3082,9838,17091
3059,9867.5,17078
3086,9912,17047
3088,9803,17013
3087,9916,16994
3095,9814,16992
3085,9788,16975
3097,9929,16969
3078,9916,16945
3098,9845,16939
3093,9949.5,16938
3083,9773,16931
3111,9811,16919
3090,9963,16917
3092,9902,16916
3118,9881.5,16910
3089,9860,16871
3106,10042,16863
3112,9893.5,16834
3091,9841.5,16824
3101,9915,16819
3104,9934,16816
3100,9883.5,16802
3096,9875,16801
3099,9968.5,16796
3108,9917.5,16766
3116,9905,16762
3119,9873,16733
3102,9948,16728
3124,9930,16726
3109,9956.5,16720
3110,9995.5,16716
3126,9879.5,16708
3114,9935,16705
3107,9816,16669
3115,10000.5,16656
3103,9937,16648
3117,9952,16633
3120,10020.5,16630
3113,9845,16581
3140,9996,16578
3121,9947.5,16560
3132,9922,16527
3127,9886,16509
3134,9840.5,16506
3122,9813,16503
3123,9857,16488
3137,10050.5,16482
3105,9932,16478
3130,9948.5,16464
3138,9894.5,16458
3142,9899.5,16458
3135,9946,16434
3129,9861,16429
3125,9907,16406
3143,9851,16400
3148,10005.5,16388
3128,9910,16361
3150,9989,16332
3133,9921,16317
3141,9971,16310
3139,9949,16278
3131,9876,16275
3157,9940,16273
3144,9873.5,16264
3136,9939,16236
3149,9970,16209
3156,9976,16191
3161,9900,16181
3167,10001.5,16176
3152,9904,16173
3147,9951,16171
3145,9950.5,16164
3159,9961,16152
3170,9864,16133
3158,9977,16109
3163,9990,16097
3165,9913,16097
3176,10029,16069
3153,9957,16067
3164,10049.5,16058
3151,9887,16049
3162,10022,16047
3154,10040,16046
3175,10011,16017
3169,9994,16005
3146,9921.5,15992
3155,9941,15986
3171,9978,15985
3186,10002,15926
3182,10033.5,15926
3172,10004.5,15922
3177,10070,15905
3160,9969.5,15874
3168,10071.5,15864
3178,9949,15860
3183,10045,15850
3166,10028.5,15830
3181,9883,15810
3188,10024.5,15788
3174,10017,15732
3180,9944,15732
3193,10079,15731
3184,10031.5,15720
3187,10072,15719
3200,9970.5,15682
3191,9978,15681
3190,9995,15660
3173,9937,15652
3185,10106,15634
3195,10094,15625
3179,10075,15621
3194,9988,15616
3199,9984,15606
3197,10074.5,15586
3209,10007,15581
3192,10081.5,15580
3208,9939,15553
3212,9976,15549
3198,10022,15537
3196,9900,15461
3216,9986.5,15448
3203,10160.5,15446
3211,10006.5,15442
3189,9844,15435
3204,9985,15415
3205,10087.5,15392
3214,10026,15388
3222,10048,15380
3202,9891,15373
3213,10032,15359
3210,10040,15325
3226,10019,15301
3234,10088,15298
3201,10094,15288
3224,10063.5,15284
3220,10039,15282
3230,10034,15281
3221,10073,15264
3206,10083.5,15256
3207,10009,15249
3229,10051,15243
3217,10120,15230
3218,10087,15217
3215,10003,15213
3225,10000,15205
3239,9998,15182
3219,10045.5,15178
3227,10079,15151
3232,9977,15144
3249,9998,15138
3237,10092,15128
3233,10085,15123
3241,10054,15118
3250,10174.5,15116
3235,10030,15095
3231,10020,15087
3240,10034,15077
3228,10108,15077
3238,10066,15062
3223,9907,15060
3242,10208,14990
3254,10043,14967
3272,10196,14943
3236,10148,14939
3246,10130,14909
3261,10074.5,14902
3243,10155,14879
3247,10075.5,14876
3253,10143,14875
3268,10192,14866
3245,10155,14855
3264,10086,14855
3266,10287,14855
3244,10092,14838
3257,10163,14829
3248,10204,14804
3260,10160,14801
3252,10105,14789
3256,10190,14781
3255,10158,14773
3273,10237,14766
3276,10287,14720
3267,10085,14716
3251,10080,14703
3275,10234,14663
3274,10135,14663
3259,10137.5,14652
3282,10199,14651
3280,10309,14650
3262,10126,14643
3270,10184,14633
3271,10212,14611
3258,10118,14602
3287,10302,14597
3289,10193,14593
3278,10169,14588
3269,10168,14567
3284,10251,14557
3286,10279,14536
3265,10144,14529
3288,10157.5,14524
3299,10122,14523
3305,10076,14512
3290,10148,14509
3283,10174,14480
3285,10208,14473
3277,10224,14465
3293,10157,14461
3279,10157,14447
3298,10271,14443
3281,10024,14429
3291,10261.5,14418
3300,10275,14407
3263,10025.5,14368
3306,10307,14347
3294,10178,14344
3304,10153,14333
3296,10280,14328
3307,10186,14317
3292,10236.5,14292
3297,10240.5,14284
3327,10341,14259
3295,10308,14249
3308,10162,14245
3310,10206,14243
3302,10236.5,14230
3318,10141,14225
3311,10213,14185
3321,10249,14184
3315,10149,14179
3312,10242,14161
3309,10309,14154
3334,10213,14136
3324,10221,14132
3303,10235,14131
3323,10145,14129
3320,10153,14125
3338,10247,14117
3316,10239,14117
3335,10280,14091
3301,10312,14087
3317,10257,14080
3313,10172,14079
3329,10245,14053
3331,10158,14040
3322,10111,14028
3319,10293,13989
3337,10286.5,13966
3342,10375,13945
3326,10288,13934
3328,10374.5,13922
3350,10358,13921
3325,10218,13907
3330,10256,13895
3314,10235,13894
3369,10412.5,13882
3343,10284,13881
3355,10422,13881
3340,10309,13881
3347,10345,13878
3336,10247.5,13872
3333,10180.5,13864
3344,10279,13863
3341,10304,13861
3348,10273,13825
3354,10307,13824
3352,10198,13803
3384,10239.5,13774
3353,10247,13769
3351,10275,13757
3356,10255,13745
3345,10201,13739
3332,10351,13732
3358,10310,13725
3363,10348.5,13702
3376,10257,13697
3368,10325,13694
3357,10190,13685
3339,10201,13675
3364,10349,13671
3367,10393.5,13666
3374,10326.5,13662
3349,10402,13649
3378,10319,13638
3373,10318.5,13638
3391,10426,13633
3346,10357,13627
3366,10258,13621
3360,10249.5,13614
3386,10246,13611
3380,10381,13607
3401,10302,13595
3361,10243,13584
3387,10333,13581
3375,10237.5,13572
3362,10322,13551
3377,10357,13535
3370,10425,13534
3383,10359,13514
3379,10349,13487
3388,10364,13487
3372,10214,13485
3359,10406.5,13474
3406,10384,13451
3400,10463,13433
3392,10404.5,13428
3365,10396,13417
3371,10279,13417
3394,10374,13415
3381,10381,13371
3407,10343,13367
3414,10375.5,13352
3399,10262.5,13348
3404,10360,13330
3408,10270,13327
3390,10265.5,13312
3398,10293.5,13312
3382,10374.5,13304
3389,10215,13294
3385,10450,13293
3395,10198,13263
3396,10428,13244
3397,10292,13239
3413,10371,13237
3410,10347,13233
3393,10278.5,13218
3402,10346.5,13210
3412,10540,13198
3403,10327.5,13176
3415,10516,13151
3409,10392.5,13150
3418,10461.5,13140
3419,10375,13133
3416,10385,13122
3426,10407,13105
3423,10333,13104
3405,10294.5,13090
3411,10400,13084
3430,10515,13070
3429,10410,13037
3420,10399,13030
3417,10420.5,13020
3422,10338,13006
3448,10337.5,13002
3428,10517,12990
3446,10449.5,12970
3432,10410,12970
3443,10376,12964
3434,10486,12956
3438,10477,12941
3427,10423,12933
3442,10505.5,12920
3440,10566,12915
3450,10516,12907
3421,10404.5,12906
3425,10428,12891
3457,10445,12887
3439,10378,12873
3452,10444,12864
3424,10394,12813
3433,10401,12811
3451,10370,12807
3435,10572,12796
3444,10493.5,12794
3431,10488,12791
3441,10481,12771
3437,10478,12765
3449,10301.5,12750
3470,10490,12747
3436,10392,12734
3473,10584,12730
3462,10400.5,12708
3454,10439,12705
3458,10348,12694
3456,10472,12673
3468,10624.5,12646
3467,10428,12645
3447,10330.5,12644
3464,10455,12641
3445,10455,12639
3453,10307.5,12634
3475,10458,12613
3500,10564.5,12612
3466,10501.5,12604
3455,10551,12582
3476,10416,12567
3460,10461.5,12534
3471,10568,12521
3481,10638,12508
3472,10438,12500
3483,10502,12499
3480,10402,12493
3461,10603,12475
3465,10572,12470
3478,10601,12453
3497,10395,12449
3469,10573,12447
3463,10460,12445
3486,10545,12437
3489,10600,12391
3477,10463,12380
3484,10522,12375
3509,10615,12373
3493,10547.5,12370
3474,10550.5,12350
3485,10536,12341
3496,10701.5,12336
3487,10582,12329
3479,10464,12319
3499,10437.5,12314
3492,10441,12310
3503,10579,12305
3495,10524.5,12232
3488,10521,12225
3498,10553,12213
3490,10423.5,12200
3494,10542,12185
3491,10473,12166
3504,10610,12165
3512,10580,12145
3510,10657,12121
3482,10410.5,12112
3524,10613,12108
3505,10578,12105
3519,10540.5,12102
3501,10590.5,12100
3515,10545,12093
3506,10533,12086
3502,10521,12075
3514,10598,12065
3521,10728,12039
3508,10551,12037
3513,10683,12033
3520,10531.5,12032
3517,10551.5,12022
3511,10591,12011
3525,10724.5,11996
3516,10647,11985
3526,10523,11960
3530,10738,11957
3518,10546.5,11952
3522,10623,11919
3507,10470,11900
3529,10529.5,11892
3532,10706,11891
3544,10701,11887
3523,10643,11879
3538,10549,11867
3531,10699,11857
3534,10691,11852
3550,10633,11849
3528,10694.5,11846
3533,10660,11838
3541,10641,11832
3527,10624,11815
3535,10616,11797
3546,10604,11784
3539,10519,11769
3536,10491,11753
3542,10612,11741
3548,10630,11729
3543,10519,11721
3540,10713,11712
3608,10493,11707
3547,10649,11705
3553,10645,11699
3565,10638,11686
3561,10654.5,11672
3549,10529,11663
3545,10647,11662
3559,10631.5,11660
3554,10559.5,11640
3537,10638,11637
3551,10541,11636
3558,10669,11632
3564,10761,11629
3552,10693,11625
3562,10679,11604
3563,10764,11581
3577,10693.5,11570
3594,10804,11559
3557,10703,11548
3575,10706.5,11520
3567,10713.5,11502
3574,10740,11498
3583,10644,11495
3576,10742,11484
3560,10647,11447
3581,10552,11443
3568,10667,11429
3589,10878,11424
3556,10674.5,11418
3571,10604,11412
3566,10671.5,11404
3572,10745,11396
3569,10656,11370
3570,10505,11366
3580,10714.5,11366
3582,10807,11365
3555,10660.5,11364
3573,10705.5,11350
3588,10828,11346
3584,10784,11337
3586,10748.5,11332
3579,10706,11329
3578,10812,11301
3587,10749,11296
3599,10632.5,11290
3598,10666,11276
3591,10665,11275
3601,10748,11263
3604,10688,11257
3593,10680,11252
3618,10773,11218
3596,10813,11209
3595,10835.5,11202
3597,10758,11183
3617,10855,11181
3585,10747.5,11180
3611,10894,11175
3605,10825,11169
3616,10701,11168
3613,10800,11141
3609,10744.5,11120
3590,10732,11117
3610,10794.5,11114
3602,10870,11113
3619,10775,11103
3626,10908,11101
3629,10680.5,11096
3630,10837,11095
3607,10843,11095
3631,10811,11074
3603,10723,11071
3634,10870,11061
3592,10742,11059
3606,10829,11043
3628,10832,11040
3625,10861.5,11040
3623,10918,11028
3600,10699,11023
3614,10743,11017
3622,10748.5,11014
3649,10936,11009
3633,10783.5,10976
3638,10935,10974
3620,10759,10973
3650,10992.5,10972
3615,10898.5,10964
3635,10754,10958
3621,10792,10935
3632,10827,10933
3639,10819,10927
3643,10854,10908
3627,10803,10905
3640,10867.5,10900
3624,10786.5,10892
3612,10789,10862
3654,10776,10862
3637,10891.5,10840
3659,10823,10819
3645,10828,10775
3655,10858,10772
3642,10960,10767
3656,10872,10766
3665,10788,10759
3646,10807,10753
3668,10885,10750
3648,10911,10741
3666,10848,10733
3636,10873,10732
3672,11018,10727
3641,10837,10725
3647,10769,10719
3644,10832,10715
3669,10993.5,10712
3652,10992,10708
3664,10934,10706
3651,10886,10689
3657,10925,10683
3676,10901.5,10680
3671,10888,10678
3661,10890,10673
3663,10925,10652
3685,10934,10648
3660,10829,10639
3658,10868.5,10632
3662,10904,10631
3653,10968,10608
3690,10966,10603
3675,10977,10595
3700,11051,10587
3677,10922,10565
3680,11034.5,10564
3667,10977,10561
3686,10844,10547
3670,11006,10529
3682,10797,10527
3674,11019.5,10526
3688,10931.5,10516
3683,10982,10513
3706,11119,10505
3702,10926,10503
3692,11074,10487
3703,10984,10484
3673,10841.5,10462
3714,11021.5,10450
3687,10933,10430
3691,10924,10425
3697,10959,10421
3679,11000,10413
3696,11041,10409
3694,11039,10393
3689,10899,10389
3708,10949.5,10388
3681,10807.5,10372
3684,10970.5,10360
3695,10988.5,10358
3712,10991.5,10350
3701,10882,10343
3711,10946,10341
3709,11038,10338
3707,10999,10327
3693,10976,10326
3729,11028,10313
3715,11029,10313
3717,11039,10302
3705,10871.5,10298
3678,10958.5,10294
3698,11007,10285
3713,10942,10251
3728,11162,10231
3724,10945,10231
3699,11079,10221
3720,11066,10216
3723,10904,10211
3730,10976,10207
3744,10990.5,10206
3719,11040,10187
3722,11041,10182
3732,10990,10181
3740,11012,10176
3718,11151,10159
3754,11015,10151
3716,10977,10149
3725,11143,10147
3749,11101,10145
3727,11053,10143
3726,11014,10137
3737,10964.5,10132
3704,10949.5,10118
3710,10942,10114
3735,11134.5,10112
3736,10973.5,10100
3747,11187,10100
3741,10949.5,10074
3721,11083,10052
3756,10961,10037
3750,11147.5,10036
3746,11082,10028
3731,11051.5,10018
3742,11137,10015
3752,11057.5,10008
3760,11155,10006
3745,11209,9999
3743,11074.5,9980
3762,11175.5,9974
3734,11055,9971
3765,11073.5,9968
3733,11065,9964
3738,11029.5,9958
3748,11107,9939
3776,11100,9932
3770,11023,9923
3755,11104.5,9922
3751,11259,9917
3767,11160,9907
3771,11174.5,9906
3778,11021,9904
3753,11017.5,9902
3782,11075,9883
3761,11151.5,9868
3763,11032,9866
3768,11238,9852
3774,11118,9843
3783,11091.5,9822
3775,11101,9817
3779,11164,9804
3784,11091,9791
3814,11299.5,9770
3757,11152,9760
3773,11048.5,9760
3766,11062.5,9746
3777,11188,9746
3769,11079.5,9744
3764,11196.5,9740
3759,11021.5,9738
3794,11172,9732
3799,11232,9731
3808,11150.5,9712
3816,11280.5,9712
3796,11221,9705
3789,11157,9701
3800,11203,9691
3758,11231.5,9688
3786,11184,9685
3780,11258,9674
3790,11079.5,9666
3739,10967.5,9664
3797,11279,9649
3798,11175,9648
3781,11169,9647
3804,10965.5,9644
3802,11168.5,9642
3810,11249,9639
3795,11255.5,9614
3817,11189.5,9600
3827,11242,9597
3772,11026,9597
3785,11161,9593
3803,11289.5,9582
3791,11217,9573
3792,11239,9571
3818,11255,9571
3839,11242,9562
3809,11177,9542
3788,11113,9529
3813,11113,9526
3787,11192.5,9510
3793,11079,9502
3830,11426.5,9484
3820,11189,9480
3837,11300,9479
3860,11255,9473
3807,11285,9469
3801,11046,9469
3821,11154,9467
3805,11039,9458
3828,11248,9451
3812,11135,9431
3840,11057,9429
3811,11160,9422
3843,11280,9403
3832,11253,9395
3825,11340,9360
3833,11408,9358
3819,11313.5,9356
3823,11261,9347
3838,11248,9345
3854,11225,9343
3826,11110,9342
3831,11182,9335
3853,11378,9331
3841,11294.5,9330
3824,11134.5,9310
3806,11082.5,9306
3842,11291,9305
3848,11295,9291
3829,11254.5,9288
3857,11292,9283
3822,11273.5,9280
3866,11301,9274
3845,11285.5,9260
3834,11291,9259
3856,11095.5,9252
3815,11149,9240
3836,11278,9238
3835,11183,9233
3847,11288.5,9220
3867,11325,9219
3861,11448,9215
3852,11278.5,9212
3862,11310.5,9200
3864,11330,9189
3846,11298.5,9172
3869,11357,9166
3850,11334,9149
3851,11326,9147
3849,11330,9145
3858,11461,9141
3870,11423,9140
3893,11202,9126
3855,11333,9115
3863,11249.5,9096
3873,11414,9083
3859,11212,9081
3865,11256,9075
3878,11248.5,9066
3875,11244.5,9062
3868,11266,9046
3886,11230.5,9038
3871,11307,9024
3872,11252,9011
3890,11479.5,9010
3844,11519,9007
3877,11384,8981
3876,11271.5,8978
3879,11359,8975
3880,11326,8974
3888,11319.5,8972
3882,11209,8959
3900,11488,8953
3903,11300,8953
3892,11338,8949
3884,11322.5,8930
3874,11265,8928
3881,11323,8919
3902,11377,8917
3912,11599,8914
3911,11333,8909
3898,11387,8904
3906,11507,8901
3915,11329.5,8898
3896,11242,8898
3909,11474.5,8898
3885,11330,8892
3897,11505,8885
3887,11352,8870
3905,11460,8859
3894,11241.5,8846
3924,11423.5,8836
3883,11453.5,8834
3891,11301,8811
3904,11401,8807
3889,11333,8807
3916,11396.5,8802
3926,11467.5,8800
3901,11397,8794
3910,11420,8793
3930,11494,8783
3920,11327,8780
3908,11369.5,8778
3918,11283,8777
3917,11335,8777
3925,11428.5,8776
3936,11274,8776
3922,11588.5,8756
3919,11340,8749
3961,11490.5,8742
3931,11485,8741
3929,11494.5,8726
3899,11580,8721
3895,11358,8718
3928,11283,8707
3937,11516,8706
3935,11385,8704
3934,11643,8700
3913,11522,8675
3955,11302,8671
3921,11242,8671
3932,11434,8664
3941,11503.5,8646
3945,11466,8645
3940,11404.5,8642
3943,11489.5,8640
3948,11527,8633
3946,11571,8633
3914,11397,8625
3952,11404.5,8616
3938,11505,8609
3927,11265,8606
3939,11272,8604
3953,11400,8599
3923,11529.5,8576
3960,11429,8574
3907,11339.5,8574
3951,11398,8552
3971,11547,8537
3979,11578.5,8536
3942,11590,8531
3954,11426,8527
3966,11346,8521
3973,11497.5,8510
3967,11625,8509
3947,11569,8504
3957,11469,8501
3944,11468,8500
3933,11488,8496
3963,11545,8469
3949,11370,8468
3994,11580,8465
3959,11342,8461
3962,11477.5,8460
3986,11632,8459
3974,11432,8456
3964,11445,8452
3978,11574.5,8436
3976,11490,8429
3980,11635,8428
3972,11642,8427
3970,11650,8426
3977,11642,8421
3965,11500,8421
3968,11538.5,8414
3950,11554.5,8412
3985,11529,8398
3958,11468,8393
3956,11451,8390
3982,11768,8369
3969,11555,8362
3997,11616,8359
3975,11556,8342
3981,11577,8337
3998,11644,8324
4016,11684.5,8322
3983,11705,8303
3991,11547.5,8302
4022,11599,8299
4014,11577,8297
3989,11558,8296
3993,11533.5,8294
3988,11565,8284
4001,11483,8269
3984,11634.5,8258
4038,11572,8252
4019,11482,8245
4012,11820,8241
4004,11674,8239
4030,11643,8227
4010,11595,8220
4036,11633,8215
4011,11713,8215
4000,11675,8215
3999,11525.5,8210
4006,11636.5,8208
3987,11691,8198
3992,11639.5,8196
4003,11581,8191
4018,11526.5,8184
4005,11643,8173
3995,11355,8142
4017,11652,8138
4013,11558,8130
3996,11677,8119
4047,11873.5,8114
4050,11631,8111
4007,11608,8101
4024,11700,8095
4015,11631,8093
3990,11799,8092
4008,11582,8075
4032,11632.5,8074
4021,11650,8071
4029,11681,8069
4054,11808,8068
4026,11737,8058
4035,11702,8055
4031,11686,8051
4002,11696,8043
4061,11655,8041
4048,11830.5,8026
4034,11680,8023
4027,11471,8019
4066,11748,8017
4033,11558,8017
4009,11508,8016
4045,11835,8015
4041,11702,8009
4025,11701,7996
4023,11623,7990
4042,11661,7985
4046,11762,7971
4051,11756.5,7968
4055,11720.5,7968
4039,11737,7967
4020,11769,7965
4057,11766.5,7962
4052,11738,7961
4058,11709,7948
4044,11682,7947
4064,11543,7935
4037,11694,7919
4028,11722,7919
4068,11733,7906
4059,11658,7890
4056,11678,7884
4078,11593,7881
4043,11872,7877
4049,11587,7873
4065,11681,7869
4063,11714,7863
4067,11754,7862
4077,11810,7851
4060,11864.5,7850
4053,11674,7842
4073,11738,7829
4107,11752.5,7826
4086,11591,7823
4083,11753.5,7816
4084,11583,7809
4069,11684.5,7806
4074,11613.5,7802
4092,11773,7800
4090,11751,7794
4108,11710,7785
4062,11736,7780
4087,11680,7767
4081,11921.5,7766
4040,11668,7763
4093,11655,7762
4085,11609,7757
4097,11795,7753
4079,11547,7737
4099,11681,7733
4089,11692,7728
4071,11804,7725
4098,11965,7723
4072,11812,7723
4088,11650,7717
4070,11788,7715
4106,11737,7712
4096,12002,7711
4091,11781,7703
4075,11616.5,7702
4111,11839,7696
4124,11880,7686
4127,11824,7675
4105,11756,7673
4102,11922,7663
4100,11990,7663
4076,11854,7663
4121,11776,7657
4133,11819,7650
4119,11792,7649
4116,11776.5,7646
4101,11869,7640
4129,11859,7639
4118,11782,7636
4113,11819,7629
4123,11822,7618
4082,11590,7618
4095,11858,7618
4103,11935,7611
4130,11871,7608
4128,11803,7597
4080,11485.5,7588
4131,11914,7587
4094,11760.5,7584
4122,11826,7582
4115,11795.5,7574
4104,11895,7564
4125,11804,7561
4114,11772,7561
4136,11897.5,7554
4152,11915,7546
4148,11916.5,7532
4155,11845,7531
4117,11888,7527
4134,11935,7519
4112,12073,7517
4144,11743,7517
4169,11945,7516
4132,11831,7515
4138,11893.5,7494
4170,11837,7491
4142,11849,7491
4109,11821.5,7488
4146,11802,7481
4145,11728,7481
4166,11913.5,7476
4150,11788,7464
4135,11827,7463
4126,11789,7459
4110,11843,7453
4120,11857.5,7452
4165,11803,7445
4180,11912,7445
4162,12004,7443
4147,11914.5,7442
4143,11797,7427
4178,12044,7400
4161,12037,7393
4151,11984,7389
4156,11959.5,7386
4158,11752.5,7380
4149,11749,7373
4164,11993,7369
4163,11885,7364
4188,12051,7362
4139,11759,7360
4172,11987,7354
4137,11798.5,7354
4174,11930,7350
4182,12056.5,7338
4159,11847,7335
4186,11919,7335
4140,11816,7327
4141,11860,7325
4154,11948,7317
4199,11965,7309
4190,11828,7301
4176,11933.5,7298
4183,11807,7298
4171,11939.5,7296
4196,11966,7277
4157,11892,7275
4187,11858,7269
4168,11827,7269
4173,11799,7265
4177,11927,7263
4195,11921,7261
4185,11916,7260
4160,11721,7251
4175,12014,7245
4153,11776,7239
4167,12204,7223
4214,12052.5,7218
4208,12106,7211
4202,12087,7207
4223,11939,7197
4194,11874,7195
4181,12004,7193
4221,12046,7191
4217,12007,7189
4235,12216,7187
4201,12045,7183
4191,11919,7180
6497,10101,7178
4204,11864,7177
4219,12083,7176
4200,11817.5,7166
4189,11850,7156
4203,12129,7151
4205,11964,7146
4227,12123.5,7142
4228,11886,7138
4211,11987.5,7138
4193,11969,7136
4218,12078,7135
4198,12068,7131
4192,12078,7127
4184,11838,7123
4222,11694,7110
4210,11894,7097
4237,12032.5,7090
4212,11927,7089
4229,12003,7087
4231,11991.5,7080
4247,11996,7077
4207,12055,7076
4220,12090,7076
4216,11935,7071
4233,12126,7061
4255,12115,7053
4215,11853,7045
4197,11946,7043
4239,12103,7043
4230,11992.5,7036
4179,12024.5,7036
4206,11870,7029
4244,12159,7022
4209,11927,7022
4213,11859,7002
4232,12255,6991
4225,11916,6986
4260,12299.5,6982
4241,12215,6981
4226,12037.5,6980
4277,12080,6975
4224,11831,6965
4254,12220,6955
4248,11937.5,6948
4250,12024,6943
4238,11980,6941
4263,12444,6935
4246,12022,6934
4243,11973,6928
4234,12026.5,6928
4265,12241.5,6922
4242,12112,6919
4245,12095,6917
4258,12027,6911
4257,12092,6896
4287,12074,6895
4278,12020,6894
4251,11900,6892
4261,12197,6883
4273,12126.5,6878
4280,12131,6876
4249,12116,6875
4236,12161,6872
4240,12023,6864
4279,12154,6864
4284,12028,6860
4270,12037,6855
4294,12431.5,6854
4259,11978,6852
4266,11980,6841
4281,12082,6836
4290,12070.5,6836
4300,12354,6836
4252,11859,6834
4253,12210,6833
4291,12084.5,6826
4304,12214,6825
4264,12207.5,6822
4262,12269,6819
4256,11956,6812
4276,12092.5,6810
4269,12193.5,6800
4272,12112,6792
4292,12118,6785
4275,12073.5,6774
4285,12187.5,6774
4268,12189,6772
4295,12310,6767
4296,12065.5,6760
4286,12128,6760
4271,12264,6748
4283,12178,6728
4322,12322,6726
4328,12108,6719
4267,12122.5,6716
4301,12288,6711
4309,11914,6711
4299,12147,6711
4324,12210.5,6704
4274,12174,6701
4310,12143.5,6700
4298,12295,6689
4312,12140,6689
4293,11890,6687
4320,12197,6686
4303,12172,6685
4317,12212.5,6684
4321,12255,6680
4282,12144,6677
4289,12137,6676
4333,12258,6666
4288,12238,6655
4308,12035,6651
4306,12053,6639
4307,11979.5,6630
4297,12013.5,6630
4330,12111,6620
4334,12134,6617
4314,11990,6614
4331,12219.5,6612
4305,12175,6609
4319,12132.5,6600
4355,12152.5,6588
4313,12183,6587
4329,12098,6585
4323,12136,6581
4318,12221,6579
4311,11915,6566
4343,12382.5,6564
4336,12323,6554
4335,12341,6545
4326,12127,6545
4366,12323,6535
4352,12323,6535
4338,12415,6535
4337,12203,6532
4347,12129,6528
4315,12250,6526
4302,12202,6523
4357,12233.5,6522
4361,12500,6517
4325,12343.5,6516
4332,12217,6513
4346,12231,6511
4374,12293.5,6508
4364,12368.5,6498
4351,12334,6495
4344,12327,6485
4356,12315,6481
4353,12408,6481
4341,12354,6479
4339,12364.5,6478
4342,12304.5,6478
4376,12281,6475
4349,12240,6466
4384,12348,6464
4316,12143.5,6464
4327,12355,6462
4389,12212,6453
4362,12199,6437
4340,12416,6435
4360,12171,6431
4382,12433.5,6430
4345,11944,6427
4365,12399,6427
4380,12414,6421
4375,12237.5,6414
4354,12228,6404
4388,12120,6404
4359,12310,6400
4407,12270,6398
4386,12369,6395
4368,12516,6395
4358,12146,6391
4372,12369,6389
4350,12361,6387
4385,12280,6385
4370,12221,6381
4348,12235,6373
4371,12214,6360
4378,12379.5,6360
4383,12373,6359
4423,12306,6355
4373,12178,6350
4394,12528,6339
4369,12156,6335
4414,12633,6333
4393,12356,6319
4390,12265.5,6314
4363,12374,6313
4387,12548,6307
4377,12143.5,6306
4392,12471,6306
4397,12332,6302
4399,12407,6299
4381,12648,6298
4367,12378,6289
4406,12414,6283
4395,12462,6283
4400,12576.5,6274
4403,12400,6273
4401,12227.5,6268
4402,12372,6267
4420,12364,6267
4422,12340,6265
4398,12291,6263
4439,12409,6256
4413,12350,6249
4410,12361,6248
4404,12470,6242
4391,12486.5,6238
4379,12248,6226
4429,12584,6223
4433,12580,6216
4396,12328,6214
4448,12527,6213
4425,12606.5,6208
4409,12314,6201
4426,12580,6191
4412,12455,6188
4408,12543,6185
4415,12516,6182
4470,12518,6179
4434,12519,6177
4416,12347,6150
4424,12396,6149
4405,12252.5,6148
4456,12348.5,6144
4443,12598,6143
4428,12508,6129
4450,12502,6124
4430,12483.5,6124
4418,12478.5,6122
4421,12381,6121
4435,12337,6120
4411,12279,6112
4451,12522,6111
4484,12415,6104
4440,12528,6104
4417,12261,6095
4427,12212,6094
4419,12348,6094
4445,12674,6090
4436,12256.5,6090
4454,12408,6090
4441,12576,6088
4431,12508.5,6086
4455,12429,6079
4446,12486.5,6072
4438,12664.5,6066
4432,12438,6062
4481,12490,6059
4449,12480,6053
4463,12535,6049
4453,12460.5,6042
4480,12757,6033
4462,12610.5,6032
4479,12432,6025
4478,12639,6023
4437,12489,6023
4471,12455,6017
4460,12654.5,6012
4492,12582.5,6004
4474,12540,6002
4468,12403,6001
4452,12479,6001
4466,12569,5999
4461,12722,5989
4472,12352,5986
4467,12534.5,5986
4469,12464,5985
4442,12388.5,5980
4494,12613,5977
4459,12411,5974
4444,12419,5967
4475,12639,5966
4447,12481,5962
4458,12476,5961
4506,12588,5955
4493,12397,5953
6348,9344,5953
4486,12504,5944
4509,12484,5943
4482,12559,5942
4489,12760,5939
4507,12668.5,5938
4477,12388,5937
4473,12650,5932
4476,12693,5927
4491,12541,5923
4464,12637,5911
4487,12673.5,5910
4490,12598,5910
4499,12599,5903
4508,12505,5900
4504,12491,5889
4457,12651,5889
4488,12643,5886
4501,12683,5882
4465,12602.5,5880
4483,12330,5871
4534,12721.5,5862
4498,12690,5862
4500,12508,5859
4503,12623.5,5856
4505,12694.5,5854
4511,12475,5850
4525,12690,5836
4521,12536.5,5832
4497,12623,5831
4530,12710.5,5828
4512,12460,5828
4485,12627.5,5826
4496,12626.5,5824
4518,12637,5822
4516,12950,5817
4520,12698,5813
4517,12623,5810
4514,12588,5810
4519,12724,5809
4570,12672.5,5798
4550,12974,5797
4502,12696,5790
4538,12716,5788
4541,12672,5784
4554,12899,5784
4526,12490,5784
4510,12427,5781
4522,12705,5778
4543,12913.5,5776
4513,12418.5,5768
4528,12672,5766
4546,12748,5761
4542,12621,5757
4536,12618.5,5752
4549,12580,5741
4524,12556,5733
4539,12638,5723
4547,12851,5721
4540,12669,5719
4531,12574,5715
4533,12666,5709
4537,12678,5705
4495,12526,5702
4557,12719,5699
4527,12498,5698
4553,12816,5691
4555,12715,5690
4544,12663,5677
4563,12600,5667
4529,12827.5,5660
4523,12755,5655
4535,12706,5645
4545,12573,5633
4551,12478.5,5632
4594,12704,5629
4577,12801,5622
4564,12566.5,5620
4515,12606,5619
4600,13049.5,5612
4560,12672,5604
4569,12957,5602
4556,12510,5595
4601,12854,5582
4561,12872,5582
4572,12599,5581
4579,12693.5,5578
4587,12501,5578
4562,12711,5577
4532,12600,5577
4573,12903,5577
4583,12819.5,5572
4552,12663,5571
4580,12726,5569
4559,12507,5567
4567,12708,5567
4565,12680.5,5560
4576,12828,5559
4595,12714,5556
4615,12877,5551
4571,12791.5,5548
4574,12616,5548
4548,12571,5540
4558,12895.5,5540
4608,12896.5,5540
4578,12857.5,5524
4626,12782,5523
4606,12616,5523
4590,12959,5519
4637,12984,5519
4592,12804,5519
4596,12820.5,5518
4620,12937,5516
4581,12726,5516
4575,12664.5,5512
4609,13010.5,5508
4568,12854.5,5506
4566,12721,5505
4584,12831,5500
4641,12951,5491
4585,12783.5,5490
4597,12904,5480
4591,12536,5474
4598,12883,5471
4586,12910,5467
4614,12784,5467
4589,12751,5460
4593,12931,5459
4610,12938.5,5458
4632,12796,5456
4604,12761,5452
4599,12991,5451
4588,12897.5,5448
4617,13083,5444
4636,12724,5432
4644,12990,5431
4607,12730,5427
4623,13022.5,5424
4582,12890,5423
4627,12946,5421
4611,12787,5418
4603,12846.5,5412
4631,12904.5,5412
4640,13175,5410
4647,13045.5,5408
4619,12963.5,5406
4605,12976.5,5394
4652,13014,5389
4612,12970,5381
4630,12830.5,5380
4625,12933,5376
4660,13049,5375
4639,12905.5,5370
4662,12934.5,5370
4602,12609,5364
4622,12779,5362
4613,12839,5361
4618,12667,5357
4642,12740,5344
4648,12935,5343
4624,12909,5335
4634,12702.5,5332
4629,12725.5,5330
4643,12900,5330
4616,12662,5328
4670,12987,5326
4657,13139,5323
4628,12934,5323
4661,13012.5,5322
4635,12689.5,5320
4674,12884,5316
4708,12916,5310
4621,12768,5306
4676,12721,5302
4672,13000,5301
4651,12906,5300
4649,13196,5299
4646,13151,5298
4658,12751.5,5296
4654,13003,5293
4681,13095,5291
4633,12812,5290
4671,13006,5290
4656,12816,5287
4653,12994,5275
4691,13044.5,5274
4645,12981,5271
4693,13102,5269
4678,13133,5265
4686,13061,5257
4638,12917.5,5254
4713,13131,5251
4680,12976.5,5250
4707,13102.5,5244
4667,12931,5243
4668,12989.5,5238
4682,12951,5238
4664,12949,5235
4669,12817,5234
4696,12806.5,5230
4692,13110,5228
4698,13110,5225
4659,12948,5216
4695,13024.5,5216
4665,12799,5212
4666,13025,5205
4655,12976,5205
4690,12822.5,5204
4650,12912,5204
4702,13145,5199
4677,13145,5193
4675,12735.5,5192
4709,12877.5,5190
4703,13166,5186
4673,12930,5185
4688,12970.5,5180
4683,13002,5175
4710,13325,5157
4685,12986.5,5156
4711,13042,5149
4700,13166,5145
4716,13086,5141
4763,12875,5139
4679,12708,5137
4718,13311,5137
4663,13055.5,5136
4694,13032,5129
4697,13026,5127
4714,13067,5113
4721,13112,5111
4706,12998,5110
4719,13076,5110
4726,13354,5107
4687,13107.5,5104
4722,13138,5095
4699,12914,5090
4741,13062,5086
4701,12941,5085
4732,13125,5081
4705,13020,5081
4720,13022,5081
4717,12923,5075
4689,13070.5,5074
4759,13167,5071
4704,13086,5071
4727,13044,5069
4744,13319,5067
4746,13059.5,5064
4754,12733.5,5060
4715,13217,5059
4684,12841,5058
4750,13050.5,5048
4724,13173,5038
4747,13095,5030
4762,13064,5030
4725,12780,5028
4766,13158.5,5028
4768,13213.5,5026
4773,13115,5025
4740,13420,5021
4772,12939.5,5020
4738,12915,5016
4779,13263,5014
4730,12913,5013
4749,13122,5011
4736,13011,5009
4712,13241,4997
4733,13271,4989
4776,12884,4988
4778,13084,4987
4794,13014.5,4984
4748,12927.5,4982
4734,13313,4980
4793,13316,4979
4731,13330,4975
4735,12886.5,4968
4784,13213,4967
4728,12854,4965
4729,13062,4964
4765,13271.5,4964
4755,12986.5,4962
4770,13095.5,4962
4764,13227.5,4960
4786,13080,4958
4739,12992,4955
4743,13248,4953
4775,12999,4952
4737,13113,4944
4788,13290,4939
4723,13215.5,4934
4780,13207,4934
4745,13122,4931
4791,12974,4929
4756,13170.5,4924
4761,13397.5,4910
4789,13240,4909
4804,13272,4901
4792,13136.5,4900
4758,13090,4899
4767,13143,4895
4752,13285.5,4892
4760,13157.5,4876
4781,12957,4872
4783,13117,4871
4753,13054,4870
4742,12914,4869
4809,13459,4865
4771,13295.5,4864
4782,13430,4859
4751,13114,4858
4796,13175,4858
4812,13257,4857
4797,13262.5,4844
4790,13428,4843
4795,13344.5,4838
4813,13604,4837
4801,13148,4835
4820,13029,4834
4815,13352.5,4832
4757,13230,4831
4818,13510,4828
4785,13395,4825
4774,13022,4822
4769,13100,4818
4811,13220.5,4816
4826,13200,4811
4808,13315,4808
4836,13372,4807
4814,13133,4801
4777,13000,4799
4851,13440,4798
4806,13098,4794
4800,13033,4791
4798,13276.5,4790
4859,13196.5,4786
4846,13254.5,4786
4802,13154,4784
4803,13333,4779
4854,13257,4774
4817,13243.5,4766
4822,13372,4763
4829,13490,4760
4787,13369.5,4758
4864,13472,4757
4844,13183,4755
4833,13522,4755
4837,13219,4752
4821,13191.5,4752
4828,13180.5,4748
4823,13412.5,4748
4805,13266.5,4746
4810,13292,4737
4852,13162,4735
4831,13303,4729
4832,13199,4727
4835,13274,4726
4830,13382,4726
4839,13224.5,4726
4799,13456,4724
4816,12963.5,4718
4860,13462,4716
4865,13344.5,4712
4847,13626.5,4710
4807,13056.5,4706
4878,13519.5,4706
4840,13572,4700
4843,13239,4697
4866,13392,4696
4868,13434,4694
4819,13314,4693
4869,13320,4689
4879,13675,4685
4825,13430,4681
4893,13414,4678
4824,13168.5,4672
4872,13253,4671
4853,13373,4670
4849,13269,4669
4845,13213,4663
4870,13461,4663
4834,13158,4657
4898,13495,4655
4827,13059,4651
4899,13553,4648
4848,13098,4646
4883,13637.5,4640
4841,13447,4639
4877,13381.5,4638
4862,13608.5,4634
4888,13386,4629
4858,13267,4627
4861,13390,4624
4882,13451.5,4624
4892,13649.5,4622
4886,13679.5,4614
4890,13601,4614
4871,13437.5,4614
4867,13272,4611
4911,13597,4609
4896,13462.5,4608
4933,13557,4606
4910,13282,4601
4906,13395,4599
4895,13416,4598
4934,13717,4597
4902,13493,4597
4901,13402.5,4596
4885,13350.5,4592
4838,13248.5,4586
4897,13391,4575
4929,13245,4575
4918,13529,4570
4881,13239.5,4570
4855,13235,4568
4856,13380,4566
4941,13401,4566
4874,13542,4559
4842,13383.5,4558
4914,13678,4557
4948,13503,4557
4875,13565.5,4554
4908,13315,4554
4850,13318,4554
4880,13441,4551
4904,13517,4549
4907,13485,4545
4920,13651.5,4542
4932,13607,4539
4863,13443,4537
4900,13398,4527
4916,13769,4525
4857,13282,4517
4950,13367.5,4516
4944,13803.5,4512
4903,13347,4509
4889,13196,4507
4887,13331,4504
4922,13222,4503
4946,13674,4499
4905,13340,4495
4891,13588.5,4492
5000,13653,4492
4913,13589,4491
4926,13448,4491
4938,13970,4487
4894,13376,4485
4936,13494.5,4480
4966,13372.5,4476
4940,13319.5,4474
4912,13498,4473
4884,13261,4468
4917,13492,4462
4921,13501,4459
4937,13481,4459
4924,13620,4456
4873,13499.5,4454
4930,13538,4450
4943,13445,4449
4949,13593,4449
4953,13591,4449
4965,13491,4445
4923,13441,4444
4915,13678.5,4440
4956,13678.5,4434
4947,13763,4432
4927,13688.5,4430
4942,13758.5,4430
4935,13628,4427
4964,13433,4426
4876,13691.5,4426
4972,13181,4423
4957,13496,4421
4909,13715,4419
4973,13496.5,4412
4931,13576,4407
4952,13622,4406
4925,13369,4405
4919,13408,4402
5006,13790,4397
4960,13892.5,4394
4962,13478,4393
4928,13431.5,4390
4945,13323.5,4388
5043,13741,4387
4939,13668,4387
4967,13642.5,4386
4961,13446,4385
4988,13515.5,4380
4958,13596,4378
4951,13976,4377
4970,13516,4377
4977,13526,4374
4980,13760,4371
4954,13612.5,4366
4985,14004,4353
4968,13346,4349
4993,13863,4349
4984,13906,4341
4987,13927,4341
4971,13343,4339
5094,13846,4333
4976,13858,4331
4990,13672,4331
5022,13594,4327
4963,13143,4327
4986,13731.5,4324
4982,13531,4311
4955,13431,4309
5021,13673,4305
5032,13437.5,4302
5007,13445.5,4294
4989,13732.5,4292
5008,13821.5,4288
5014,14049,4287
4969,13564.5,4286
4978,13540,4285
4998,13962,4284
5033,13681.5,4284
4974,13858,4283